bar_b_target,seed,method,balancedness_est,all_mse,related_mse,outlier_mse,selected_q
5,1,DP,5.0,0.04859415500159106,0.007266145424440215,0.08992216457874191,
5,1,ITL,5.0,0.020196611331126758,0.005676101791683895,0.034717120870569614,
5,1,ARMUL,5.0,0.031615609272814205,0.00681963622302085,0.05641158232260756,0.1
5,1,OURS,5.0,0.006499761964059392,0.005374106327034385,0.0076254176010844,0.1
5,11,DP,5.0,0.04235132256362017,0.0023069812429983667,0.08239566388424197,
5,11,ITL,5.0,0.021224645384852126,0.004054090219825526,0.03839520054987872,
5,11,ARMUL,5.0,0.03478448142018676,0.002023797521202951,0.06754516531917057,0.1
5,11,OURS,5.0,0.00977683770214411,0.009945419573459686,0.009608255830828534,0.1
5,21,DP,5.0,0.04822344935170795,0.002856647062803629,0.09359025164061226,
5,21,ITL,5.0,0.01805294053044783,0.0032655593907148133,0.03284032167018085,
5,21,ARMUL,5.0,0.027739599906572873,0.002096133271360668,0.05338306654178507,0.1
5,21,OURS,5.0,0.009913632664225397,0.007484222979675349,0.012343042348775445,0.1
5,31,DP,5.0,0.027787900366158514,0.0007104045883923609,0.054865396143924675,
5,31,ITL,5.0,0.014760755705109253,0.006330804229936514,0.023190707180281992,
5,31,ARMUL,5.0,0.01991405351884281,0.0007502375428115605,0.03907786949487406,0.1
5,31,OURS,5.0,0.008061352347351761,0.007272463344460214,0.00885024135024331,0.1
5,41,DP,5.0,0.05921115278152447,0.003088202366804913,0.11533410319624406,
5,41,ITL,5.0,0.026372850161574667,0.0018190640695131904,0.05092663625363613,
5,41,ARMUL,5.0,0.04157420850040607,0.00249633023921839,0.08065208676159376,0.1
5,41,OURS,5.0,0.004937698169029753,0.00402828895344488,0.005847107384614627,0.1
5,51,DP,5.0,0.026935766584721257,0.0024047811811296013,0.05146675198831292,
5,51,ITL,5.0,0.014517628653188851,0.008450462867810333,0.02058479443856737,
5,51,ARMUL,5.0,0.02018250029201583,0.002767900015229406,0.03759710056880225,0.1
5,51,OURS,5.0,0.004171947360597732,0.002225941072234788,0.006117953648960677,0.1
5,61,DP,5.0,0.026738972055031045,0.005259417566716805,0.04821852654334528,
5,61,ITL,5.0,0.015278358381817047,0.010821819216944074,0.01973489754669002,
5,61,ARMUL,5.0,0.01843545227668605,0.005932034881881514,0.030938869671490586,0.1
5,61,OURS,5.0,0.009099776365370777,0.008080763005776953,0.0101187897249646,0.1
5,71,DP,5.0,0.036382800416921234,0.0031274124979725065,0.06963818833586996,
5,71,ITL,5.0,0.016223301399687803,0.0017314009494284687,0.030715201849947138,
5,71,ARMUL,5.0,0.027326088812034688,0.002803468804770377,0.05184870881929899,0.1
5,71,OURS,5.0,0.007732369205577747,0.0062486308919753215,0.009216107519180174,0.1
5,81,DP,5.0,0.035573527070699426,0.0002282353445215779,0.07091881879687727,
5,81,ITL,5.0,0.01745648411958955,0.003020767986371282,0.03189220025280782,
5,81,ARMUL,5.0,0.025087638347941244,0.00021420944895414899,0.04996106724692835,0.1
5,81,OURS,5.0,0.005483524139565106,0.004077559247779025,0.006889489031351183,0.1
5,91,DP,5.0,0.022434343033198575,0.0011222786537720265,0.04374640741262512,
5,91,ITL,5.0,0.010807950972545055,0.0036797628284204924,0.01793613911666962,
5,91,ARMUL,5.0,0.015473427107354259,0.0011196137363205553,0.029827240478387963,0.1
5,91,OURS,5.0,0.004463612839420617,0.0023026813822545843,0.00662454429658665,0.1
5,101,DP,5.0,0.03936292730312561,0.0021957700073789665,0.07653008459887226,
5,101,ITL,5.0,0.01930680209010532,0.0039668723694852295,0.03464673181072541,
5,101,ARMUL,5.0,0.02967556400140703,0.0020682149296223427,0.057282913073191714,0.1
5,101,OURS,5.0,0.007600842853323877,0.007360800894567869,0.007840884812079885,0.1
5,111,DP,5.0,0.04203974925772843,0.0012961821430859742,0.08278331637237088,
5,111,ITL,5.0,0.017438597335148395,0.003113335234599947,0.03176385943569684,
5,111,ARMUL,5.0,0.026056966569419474,0.0008846765672057653,0.051229256571633186,0.1
5,111,OURS,5.0,0.0069793793337465035,0.006291194586375238,0.0076675640811177705,0.1
5,121,DP,5.0,0.04586416190666521,0.0003185014294614562,0.09140982238386895,
5,121,ITL,5.0,0.025234574881915845,0.0033920932345189825,0.04707705652931272,
5,121,ARMUL,5.0,0.03408503892482637,0.0002154470218094251,0.06795463082784332,0.1
5,121,OURS,5.0,0.009601677792507918,0.006363322542279299,0.012840033042736539,0.1
5,131,DP,5.0,0.020603083690518564,0.005146161450348829,0.036060005930688296,
5,131,ITL,5.0,0.011561002864861234,0.008454974669006497,0.014667031060715971,
5,131,ARMUL,5.0,0.015095020280950135,0.005316258495992115,0.024873782065908158,0.1
5,131,OURS,5.0,0.006621097458818889,0.008488020006891058,0.004754174910746719,0.1
5,141,DP,5.0,0.03541175732783291,0.0008207576696451819,0.07000275698602063,
5,141,ITL,5.0,0.018049783921597062,0.0017143394021349493,0.03438522844105918,
5,141,ARMUL,5.0,0.026381782447013054,0.0006153514949312909,0.052148213399094805,0.1
5,141,OURS,5.0,0.00704552775799389,0.006390333764040821,0.007700721751946964,0.1
5,151,DP,5.0,0.04181738161780128,0.0015651182605209513,0.08206964497508162,
5,151,ITL,5.0,0.017928915514598742,0.004379740576711677,0.0314780904524858,
5,151,ARMUL,5.0,0.02789141748442835,0.0011792283816213138,0.05460360658723539,0.1
5,151,OURS,5.0,0.009311392645456034,0.009433417386611586,0.009189367904300486,0.1
5,161,DP,5.0,0.02539957011071595,0.0005774783481131844,0.05022166187331871,
5,161,ITL,5.0,0.013667994006681582,0.0026965364912442773,0.02463945152211888,
5,161,ARMUL,5.0,0.020034203915027738,0.0005210901314668538,0.03954731769858862,0.1
5,161,OURS,5.0,0.008212458596096163,0.004188028861655921,0.012236888330536402,0.1
5,171,DP,5.0,0.036378386237743386,0.0013934256160858772,0.07136334685940089,
5,171,ITL,5.0,0.01654053137700284,0.004845384424630653,0.028235678329375017,
5,171,ARMUL,5.0,0.024371607795548478,0.001283290886662267,0.04745992470443469,0.1
5,171,OURS,5.0,0.006836143236681496,0.0092929311687583,0.004379355304604692,0.1
5,181,DP,5.0,0.03654145699224312,0.0030465794349843612,0.07003633454950187,
5,181,ITL,5.0,0.022024384009816815,0.010276169513425894,0.03377259850620774,
5,181,ARMUL,5.0,0.0262157068856898,0.0035232241868131953,0.04890818958456641,0.1
5,181,OURS,5.0,0.010360639056806262,0.01177804723442945,0.008943230879183073,0.1
5,191,DP,5.0,0.024191914656427196,0.0008126308087442811,0.047571198504110124,
5,191,ITL,5.0,0.01218009187912301,0.0023667227117099977,0.021993461046536024,
5,191,ARMUL,5.0,0.020811916185685606,0.0007532057559837206,0.04087062661538748,0.1
5,191,OURS,5.0,0.006247480453430266,0.005393928871507431,0.007101032035353102,0.1
5,201,DP,5.0,0.02891941203856935,0.002598910073217059,0.055239914003921635,
5,201,ITL,5.0,0.013007217771881718,0.0030781883804835925,0.022936247163279844,
5,201,ARMUL,5.0,0.022742289101467167,0.0024159948277428663,0.04306858337519147,0.1
5,201,OURS,5.0,0.006740256102849882,0.0068682647349171755,0.00661224747078259,0.1
5,211,DP,5.0,0.033445547047431995,0.0005643723604083005,0.06632672173445568,
5,211,ITL,5.0,0.016900362067384028,0.0030326141040981345,0.030768110030669916,
5,211,ARMUL,5.0,0.025583864053526487,0.0004573568325696351,0.05071037127448335,0.1
5,211,OURS,5.0,0.007397233063087773,0.004952910278057655,0.00984155584811789,0.1
5,221,DP,5.0,0.046941716340977734,0.0017834595953840867,0.0920999730865714,
5,221,ITL,5.0,0.023144089289989154,0.004534098735530368,0.04175407984444793,
5,221,ARMUL,5.0,0.03263482643090157,0.0015856668185435972,0.06368398604325956,0.1
5,221,OURS,5.0,0.009545618743761239,0.007117663573708367,0.011973573913814109,0.1
5,231,DP,5.0,0.04555370587084434,0.004200904088685532,0.08690650765300316,
5,231,ITL,5.0,0.01952862638316577,0.003922702176877495,0.03513455058945405,
5,231,ARMUL,5.0,0.03192545746941989,0.0038270710594792705,0.060023843879360494,0.1
5,231,OURS,5.0,0.0068158481719812,0.0073373760796508845,0.0062943202643115145,0.1
5,241,DP,5.0,0.02752176988982566,0.002653549994211404,0.05238998978543991,
5,241,ITL,5.0,0.014379072356506461,0.003792648631937782,0.024965496081075143,
5,241,ARMUL,5.0,0.019573775701302552,0.0022079272686840816,0.036939624133921024,0.1
5,241,OURS,5.0,0.011048107815311358,0.010481274265842588,0.011614941364780133,0.1
5,251,DP,5.0,0.03886191817046183,0.002090970193015444,0.07563286614790822,
5,251,ITL,5.0,0.01670767997731929,0.003117998629746286,0.030297361324892292,
5,251,ARMUL,5.0,0.02568479229548102,0.001877585655299343,0.04949199893566268,0.1
5,251,OURS,5.0,0.00503900231658704,0.005462556237462609,0.004615448395711471,0.1
5,261,DP,5.0,0.03092299093407724,0.0028886825975534217,0.05895729927060106,
5,261,ITL,5.0,0.015878488667392963,0.002050127234953706,0.029706850099832226,
5,261,ARMUL,5.0,0.026144239102845836,0.0028187964178703383,0.04946968178782133,0.1
5,261,OURS,5.0,0.006116955916109165,0.003345338167508308,0.008888573664710025,0.1
5,271,DP,5.0,0.037763994971208,0.002847924096687584,0.07268006584572842,
5,271,ITL,5.0,0.021046847377539857,0.006392088418736707,0.03570160633634301,
5,271,ARMUL,5.0,0.02949804638193145,0.002996118649997546,0.05599997411386536,0.1
5,271,OURS,5.0,0.00797065780874034,0.005861179786022766,0.010080135831457913,0.1
5,281,DP,5.0,0.033942528303082205,0.0003281679053939977,0.06755688870077042,
5,281,ITL,5.0,0.01617120749150139,0.002943483538005145,0.029398931444997643,
5,281,ARMUL,5.0,0.02474075107780827,0.0002843382316828412,0.0491971639239337,0.1
5,281,OURS,5.0,0.0059463602906584725,0.006086393395370891,0.005806327185946053,0.1
5,291,DP,5.0,0.039674217318518945,0.0012401366198628969,0.07810829801717498,
5,291,ITL,5.0,0.018060302904401436,0.0023745190206694005,0.03374608678813347,
5,291,ARMUL,5.0,0.029440736227630163,0.0009195288988383374,0.057961943556421994,0.1
5,291,OURS,5.0,0.006095140088174928,0.004832743854265271,0.007357536322084587,0.1
10,1,DP,9.999999999999991,0.07016388939949783,0.0037204703170231864,0.13660730848197247,
10,1,ITL,9.999999999999991,0.05173448782269605,0.005212686070913453,0.09825628957447863,
10,1,ARMUL,9.999999999999991,0.063046919336127,0.0035947472399430434,0.12249909143231097,0.1
10,1,OURS,9.999999999999991,0.05761932999564192,0.013515512881590077,0.10172314710969378,1.0
10,11,DP,9.999999999999995,0.07820726459553758,0.005645402234913458,0.1507691269561617,
10,11,ITL,9.999999999999995,0.051268850110533296,0.004818838644821561,0.09771886157624503,
10,11,ARMUL,9.999999999999995,0.06047628070323669,0.005045531026873193,0.11590703037960019,0.1
10,11,OURS,9.999999999999995,0.06811311896100197,0.029629674568066727,0.10659656335393722,1.0
10,21,DP,9.999999999999995,0.08288662594675192,0.006197172413881192,0.15957607947962266,
10,21,ITL,9.999999999999995,0.05519505507542185,0.006520648564963412,0.10386946158588024,
10,21,ARMUL,9.999999999999995,0.06704216371728457,0.005738504158801101,0.12834582327576802,0.1
10,21,OURS,9.999999999999995,0.06738513299817274,0.021995404902718688,0.11277486109362679,1.0
10,31,DP,9.999999999999993,0.06342193682975816,0.003206596559063935,0.1236372771004524,
10,31,ITL,9.999999999999993,0.05319998180778687,0.009011680922356519,0.0973882826932172,
10,31,ARMUL,9.999999999999993,0.05893855653457565,0.0032984371395643588,0.11457867592958694,0.1
10,31,OURS,9.999999999999993,0.05987309173505546,0.020668643941340967,0.09907753952876995,8.0
10,41,DP,9.999999999999996,0.06487149131750417,0.0035112658611656604,0.12623171677384268,
10,41,ITL,9.999999999999996,0.0495249543212433,0.005049326847805118,0.09400058179468149,
10,41,ARMUL,9.999999999999996,0.056291757243103716,0.0033217211117394056,0.10926179337446802,0.1
10,41,OURS,9.999999999999996,0.0549059495044495,0.0159490105016147,0.0938628885072843,1.0
10,51,DP,9.999999999999993,0.0601087811031513,0.004454092290464837,0.1157634699158378,
10,51,ITL,9.999999999999993,0.045024962034698704,0.005436382690473169,0.08461354137892424,
10,51,ARMUL,9.999999999999993,0.05312615188204096,0.00417097878554316,0.10208132497853875,0.1
10,51,OURS,9.999999999999993,0.05695935508116908,0.02532116417223844,0.08859754599009972,1.0
10,61,DP,9.999999999999991,0.09550631293876417,0.006983182347989282,0.18402944352953907,
10,61,ITL,9.999999999999991,0.06038014454657274,0.005126524267891372,0.11563376482525412,
10,61,ARMUL,9.999999999999991,0.0738854719234037,0.006223793067157913,0.1415471507796495,0.1
10,61,OURS,9.999999999999991,0.07343316084454934,0.028890746423461202,0.11797557526563748,1.0
10,71,DP,9.999999999999991,0.10062029701570926,0.003546133083437452,0.19769446094798104,
10,71,ITL,9.999999999999991,0.0675610435813992,0.006974711669208516,0.1281473754935899,
10,71,ARMUL,9.999999999999991,0.07524381169315929,0.003233378825426105,0.1472542445608925,0.1
10,71,OURS,9.999999999999991,0.06958025431853043,0.03051451398846804,0.10864599464859281,1.0
10,81,DP,10.0,0.0631950844184948,0.006687905838618696,0.11970226299837095,
10,81,ITL,10.0,0.05201787997873844,0.010307128094285896,0.093728631863191,
10,81,ARMUL,10.0,0.05735997433023207,0.006954565877233354,0.1077653827832308,0.1
10,81,OURS,10.0,0.058230973656353255,0.01193119592259709,0.10453075139010942,8.0
10,91,DP,9.999999999999993,0.08685899734999782,0.004711998602759062,0.16900599609723652,
10,91,ITL,9.999999999999993,0.05780780540780715,0.006422482306076734,0.10919312850953757,
10,91,ARMUL,9.999999999999993,0.06853094803082531,0.00428159996422966,0.13278029609742098,0.1
10,91,OURS,9.999999999999993,0.06398608228537492,0.021195163310842823,0.10677700125990701,1.0
10,101,DP,10.0,0.07747112147667505,0.004767055319273781,0.1501751876340763,
10,101,ITL,10.0,0.053420350192764976,0.004977740966086413,0.10186295941944352,
10,101,ARMUL,10.0,0.06562928634698428,0.004416861300227283,0.12684171139374129,0.1
10,101,OURS,10.0,0.07082570789849077,0.018304457679112474,0.12334695811786905,16.0
10,111,DP,9.999999999999998,0.08261339938224342,0.005787445479816386,0.1594393532846705,
10,111,ITL,9.999999999999998,0.054373419190538244,0.004981719311467084,0.1037651190696094,
10,111,ARMUL,9.999999999999998,0.06698789099863266,0.005239064347026787,0.12873671765023853,0.1
10,111,OURS,9.999999999999998,0.06521945204765381,0.025222779396752784,0.10521612469855483,1.0
10,121,DP,9.999999999999996,0.07868347637858063,0.004113897515784558,0.1532530552413767,
10,121,ITL,9.999999999999996,0.055283206737056396,0.006752299907658156,0.10381411356645465,
10,121,ARMUL,9.999999999999996,0.06684359426898212,0.003787109022689642,0.1299000795152746,0.1
10,121,OURS,9.999999999999996,0.06438684733509019,0.01745525238033529,0.11131844228984508,1.0
10,131,DP,10.0,0.06917512546985932,0.0040080974750389175,0.1343421534646797,
10,131,ITL,10.0,0.05106574271101714,0.005932724679394251,0.09619876074264001,
10,131,ARMUL,10.0,0.060486227988075986,0.003839547851054389,0.11713290812509759,0.1
10,131,OURS,10.0,0.06368449904660706,0.014978061065326882,0.11239093702788723,16.0
10,141,DP,9.999999999999993,0.09164649699896152,0.006884603489387946,0.17640839050853507,
10,141,ITL,9.999999999999993,0.060669163117504116,0.005503314011827151,0.11583501222318109,
10,141,ARMUL,9.999999999999993,0.07538056172970761,0.0062605987881315,0.14450052467128374,0.1
10,141,OURS,9.999999999999993,0.07023515934143988,0.026009446515878602,0.11446087216700114,1.0
10,151,DP,9.999999999999995,0.05868126097564096,0.004273089303164578,0.11308943264811737,
10,151,ITL,9.999999999999995,0.04759891941546143,0.004995207447761254,0.0902026313831616,
10,151,ARMUL,9.999999999999995,0.05519264690508676,0.00410974755150296,0.10627554625867054,0.1
10,151,OURS,9.999999999999995,0.05484306348334583,0.014385501488048435,0.09530062547864324,16.0
10,161,DP,9.999999999999996,0.07341014618376325,0.003870214426939725,0.14295007794058676,
10,161,ITL,9.999999999999996,0.05249904735389359,0.006452180978253982,0.0985459137295332,
10,161,ARMUL,9.999999999999996,0.061010965356263214,0.003643391623851291,0.11837853908867514,0.1
10,161,OURS,9.999999999999996,0.06000958718740546,0.018259031059861573,0.10176014331494936,1.0
10,171,DP,9.999999999999998,0.08188692143443302,0.0039589610596905255,0.1598148818091755,
10,171,ITL,9.999999999999998,0.05719524732075938,0.011597398876545019,0.10279309576497375,
10,171,ARMUL,9.999999999999998,0.06065945536833239,0.004616647563771371,0.11670226317289342,0.1
10,171,OURS,9.999999999999998,0.056631036588420176,0.014544724613097663,0.09871734856374269,1.0
10,181,DP,9.999999999999995,0.0644851740799553,0.0031188321143185284,0.12585151604559208,
10,181,ITL,9.999999999999995,0.04871789232094303,0.0064525954215580925,0.09098318922032796,
10,181,ARMUL,9.999999999999995,0.054194200280033133,0.003068440791274181,0.10531995976879209,0.1
10,181,OURS,9.999999999999995,0.05650576824521928,0.015247934266960366,0.09776360222347819,1.0
10,191,DP,9.999999999999991,0.07325592637979321,0.005650244552876893,0.14086160820670954,
10,191,ITL,9.999999999999991,0.054373751836759805,0.005304177141754771,0.10344332653176483,
10,191,ARMUL,9.999999999999991,0.06554096316472713,0.0053529709171048065,0.12572895541234944,0.1
10,191,OURS,9.999999999999991,0.06832127607739717,0.01378491948600271,0.12285763266879161,16.0
10,201,DP,9.999999999999995,0.06624383607386487,0.003738578627652861,0.12874909352007685,
10,201,ITL,9.999999999999995,0.04888642856697506,0.005414036304354115,0.092358820829596,
10,201,ARMUL,9.999999999999995,0.05604827987406837,0.003460756196835135,0.10863580355130165,0.1
10,201,OURS,9.999999999999995,0.055918002225288393,0.021822440634804492,0.09001356381577227,1.0
10,211,DP,9.999999999999995,0.08002076775718954,0.004989590588767506,0.15505194492561158,
10,211,ITL,9.999999999999995,0.05382648195688017,0.006324737161198168,0.10132822675256216,
10,211,ARMUL,9.999999999999995,0.06508698007445114,0.004504159879384504,0.1256698002695178,0.1
10,211,OURS,9.999999999999995,0.06178865967084933,0.018195398824008013,0.10538192051769066,1.0
10,221,DP,9.999999999999991,0.06963506019541586,0.004434807175033046,0.13483531321579867,
10,221,ITL,9.999999999999991,0.051086917661775956,0.006975121158506665,0.09519871416504526,
10,221,ARMUL,9.999999999999991,0.06070628903737172,0.0038395071540909048,0.11757307092065257,0.1
10,221,OURS,9.999999999999991,0.0634190622608085,0.011546674064782133,0.11529145045683485,16.0
10,231,DP,9.999999999999995,0.08393875698940519,0.004026677972281372,0.16385083600652903,
10,231,ITL,9.999999999999995,0.06097823179955518,0.009534043217997695,0.11242242038111265,
10,231,ARMUL,9.999999999999995,0.06713523884363475,0.004462665022567142,0.12980781266470234,0.1
10,231,OURS,9.999999999999995,0.057755636500665994,0.011290151317534983,0.10422112168379702,1.0
10,241,DP,9.999999999999998,0.08861878223342533,0.005314053894788149,0.17192351057206248,
10,241,ITL,9.999999999999998,0.06122680077901294,0.005035690019389512,0.1174179115386364,
10,241,ARMUL,9.999999999999998,0.07464619435978577,0.00490352673129647,0.14438886198827505,0.1
10,241,OURS,9.999999999999998,0.06833517105616484,0.021313752744213578,0.11535658936811612,1.0
10,251,DP,9.999999999999995,0.07838473464600208,0.004953883590702027,0.15181558570130213,
10,251,ITL,9.999999999999995,0.05498364240215049,0.005512913212237736,0.10445437159206325,
10,251,ARMUL,9.999999999999995,0.06790249310121821,0.004574549754977203,0.13123043644745921,0.1
10,251,OURS,9.999999999999995,0.0672081101768833,0.022859529982060284,0.11155669037170632,1.0
10,261,DP,9.999999999999993,0.06048919569577045,0.0040545590071462655,0.11692383238439463,
10,261,ITL,9.999999999999993,0.04737371480822126,0.005374069333785319,0.0893733602826572,
10,261,ARMUL,9.999999999999993,0.054589824352858314,0.003975505095720195,0.10520414360999641,0.1
10,261,OURS,9.999999999999993,0.056532577021716796,0.012371163065111747,0.10069399097832184,16.0
10,271,DP,9.999999999999993,0.08543563412033542,0.0068379195834227455,0.1640333486572481,
10,271,ITL,9.999999999999993,0.055637613834504496,0.004828143462717973,0.10644708420629101,
10,271,ARMUL,9.999999999999993,0.06988478598153491,0.006168010204295774,0.13360156175877405,0.1
10,271,OURS,9.999999999999993,0.06618151702406556,0.028110218687729397,0.10425281536040176,1.0
10,281,DP,9.999999999999991,0.06710577785883198,0.003111652313166478,0.1310999034044975,
10,281,ITL,9.999999999999991,0.053023177209455,0.007162982287160374,0.09888337213174964,
10,281,ARMUL,9.999999999999991,0.05937554092180812,0.003152684245935564,0.11559839759768066,0.1
10,281,OURS,9.999999999999991,0.05233712757509297,0.012307933936873926,0.09236632121331198,1.0
10,291,DP,9.999999999999995,0.07890795400057807,0.0071703366877344165,0.15064557131342174,
10,291,ITL,9.999999999999995,0.05196560399609993,0.005315267628427035,0.09861594036377283,
10,291,ARMUL,9.999999999999995,0.06288592173433352,0.006474464075924474,0.11929737939274258,0.1
10,291,OURS,9.999999999999995,0.06209867624274873,0.025169259520841453,0.09902809296465602,1.0
15,1,DP,14.999999999999996,0.0838388182837609,0.004769304348264104,0.16290833221925766,
15,1,ITL,14.999999999999996,0.06689649665028004,0.014782813826738031,0.11901017947382204,
15,1,ARMUL,14.999999999999996,0.06896456456448051,0.005354611712670119,0.1325745174162909,0.1
15,1,OURS,14.999999999999996,0.06717480905191217,0.023681201393014634,0.11066841671080972,1.0
15,11,DP,15.000000000000012,0.08665446789308318,0.004493256022011196,0.16881567976415515,
15,11,ITL,15.000000000000012,0.06261661772754802,0.006598940050195946,0.1186342954049001,
15,11,ARMUL,15.000000000000012,0.07091508885263965,0.004142975909113629,0.13768720179616567,0.1
15,11,OURS,15.000000000000012,0.07205048056667165,0.031033387421148667,0.11306757371219461,1.0
15,21,DP,15.000000000000016,0.08652695964414259,0.003838777880622624,0.16921514140766256,
15,21,ITL,15.000000000000016,0.06828628926524628,0.0087346009796463,0.12783797755084628,
15,21,ARMUL,15.000000000000016,0.07692691504534378,0.003940008066526419,0.14991382202416118,0.1
15,21,OURS,15.000000000000016,0.07314441898444103,0.01093833468457471,0.13535050328430737,16.0
15,31,DP,15.000000000000007,0.07956594242805308,0.004088488209693844,0.1550433966464123,
15,31,ITL,15.000000000000007,0.062250345269602256,0.008042282841972271,0.11645840769723226,
15,31,ARMUL,15.000000000000007,0.06931000386031806,0.004238465654024389,0.13438154206661174,0.1
15,31,OURS,15.000000000000007,0.06787491035810306,0.014491412840629323,0.12125840787557678,16.0
15,41,DP,15.0,0.08023537441005484,0.004205354314549562,0.15626539450556012,
15,41,ITL,15.0,0.0614943805262139,0.0073940099931886815,0.11559475105923911,
15,41,ARMUL,15.0,0.06975638541571583,0.004079759575461164,0.13543301125597051,0.1
15,41,OURS,15.0,0.06589393765116801,0.020167371492721905,0.1116205038096141,1.0
15,51,DP,15.00000000000002,0.09334417681314361,0.0036228521193738773,0.18306550150691334,
15,51,ITL,15.00000000000002,0.06845896978726634,0.006923556188404778,0.1299943833861279,
15,51,ARMUL,15.00000000000002,0.07650940284437431,0.003718378934703067,0.14930042675404556,0.1
15,51,OURS,15.00000000000002,0.0710769845996435,0.017115800083875275,0.1250381691154117,1.0
15,61,DP,15.00000000000002,0.0799929511088682,0.003908628247177905,0.15607727397055846,
15,61,ITL,15.00000000000002,0.06237776548668532,0.007815290174354143,0.1169402407990165,
15,61,ARMUL,15.00000000000002,0.06924359293164113,0.003917931976107598,0.13456925388717467,0.1
15,61,OURS,15.00000000000002,0.06400388564118269,0.01829292261735259,0.1097148486650128,1.0
15,71,DP,14.999999999999996,0.07651693405016773,0.006282077931689306,0.14675179016864612,
15,71,ITL,14.999999999999996,0.05756199102159041,0.0065473289488335185,0.10857665309434728,
15,71,ARMUL,14.999999999999996,0.06754847015597865,0.005824609374210492,0.12927233093774682,0.1
15,71,OURS,14.999999999999996,0.07372196398056681,0.017278493018095926,0.1301654349430377,16.0
15,81,DP,15.0,0.08022795529208399,0.005246870584270746,0.1552090399998972,
15,81,ITL,15.0,0.06291273756639588,0.008771281410217416,0.11705419372257438,
15,81,ARMUL,15.0,0.07344457392083789,0.00528163504745528,0.1416075127942205,0.1
15,81,OURS,15.0,0.06840021189940966,0.020706468047055962,0.11609395575176334,1.0
15,91,DP,15.000000000000016,0.06932352737897031,0.005124258389004866,0.13352279636893571,
15,91,ITL,15.000000000000016,0.05606287673560036,0.005234385432162059,0.10689136803903866,
15,91,ARMUL,15.000000000000016,0.06490944433765666,0.004967162688976326,0.12485172598633701,0.1
15,91,OURS,15.000000000000016,0.0586022021403066,0.01695584926042171,0.1002485550201915,1.0
15,101,DP,15.0,0.06891634232385824,0.004731760884816427,0.13310092376290006,
15,101,ITL,15.0,0.0581790510427796,0.005556671515796392,0.11080143056976283,
15,101,ARMUL,15.0,0.06417764854567377,0.004595299108839855,0.12375999798250768,0.1
15,101,OURS,15.0,0.05979599853382918,0.019751210767453453,0.09984078630020489,1.0
15,111,DP,15.0,0.07594290283011518,0.003970865884246954,0.14791493977598338,
15,111,ITL,15.0,0.061646485669651134,0.0069849236830417305,0.11630804765626053,
15,111,ARMUL,15.0,0.06878526303892377,0.0039044531537263767,0.13366607292412114,0.1
15,111,OURS,15.0,0.060858845228213686,0.022581505669152055,0.09913618478727532,1.0
15,121,DP,15.000000000000009,0.07875166169669248,0.004117520660798157,0.15338580273258678,
15,121,ITL,15.000000000000009,0.0599415926064068,0.008241169374132874,0.11164201583868075,
15,121,ARMUL,15.000000000000009,0.06727579234247047,0.0040382095585322735,0.13051337512640868,0.1
15,121,OURS,15.000000000000009,0.05935922678308569,0.013471575209562454,0.10524687835660894,1.0
15,131,DP,15.0,0.09024557651464779,0.003789801815105699,0.17670135121418987,
15,131,ITL,15.0,0.05934155475453478,0.006724186626586864,0.11195892288248269,
15,131,ARMUL,15.0,0.06689923910925678,0.0037248555886560024,0.13007362262985755,0.1
15,131,OURS,15.0,0.0648088113522368,0.01976814526739701,0.10984947743707657,1.0
15,141,DP,15.0,0.08262072590648467,0.004417798752099779,0.16082365306086957,
15,141,ITL,15.0,0.06511717921233419,0.006737319486836627,0.12349703893783173,
15,141,ARMUL,15.0,0.07481074082171472,0.004226352358770696,0.14539512928465873,0.1
15,141,OURS,15.0,0.06739674747873577,0.022701003736122338,0.1120924912213492,1.0
15,151,DP,15.000000000000016,0.07810296024291528,0.005627898844911959,0.1505780216409186,
15,151,ITL,15.000000000000016,0.0612608072078684,0.006383503915073265,0.11613811050066354,
15,151,ARMUL,15.000000000000016,0.0700616222861551,0.0053366089479929355,0.13478663562431725,0.1
15,151,OURS,15.000000000000016,0.06508142171017336,0.023843170417286088,0.10631967300306064,1.0
15,161,DP,15.000000000000007,0.07452577699102565,0.003978172863068877,0.14507338111898244,
15,161,ITL,15.000000000000007,0.05844761240001455,0.008332862927122212,0.10856236187290688,
15,161,ARMUL,15.000000000000007,0.06666448474428305,0.003922357391611159,0.12940661209695495,0.1
15,161,OURS,15.000000000000007,0.058049178867436185,0.015677346165950044,0.10042101156892234,1.0
15,171,DP,15.0,0.08294722576060297,0.004814058236607407,0.1610803932845985,
15,171,ITL,15.0,0.06574437037223459,0.008308052947444819,0.12318068779702435,
15,171,ARMUL,15.0,0.06973085299068343,0.0049779415799400765,0.1344837644014268,0.1
15,171,OURS,15.0,0.06633337159395893,0.021250070605138657,0.11141667258277922,1.0
15,181,DP,15.000000000000012,0.0956225265516292,0.005835012949104197,0.1854100401541542,
15,181,ITL,15.000000000000012,0.06486060308570235,0.006594901501907302,0.1231263046694974,
15,181,ARMUL,15.000000000000012,0.07626246780615964,0.005265198615072148,0.14725973699724712,0.1
15,181,OURS,15.000000000000012,0.06998949810746283,0.02248694745953529,0.11749204875539036,1.0
15,191,DP,15.0,0.07945216111099394,0.004342705119828843,0.15456161710215904,
15,191,ITL,15.0,0.06080481429708442,0.009886677737587472,0.11172295085658135,
15,191,ARMUL,15.0,0.0694281823286863,0.004159059446672896,0.13469730521069972,0.1
15,191,OURS,15.0,0.0632230448770025,0.016831423357436134,0.10961466639656887,1.0
15,201,DP,15.000000000000012,0.09681587721589409,0.0042996149815192515,0.18933213945026892,
15,201,ITL,15.000000000000012,0.06707087566547563,0.006485329326045344,0.1276564220049059,
15,201,ARMUL,15.000000000000012,0.07647343668208208,0.004114972789404683,0.14883190057475948,0.1
15,201,OURS,15.000000000000012,0.06840721499683462,0.01898467519753002,0.11782975479613925,1.0
15,211,DP,15.000000000000007,0.07194659640763881,0.003959399820183278,0.13993379299509434,
15,211,ITL,15.000000000000007,0.05839831006362508,0.006659612262383894,0.11013700786486627,
15,211,ARMUL,15.000000000000007,0.06722985500611722,0.003954018702248671,0.13050569130998577,0.1
15,211,OURS,15.000000000000007,0.0678264208412586,0.013452974343258768,0.12219986733925842,16.0
15,221,DP,14.999999999999996,0.06619259115649513,0.004107594047649596,0.12827758826534066,
15,221,ITL,14.999999999999996,0.05880704372679579,0.006922043605069305,0.1106920438485223,
15,221,ARMUL,14.999999999999996,0.06336122151730321,0.0040856344370488375,0.12263680859755759,0.1
15,221,OURS,14.999999999999996,0.06193337528893746,0.010570895109338141,0.11329585546853675,16.0
15,231,DP,15.000000000000012,0.08014634367644642,0.005498260955389479,0.15479442639750335,
15,231,ITL,15.000000000000012,0.05917404277213468,0.006749784492781003,0.11159830105148835,
15,231,ARMUL,15.000000000000012,0.06689144123834277,0.005206675003169004,0.12857620747351653,0.1
15,231,OURS,15.000000000000012,0.06181972187070833,0.018672511779277753,0.10496693196213892,1.0
15,241,DP,15.0,0.10050317411500034,0.005167171505961952,0.19583917672403872,
15,241,ITL,15.0,0.06710975502998334,0.006008344639980892,0.1282111654199858,
15,241,ARMUL,15.0,0.07742399484517014,0.004633474522311487,0.15021451516802883,0.1
15,241,OURS,15.0,0.07117081686874803,0.02562897441818321,0.11671265931931288,1.0
15,251,DP,14.999999999999996,0.07873534760459898,0.004472011579538,0.15299868362965996,
15,251,ITL,14.999999999999996,0.06019180632640076,0.005715557580780135,0.11466805507202137,
15,251,ARMUL,14.999999999999996,0.06913731799575792,0.00425763128539415,0.13401700470612174,0.1
15,251,OURS,14.999999999999996,0.0681399756520014,0.020622734627575277,0.11565721667642753,1.0
15,261,DP,15.000000000000016,0.09137081367692503,0.004152087478423613,0.17858953987542642,
15,261,ITL,15.000000000000016,0.06441438508326547,0.006037399981459949,0.12279137018507098,
15,261,ARMUL,15.000000000000016,0.07380458755802309,0.004054563400224071,0.14355461171582207,0.1
15,261,OURS,15.000000000000016,0.07010951677486563,0.02092434176961704,0.11929469178011422,1.0
15,271,DP,15.000000000000016,0.07295658826670755,0.003693417660497476,0.1422197588729176,
15,271,ITL,15.000000000000016,0.058443360128555104,0.007900142322225332,0.10898657793488489,
15,271,ARMUL,15.000000000000016,0.0649014871866743,0.0036802100559664174,0.12612276431738217,0.1
15,271,OURS,15.000000000000016,0.059253527653110226,0.013860780366221643,0.10464627493999881,1.0
15,281,DP,15.000000000000016,0.07280110632281439,0.008303192170643271,0.1372990204749855,
15,281,ITL,15.000000000000016,0.06387688831050761,0.013332064820664968,0.11442171180035025,
15,281,ARMUL,15.000000000000016,0.06846535542694633,0.008619305067609141,0.1283114057862835,0.1
15,281,OURS,15.000000000000016,0.05854201834442322,0.00887856670162409,0.10820546998722234,1.0
15,291,DP,15.000000000000012,0.0776232258423907,0.005580167451068478,0.14966628423371292,
15,291,ITL,15.000000000000012,0.06486250942765466,0.010917790258258744,0.11880722859705058,
15,291,ARMUL,15.000000000000012,0.07077287418173211,0.00584094302088571,0.13570480534257853,0.1
15,291,OURS,15.000000000000012,0.06201115445269276,0.015813906695773393,0.1082084022096121,1.0
20,1,DP,20.0,0.05499724786861259,0.0026408741728522816,0.10735362156437293,
20,1,ITL,20.0,0.03913897175272362,0.012525615787958537,0.06575232771748869,
20,1,ARMUL,20.0,0.04040134815200165,0.003232886614664576,0.07756980968933874,0.1
20,1,OURS,20.0,0.04554109730588569,0.021272006540586377,0.06981018807118501,1.0
20,11,DP,19.999999999999982,0.0578425328411816,0.0022229622954932087,0.11346210338686998,
20,11,ITL,19.999999999999982,0.03498240831022395,0.00428068917047842,0.06568412744996949,
20,11,ARMUL,19.999999999999982,0.04282385388444208,0.0018943855137725262,0.08375332225511163,0.1
20,11,OURS,19.999999999999982,0.04872513785193942,0.0266851866845805,0.07076508901929836,1.0
20,21,DP,19.99999999999998,0.05745600737467771,0.0015985800008703232,0.11331343474848511,
20,21,ITL,19.99999999999998,0.04021418706214815,0.006472417091170166,0.07395595703312613,
20,21,ARMUL,19.99999999999998,0.04808731039143127,0.001692098595164965,0.09448252218769759,0.1
20,21,OURS,19.99999999999998,0.04706370523644155,0.004826281452105206,0.08930112902077791,16.0
20,31,DP,19.99999999999999,0.050568444977161384,0.001977558084549831,0.09915933186977294,
20,31,ITL,19.99999999999999,0.034525567495229496,0.005850217747048233,0.06320091724341076,
20,31,ARMUL,19.99999999999999,0.04060032105728128,0.0021208659621367075,0.07907977615242584,0.1
20,31,OURS,19.99999999999999,0.04100646211298648,0.0035795540067518434,0.07843337021922112,16.0
20,41,DP,20.0,0.05118373395886487,0.001858993590061483,0.10050847432766825,
20,41,ITL,20.0,0.033567224380284984,0.005081475638755411,0.06205297312181455,
20,41,ARMUL,20.0,0.04120451003376809,0.0017432928755946686,0.08066572719194152,0.1
20,41,OURS,20.0,0.04475016585769746,0.011063491733498312,0.07843683998189661,16.0
20,51,DP,19.999999999999975,0.06453964036875696,0.0014615732307824653,0.12761770750673146,
20,51,ITL,19.999999999999975,0.04117788013286118,0.004698751762736537,0.07765700850298582,
20,51,ARMUL,19.999999999999975,0.04865496709582377,0.0015473146037969748,0.09576261958785055,0.1
20,51,OURS,19.999999999999975,0.0499056318962318,0.015640558081748912,0.08417070571071468,1.0
20,61,DP,19.999999999999975,0.050772556669420384,0.0015466901017838766,0.0999984232370569,
20,61,ITL,19.999999999999975,0.03425842881065081,0.005441091486940719,0.0630757661343609,
20,61,ARMUL,19.999999999999975,0.04009588241061482,0.0015560058971869886,0.07863575892404265,0.1
20,61,OURS,19.999999999999975,0.041259463349785086,0.015284476300103577,0.0672344503994666,1.0
20,71,DP,20.0,0.04717197356594223,0.00368561786875597,0.09065832926312849,
20,71,ITL,20.0,0.02930680158028813,0.004033369454340824,0.05458023370623543,
20,71,ARMUL,20.0,0.03845712888910716,0.0032550620517382833,0.07365919572647604,0.1
20,71,OURS,20.0,0.04393091676205402,0.015855459998924216,0.07200637352518383,16.0
20,81,DP,20.0,0.05091088865081136,0.0029447789604683094,0.09887699834115439,
20,81,ITL,20.0,0.03468628248515063,0.006385282229957279,0.06298728274034397,
20,81,ARMUL,20.0,0.04463310618704172,0.002976083472960424,0.08629012890112303,0.1
20,81,OURS,20.0,0.04376188196520204,0.010081306939828071,0.077442456990576,16.0
20,91,DP,19.99999999999998,0.03973392917899643,0.002818823726794033,0.07664903463119882,
20,91,ITL,19.99999999999998,0.02779711039766771,0.00286203146952688,0.05273218932580855,
20,91,ARMUL,19.99999999999998,0.03569133640285597,0.0026687528376837443,0.06871391996802818,0.1
20,91,OURS,19.99999999999998,0.03743315035268469,0.01554487509661511,0.05932142560875429,1.0
20,101,DP,19.999999999999996,0.03943892012703648,0.0023369932514099158,0.07654084700266305,
20,101,ITL,19.999999999999996,0.029924727113872812,0.0031298862285852307,0.0567195679991604,
20,101,ARMUL,19.999999999999996,0.03498317698069908,0.002209968287557059,0.06775638567384111,0.1
20,101,OURS,19.999999999999996,0.040124151873619694,0.01792727444011273,0.06232102930712666,8.0
20,111,DP,20.0,0.04667019181232252,0.0016410512229709867,0.09169933240167405,
20,111,ITL,20.0,0.033648454656159094,0.004583227866891743,0.06271368144542644,
20,111,ARMUL,20.0,0.03997397234412436,0.0015731418315484027,0.07837480285670033,0.1
20,111,OURS,20.0,0.04023456810081304,0.018927619845041613,0.061541516356584475,16.0
20,121,DP,19.999999999999986,0.04945320146893973,0.0016706575730520323,0.09723574536482743,
20,121,ITL,19.999999999999986,0.03182333102413245,0.005889563580229529,0.057757098468035374,
20,121,ARMUL,19.999999999999986,0.03817393663355461,0.0015947464195911866,0.07475312684751803,0.1
20,121,OURS,19.999999999999986,0.037159611932313444,0.010211145788071077,0.0641080780765558,1.0
20,131,DP,19.999999999999996,0.061294279532544314,0.0015530616369468528,0.12103549742814178,
20,131,ITL,19.999999999999996,0.031795226353696325,0.0044429601490075035,0.05914749255838515,
20,131,ARMUL,19.999999999999996,0.03860326977504889,0.0014861613606453037,0.07572037818945249,0.1
20,131,OURS,19.999999999999996,0.04601438674763753,0.017677056921569654,0.07435171657370541,1.0
20,141,DP,19.999999999999996,0.053465586010859954,0.0021154350789048854,0.10481573694281501,
20,141,ITL,19.999999999999996,0.03750677616103775,0.0044056666248131725,0.07060788569726233,
20,141,ARMUL,19.999999999999996,0.04634207627990525,0.0019229542342230248,0.09076119832558746,0.1
20,141,OURS,19.999999999999996,0.04669683333406522,0.015666151450235855,0.07772751521789459,16.0
20,151,DP,19.99999999999998,0.04874296509312218,0.0032498496283225433,0.09423608055792182,
20,151,ITL,19.99999999999998,0.0331422704667761,0.003968927739912227,0.062315613193639964,
20,151,ARMUL,19.99999999999998,0.04143731491481267,0.0029762545907708765,0.07989837523885446,0.1
20,151,OURS,19.99999999999998,0.04768441003827572,0.016878365505491665,0.07849045457105977,16.0
20,161,DP,19.99999999999999,0.045181189700080636,0.0016196876826925907,0.0887426917174687,
20,161,ITL,19.99999999999999,0.03056925684608352,0.005974221069629153,0.05516429262253788,
20,161,ARMUL,19.99999999999999,0.03792688006852052,0.0015739438870528552,0.07427981624998817,0.1
20,161,OURS,19.99999999999999,0.03852490316193514,0.014371982474857907,0.06267782384901237,1.0
20,171,DP,20.0,0.05386054160600029,0.0026250210494396958,0.10509606216256089,
20,171,ITL,20.0,0.03753450331142623,0.006117950994289284,0.06895105562856318,
20,171,ARMUL,20.0,0.040783290748453174,0.0027739103421616077,0.07879267115474474,0.1
20,171,OURS,20.0,0.04835768923192235,0.02437917621324759,0.07233620225059713,16.0
20,181,DP,19.999999999999982,0.06676566011473133,0.003406687323217399,0.1301246329062452,
20,181,ITL,19.999999999999982,0.037379471811049995,0.004160059051056056,0.07059888457104393,
20,181,ARMUL,19.999999999999982,0.048145579849528504,0.002865123249743423,0.09342603644931359,0.1
20,181,OURS,19.999999999999982,0.05088789811497731,0.022275510321709126,0.07950028590824551,1.0
20,191,DP,20.0,0.05016687035257237,0.0019800311629367693,0.09835370954220796,
20,191,ITL,20.0,0.032809941541163894,0.007501688688904317,0.05811819439342347,
20,191,ARMUL,20.0,0.04076459923141522,0.0018095303037539024,0.07971966815907654,0.1
20,191,OURS,20.0,0.0409349222185394,0.014036004557593575,0.06783383987948524,1.0
20,201,DP,19.999999999999982,0.06814401692941012,0.001998306852498482,0.13428972700632175,
20,201,ITL,19.999999999999982,0.039566706993475344,0.004261215799966576,0.07487219818698412,
20,201,ARMUL,19.999999999999982,0.04845720833136295,0.0018265486756149855,0.09508786798711093,0.1
20,201,OURS,19.999999999999982,0.048169291945746616,0.017759060130929958,0.07857952376056325,1.0
20,211,DP,19.99999999999999,0.04255274288243321,0.0015572402786828976,0.08354824548618352,
20,211,ITL,19.99999999999999,0.030481595208932347,0.004235579517172254,0.05672761090069245,
20,211,ARMUL,19.99999999999999,0.038484118336104586,0.0015524284848644598,0.0754158081873447,0.1
20,211,OURS,19.99999999999999,0.03986223855382704,0.014646154153991911,0.06507832295366218,16.0
20,221,DP,20.0,0.03646173755282878,0.0016784967302638384,0.07124497837539372,
20,221,ITL,20.0,0.03021573707035739,0.004503818706157922,0.05592765543455685,
20,221,ARMUL,20.0,0.03388052442983118,0.0016570426142795273,0.06610400624538283,0.1
20,221,OURS,20.0,0.031216679372273168,0.00685028325104287,0.055583075493503456,16.0
20,231,DP,19.999999999999982,0.0508153468790215,0.0031173567181450655,0.09851333703989792,
20,231,ITL,19.999999999999982,0.030780942945010933,0.0042708707788048535,0.05729101511121703,
20,231,ARMUL,19.999999999999982,0.037731540157978236,0.002829464981808063,0.07263361533414842,0.1
20,231,OURS,19.999999999999982,0.03998435054953271,0.0176288427921273,0.06233985830693811,1.0
20,241,DP,20.0,0.07188560982713288,0.002834020505923901,0.14093719914834182,
20,241,ITL,20.0,0.03966086531176523,0.0037116364820559914,0.07561009414147447,
20,241,ARMUL,20.0,0.049154684484024325,0.0023157360820171956,0.09599363288603144,0.1
20,241,OURS,20.0,0.04951490045102021,0.022881590769792792,0.07614821013224762,1.0
20,251,DP,20.0,0.049648919716075046,0.0021446952844983813,0.09715314414765171,
20,251,ITL,20.0,0.03229370953377977,0.003360141971095459,0.06122727709646407,
20,251,ARMUL,20.0,0.04058575867174723,0.0019490452965908417,0.07922247204690361,0.1
20,251,OURS,20.0,0.04383025068331889,0.016007072388419395,0.0716534289782184,16.0
20,261,DP,19.99999999999998,0.062489323740163305,0.0017568879807203744,0.12322175949960622,
20,261,ITL,19.99999999999998,0.03702955976276277,0.003681830735270787,0.07037728879025476,
20,261,ARMUL,19.99999999999998,0.04552386399706978,0.0016711372468878971,0.08937659074725167,0.1
20,261,OURS,19.99999999999998,0.05000342565417599,0.018410476270665995,0.08159637503768596,1.0
20,271,DP,19.999999999999975,0.04352735716105206,0.0014292388503637527,0.08562547547174036,
20,271,ITL,19.999999999999975,0.030359335624181867,0.005683184227053094,0.05503548702131065,
20,271,ARMUL,19.999999999999975,0.03575046467297296,0.0014162951217149737,0.07008463422423095,0.1
20,271,OURS,19.999999999999975,0.039179375575756806,0.012063622881322861,0.06629512827019075,16.0
20,281,DP,19.99999999999998,0.043198072729835016,0.005988323574430097,0.08040782188523993,
20,281,ITL,19.99999999999998,0.03521369132160377,0.011012967464775692,0.05941441517843185,
20,281,ARMUL,19.99999999999998,0.03908952330342636,0.0062884755573335074,0.07189057104951922,0.1
20,281,OURS,19.99999999999998,0.03688112761350768,0.0033456686428254044,0.07041658658418998,16.0
20,291,DP,19.999999999999982,0.04839294572069936,0.0033289673668066904,0.09345692407459204,
20,291,ITL,19.999999999999982,0.03678642177482298,0.00867279869006327,0.06490004485958269,
20,291,ARMUL,19.999999999999982,0.04181539029217998,0.003577601899540602,0.08005317868481936,0.1
20,291,OURS,19.999999999999982,0.040563928487072264,0.008120984202566862,0.07300687277157764,16.0
