0x418700,0x28e837c85700
0x418776,0x28e837c87a00
0x418a82,0x28e837c85a82
0x418a43,0xfdfd3a8c7a00
0x418a2c,0xfdfd3a8d1340
0x418a2c,0xfdfd3a8d1380
0x4189ef,0xfdfd3a8c5a80
0x418a33,0xfdfd3a8c8b80
0x418abe,0x28e837c87c40
0x4189c3,0xfdfd3a8cbc80
0x418a43,0xfdfd3a8c7c40
0x418a43,0xfdfd3a8c7cc0
0x418abe,0x28e837c87cc0
0x418a82,0x28e837c87200
0x418dcc,0xfdfd3a8d25c0
0x418d9d,0xfdfd3a8c1c40
0x4190db,0xfdfd3a8d1c40
0x4190e8,0xfdfd3a8d6c00
0x419289,0xfdfd3a8dbd80
0x4191b9,0xfdfd3a8d2e80
0x419172,0xfdfd3a8d9f80
0x4190db,0xfdfd3a8d1e00
0x4191b9,0xfdfd3a8d2ec0
0x4192a2,0xfdfd3a8c3100
0x4179a9,0xfdfd3a8e5100
0x417b1c,0xfdfd3a8dbf40
0x417b11,0xfdfd3a8ec640
0x417b1c,0xfdfd3a8dc500
0x417a75,0xfdfd3a8ed7b8
0x417b1c,0xfdfd3a8ddc40
0x419f85,0xfdfd3a8d4f85
0x41a1c3,0xfdfd3a8f31c3
0x41a33b,0x28e837c87280
0x41a1c3,0xfdfd3a8f1e00
0x41a242,0xfdfd3a8f2e80
0x41a242,0xfdfd3a8f2ec0
0x41a1c3,0xfdfd3a8f5100
0x41a542,0xfdfd3a8f3542
0x417c43,0xfdfd3a8e1c43
0x417e28,0xfdfd3a8e01a8
0x418103,0x28e837c85103
0x418283,0xfdfd3a8c2740
0x418253,0xfdfd3a8c23c0
0x418236,0xfdfd3a8e08c0
0x41813d,0xfdfd3a8de500
0x418305,0x28e837c85305
0x4189c9,0xfdfd3a8ccda0
0x418a6b,0xfdfd3a8d0f80
0x418a00,0xfdfd3a8cdfc0
0x4189ef,0xfdfd3a8f9100
0x418a89,0xfdfd3a9010c0
0x417b1c,0xfdfd3a8e7a00
0x417b1c,0xfdfd3a8eb380
0x417b1c,0xfdfd3a8eb540
0x417b1c,0xfdfd3a903100
0x41a184,0xfdfd3a8f5240
0x417e37,0xfdfd3a8e0988
0x418144,0xfdfd3a8debc0
0x418325,0xfdfd3a8ded40
0x4183e4,0xfdfd3a8e0d40
0x4189d7,0xfdfd3a900180
0x418a89,0xfdfd3a901180
0x4189c3,0xfdfd3a8f6400
0x418a43,0xfdfd3a8fa4c0
0x4189c9,0xfdfd3a8fc500
0x418a00,0xfdfd3a8fe500
0x41916b,0xfdfd3a8d8980
0x417996,0xfdfd3a8e47c0
0x417b1c,0xfdfd3a8e7c40
0x417b1c,0xfdfd3a8e7cc0
0x417b11,0xfdfd3a8e98c0
0x417b1c,0xfdfd3a9023c0
0x417b11,0xfdfd3a8ecd80
0x417b11,0xfdfd3a8edfc0
0x417b11,0xfdfd3a905100
0x417b11,0xfdfd3a905300
0x41a242,0xfdfd3a8f4700
0x4189c3,0xfdfd3a8f6740
0x4189d7,0xfdfd3a9008c0
0x418a6b,0xfdfd3a8f8980
0x41916b,0xfdfd3a8d8fc0
0x417b11,0xfdfd3a8e8b80
0x417b1c,0xfdfd3a902740
0x417b1c,0xfdfd3a8ebc80
0x417b1c,0xfdfd3a90c1c0
0x417b11,0xfdfd3a905700
0x419b60,0xfdfd3a8f0988
0x418236,0xfdfd3a907200
0x418236,0xfdfd3a907280
0x418144,0xfdfd3a906380
0x4189d7,0xfdfd3a900980
0x4189c3,0xfdfd3a8f6c00
0x418a00,0xfdfd3a8febc0
0x418a54,0xfdfd3a8fdc40
0x418a89,0xfdfd3a901c40
0x417b11,0xfdfd3a90b380
0x417b11,0xfdfd3a90b540
0x417b11,0xfdfd3a9047c0
0x417b1c,0xfdfd3a90c640
0x417b11,0xfdfd3a905a80
0x419b68,0xfdfd3a8f0f80
0x41a242,0xfdfd3a8f4f80
0x418144,0xfdfd3a906580
0x4181c4,0xfdfd3a9098c0
0x418748,0xfdfd3a8fbd98
0x41871e,0xfdfd3a8fed58
0x4189d7,0xfdfd3a900d40
0x418a9a,0xfdfd3a8fbf40
0x4189ef,0xfdfd3a8f9f80
0x418a6b,0xfdfd3a8f8fc0
0x4189c3,0xfdfd3a915100
0x418a43,0xfdfd3a919100
0x41916b,0xfdfd3a90d780
0x417b1c,0xfdfd3a911340
0x417b1c,0xfdfd3a911380
0x41a21f,0xfdfd3a9131c0
0x418236,0xfdfd3a907a00
0x418283,0xfdfd3a908b80
0x418236,0xfdfd3a907c40
0x418236,0xfdfd3a907cc0
0x418a89,0xfdfd3a920180
0x4189c3,0xfdfd3a915240
0x418a17,0xfdfd3a916400
0x418a9a,0xfdfd3a91a4c0
0x418bc6,0xfdfd3a91c500
0x417996,0xfdfd3a90e800
0x417b11,0xfdfd3a910980
0x417b11,0xfdfd3a90bc80
0x417b1c,0xfdfd3a90cd80
0x417a87,0xfdfd3a9210c0
0x417b1c,0xfdfd3a921180
0x419b68,0xfdfd3a9125c0
0x419e43,0xfdfd3a913560
0x41a1c3,0xfdfd3a914700
0x418717,0xfdfd3a91e518
0x418a17,0xfdfd3a916740
0x418a89,0xfdfd3a9208c0
0x417b1c,0xfdfd3a9223c0
0x417b4a,0xfdfd3a910f80
0x417b1c,0xfdfd3a911c40
0x417b11,0xfdfd3a923100
0x41a557,0xfdfd3a913d00
0x417dae,0xfdfd3a925128
0x418283,0xfdfd3a927200
0x418283,0xfdfd3a927280
0x418144,0xfdfd3a925300
0x418236,0xfdfd3a926380
0x4189ef,0xfdfd3a918980
0x418a89,0xfdfd3a920980
0x418a17,0xfdfd3a916c00
0x418a33,0xfdfd3a91ebc0
0x418a54,0xfdfd3a91dc40
0x41916b,0xfdfd3a90dfc0
0x41916b,0xfdfd3a92c1c0
0x417b1c,0xfdfd3a922740
0x417b1c,0xfdfd3a911e00
0x417b1c,0xfdfd3a92b380
0x417b1c,0xfdfd3a92b540
0x417b11,0xfdfd3a9247c0
0x419b68,0xfdfd3a912e80
0x419b68,0xfdfd3a912ec0
0x41a1c3,0xfdfd3a914f80
0x418236,0xfdfd3a926580
0x418144,0xfdfd3a925700
0x418a33,0xfdfd3a91ed40
0x418a89,0xfdfd3a920d40
0x4189c9,0xfdfd3a91bd80
0x4189c9,0xfdfd3a91bf40
0x418a43,0xfdfd3a919f80
0x4189ef,0xfdfd3a918fc0
0x418a17,0xfdfd3a935100
0x418a9a,0xfdfd3a939100
0x41916b,0xfdfd3a92c640
0x417b1c,0xfdfd3a921c40
0x419b68,0xfdfd3a931340
0x419b68,0xfdfd3a931380
0x41a184,0xfdfd3a9331c0
0x418283,0xfdfd3a927a00
0x418144,0xfdfd3a925a80
0x4181c4,0xfdfd3a928b80
0x418283,0xfdfd3a927c40
0x418456,0xfdfd3a927cc0
0x418a17,0xfdfd3a935240
0x418a6b,0xfdfd3a936400
0x418b68,0xfdfd3a93a4c0
0x417996,0xfdfd3a92d780
0x417a87,0xfdfd3a9298c0
0x417b11,0xfdfd3a92e800
0x417b1c,0xfdfd3a940180
0x417b1c,0xfdfd3a92bc80
0x41a1c3,0xfdfd3a933540
0x41a242,0xfdfd3a9325c0
0x418a54,0xfdfd3a93c500
0x418a89,0xfdfd3a93e500
0x4189c3,0xfdfd3a934700
0x418a6b,0xfdfd3a936740
0x41916b,0xfdfd3a92cd80
0x417b1c,0xfdfd3a930980
0x417b11,0xfdfd3a9410c0
0x417b11,0xfdfd3a941180
0x419b68,0xfdfd3a931c40
0x4181c4,0x98f5690d5100
0x418236,0xa213218c1c0
0x4181c4,0x98f5690d5240
0x418144,0xa213218b380
0x418a43,0xfdfd3a938980
0x418a6b,0xfdfd3a936c00
0x418a89,0xfdfd3a93ebc0
0x418a33,0xfdfd3a93dc40
0x417996,0xfdfd3a92dfc0
0x417b1c,0xfdfd3a9408c0
0x417b1c,0xfdfd3a940980
0x417b1c,0x8ad3301be500
0x417b1c,0xa21321898c0
0x419b68,0xfdfd3a931e00
0x419dc9,0xfdfd3a933d00
0x41a242,0xfdfd3a932e80
0x41a242,0xfdfd3a932ec0
0x418144,0xa213218b540
0x418236,0xa213218c640
0x418283,0xa213218d780
0x418a89,0xfdfd3a93ed40
0x418a00,0xfdfd3a93bd80
0x4189c3,0xfdfd3a934f80
0x418a00,0xfdfd3a93bf40
0x418a9a,0xfdfd3a939f80
0x418a43,0xfdfd3a938fc0
0x417996,0x8ad3301c0180
0x417a75,0x8ad3301c10e8
0x417b11,0x8ad3301c1180
0x417a87,0x98f5690d6400
0x417b1c,0x98f5690d6740
0x417b11,0x8ad3301c23e0
0x417b1c,0xfdfd3a940d40
0x417a87,0xfdfd3a930f80
0x419b68,0x8ad3301c3100
0x41a184,0x8ad3301c5100
0x41a184,0x8ad3301c5300
0x41ad02,0xfdfd3a8f3d02
0x418a17,0x8ad3301c7200
0x4189c9,0x8ad3301cc1c0
0x418a17,0x8ad3301c7280
0x4189c3,0x8ad3301c6380
0x418a9a,0x8ad3301cb380
0x418a89,0x8ad3301d1340
0x418a89,0x8ad3301d1380
0x419700,0xfdfd3a8d4700
0x419760,0x8ad3301d3d00
0x419756,0xfdfd3a8e5300
0x419750,0xfdfd3a8e5700
0x419750,0xfdfd3a8e5a80
0x419760,0x8ad3301d4700
0x4196ab,0x8ad3301d5100
0x419750,0x8ad3301d5240
0x419760,0x8ad3301d4f80
0x419760,0x8ad3301d6400
0x419760,0x8ad3301d6740
0x419760,0x8ad3301d6c00
0x419760,0x8ad3301d8980
0x419750,0x8ad3301d9100
0x419760,0x8ad3301d8fc0
0x419760,0x8ad3301da4c0
0x419750,0x8ad3301d9f80
0x419760,0x8ad3301dc500
0x419750,0x8ad3301dbd80
0x419750,0x8ad3301dbf40
0x419760,0x8ad3301de500
0x419750,0x8ad3301ddc40
0x419760,0x8ad3301debc0
0x419760,0x8ad3301ded40
0x419760,0x8ad3301e0180
0x419760,0x8ad3301e08c0
0x419760,0x8ad3301e0980
0x419750,0x8ad3301e10c0
0x419760,0x8ad3301e0d40
0x419750,0x8ad3301e1180
0x419760,0x8ad3301e23c0
0x419760,0x8ad3301e2740
0x419750,0x8ad3301e1c40
0x419750,0x8ad3301e3100
0x419760,0x8ad3301e47c0
0x419750,0x8ad3301e5100
0x419750,0x8ad3301e5300
0x419760,0x8ad3301e6380
0x419750,0x8ad3301e5700
0x419760,0x8ad3301e6580
0x419750,0x8ad3301e5a80
0x419750,0x8ad3301e7200
0x419750,0x8ad3301e7280
0x419750,0x8ad3301e7a00
0x419750,0x8ad3301e7c40
0x419760,0x8ad3301e8b80
0x419750,0x8ad3301e7cc0
0x419750,0x8ad3301e98c0
0x419760,0x8ad3301ec1c0
0x419750,0x8ad3301eb380
0x419750,0x8ad3301eb540
0x419760,0x8ad3301ec640
0x4196ab,0x8ad3301ebc80
0x419760,0x8ad3301ecd80
0x419760,0x8ad3301ed780
0x419750,0x8ad3301ee800
0x419760,0x8ad3301edfc0
0x419750,0x8ad3301f0980
0x419750,0x8ad3301f0f80
0x419760,0x8ad3301f1340
0x419760,0x8ad3301f1380
0x4196ab,0x8ad3301f25c0
0x4196bb,0x8ad3301f1c48
0x419760,0x8ad3301f1e00
0x419750,0x8ad3301f2e80
0x419750,0x8ad3301f2ec0
0x419760,0x8ad3301f31c0
0x419760,0x8ad3301f3540
0x419750,0x8ad3301f4700
0x419760,0x8ad3301f3d00
0x419760,0x8ad3301f5100
0x419760,0x8ad3301f5240
0x419750,0x8ad3301f4f80
0x419750,0x8ad3301f6400
0x419750,0x8ad3301f6740
0x419750,0x8ad3301f6c00
0x419750,0x8ad3301f8980
0x419760,0x8ad3301f9100
0x419750,0x8ad3301f8fc0
0x419750,0x8ad3301fa4c0
0x419760,0x8ad3301f9f80
0x419750,0x8ad3301fc500
0x419760,0x8ad3301fbd80
0x419760,0x8ad3301fbf40
0x419750,0x8ad3301fe500
0x419760,0x8ad3301fdc40
0x419750,0x8ad3301febc0
0x419750,0x8ad3301fed40
0x419750,0x8ad330200180
0x419760,0x8ad3302010c0
0x419750,0x8ad3302008c0
0x419760,0x8ad330201180
0x419750,0x8ad330200980
0x419750,0x8ad330200d40
0x419760,0x8ad330201c40
0x419750,0x8ad3302023c0
0x419750,0x8ad330202740
0x419760,0x8ad330203100
0x419760,0x8ad330205100
0x419750,0x8ad3302047c0
0x419760,0x8ad330205300
0x419760,0x8ad330205700
0x419760,0x8ad330205a80
0x419750,0xfdfd3a8e7200
0x419750,0xfdfd3a8e7280
0x419760,0x8ad330206380
0x419750,0xfdfd3a8e7a00
0x4196bb,0x8ad330206598
0x419750,0xfdfd3a8e7c40
0x419750,0xfdfd3a8e7cc0
0x419760,0x8ad330207200
0x419760,0x8ad330207280
0x419760,0x8ad330207a00
0x419760,0x8ad330207c40
0x419760,0x8ad330207cc0
0x419760,0x8ad330208b80
0x419750,0x98f5690d6c00
0x419760,0x8ad33020b380
0x419750,0x8ad33020c1c0
0x419760,0x8ad33020b540
0x419750,0x8ad33020c640
0x419760,0x8ad33020bc80
0x419750,0x8ad33020cd80
0x419760,0x8ad33020d780
0x419750,0x8ad33020e800
0x419760,0x8ad33020dfc0
0x419750,0x8ad330210980
0x419760,0x8ad330211340
0x419760,0x8ad330211380
0x419750,0x8ad330210f80
0x419750,0x8ad3302125c0
0x419760,0x8ad330211c40
0x419760,0x8ad330211e00
0x4196bb,0x8ad3302131c8
0x419750,0x8ad330212e80
0x419750,0x8ad330212ec0
0x419760,0x8ad330213540
0x419760,0x8ad330213d00
0x419750,0x8ad330214700
0x419760,0x8ad330215100
0x419760,0x8ad330215240
0x419750,0x8ad330214f80
0x419750,0x8ad330216400
0x419750,0x8ad330216740
0x419750,0x8ad330216c00
0x4196bb,0x8ad330219108
0x419750,0x8ad330218980
0x4196ab,0x8ad330218fc0
0x419750,0x8ad33021a4c0
0x419760,0x8ad330219f80
0x419760,0x8ad33021bd80
0x419760,0x8ad33021bf40
0x419750,0x8ad33021c500
0x4196bb,0x8ad33021dc58
0x419750,0x8ad33021e500
0x419750,0x8ad33021ebc0
0x419750,0x8ad33021ed40
0x419750,0x8ad330220180
0x419760,0x8ad3302210c0
0x419760,0x8ad330221180
0x419750,0x8ad3302208c0
0x419750,0x8ad330220980
0x419750,0x8ad330220d40
0x419760,0x8ad330221c40
0x419750,0x8ad3302223c0
0x419760,0x8ad330223100
0x419750,0x8ad330222740
0x419760,0x8ad330225100
0x419760,0x8ad330225300
0x419750,0x8ad3302247c0
0x419760,0x8ad330225700
0x419760,0x8ad330225a80
0x419750,0x8ad330226380
0x419760,0x8ad330227200
0x419760,0x8ad330227280
0x419750,0x8ad330226580
0x419760,0x8ad330227a00
0x419760,0x8ad330227c40
0x419760,0x8ad330227cc0
0x419760,0x8ad3302298c0
0x4196ab,0x8ad330228b80
0x419760,0x8ad33022b380
0x419760,0x8ad33022b540
0x419760,0x8ad33022bc80
0x419760,0x8ad33022c1c0
0x4196bb,0x8ad33022c668
0x419750,0x8ad33022d780
0x419760,0x8ad33022cd80
0x419750,0x8ad33022dfc0
0x419760,0x8ad33022e800
0x419750,0x8ad330231340
0x419750,0x8ad330231380
0x419760,0x8ad330230980
0x419750,0x8ad330231c40
0x419760,0x8ad330230f80
0x419750,0x8ad330231e00
0x419750,0x8ad3302331c0
0x419760,0x8ad3302325c0
0x419750,0x8ad330233540
0x419760,0x8ad330232e80
0x419760,0x8ad330232ec0
0x419750,0x8ad330233d00
0x419750,0x8ad330235100
0x419750,0x8ad330235240
0x419760,0x8ad330234700
0x419760,0x8ad330234f80
0x419760,0x8ad330236400
0x419760,0x8ad330236740
0x419760,0x8ad330236c00
0x419750,0x8ad330239100
0x419760,0x8ad330238980
0x419760,0x8ad330238fc0
0x419760,0x8ad33023a4c0
0x419750,0x8ad330239f80
0x419750,0x8ad33023bd80
0x419760,0x8ad33023c500
0x419750,0x8ad33023bf40
0x419750,0xfdfd3a8da4c0
0x419750,0xfdfd3a9023c0
0x419760,0x8ad33023dc40
0x419750,0xfdfd3a902740
0x419760,0x8ad33023e500
0x419750,0xfdfd3a9223c0
0x4196bb,0x8ad33023ebc8
0x419760,0x8ad33023ed40
0x419750,0xfdfd3a922740
0x419760,0xea2062be500
0x419750,0xfdfd3a940180
0x419760,0xea2062bebc0
0x419760,0xea2062bed40
0x419760,0xea2062c0180
0x419750,0xea2062c1180
0x419756,0xea2062c10c0
0x419760,0xea2062c08c0
0x419760,0xea2062c0980
0x419750,0xea2062c1c40
0x419760,0xea2062c0d40
0x419750,0xea2062c3100
0x419760,0xea2062c23c0
0x419760,0xea2062c2740
0x419750,0xea2062c5100
0x4196ab,0xea2062c5300
0x419760,0xea2062c47c0
0x419750,0xea2062c5700
0x4196ab,0xea2062c5a80
0x419760,0xea2062c6380
0x4196ab,0xea2062c7200
0x419750,0xea2062c7280
0x419760,0xea2062c6580
0x419750,0xea2062c7a00
0x419750,0xea2062c7c40
0x419750,0xea2062c7cc0
0x419760,0xea2062c8b80
0x419750,0xea2062c98c0
0x419750,0xea2062cb380
0x419750,0xea2062cb540
0x419750,0xea2062cbc80
0x419760,0xea2062cc1c0
0x419760,0xea2062cc640
0x419750,0xea2062cd780
0x419760,0xea2062ccd80
0x419750,0xea2062cdfc0
0x419760,0xea2062ce800
0x419760,0xea2062d0980
0x419750,0xea2062d1340
0x419750,0xea2062d1380
0x419760,0xea2062d0f80
0x419750,0xea2062d1c40
0x419750,0xea2062d1e00
0x419760,0xea2062d25c0
0x419750,0xea2062d31c0
0x419750,0xea2062d3540
0x419760,0xea2062d2e80
0x4196bb,0xea2062d2ed8
0x419750,0xea2062d3d00
0x419760,0xea2062d4700
0x419750,0xea2062d5100
0x419750,0xea2062d5240
0x419760,0xea2062d4f80
0x419760,0xea2062d6400
0x419760,0xea2062d6740
0x419760,0xea2062d6c00
0x419760,0xea2062d8980
0x419750,0xea2062d9100
0x419760,0xea2062d8fc0
0x419760,0xea2062da4c0
0x4196ab,0xea2062d9f80
0x419760,0xea2062dc500
0x419750,0xea2062dbd80
0x419750,0xea2062dbf40
0x419760,0xea2062de500
0x419750,0xea2062ddc40
0x419760,0xea2062debc0
0x4196bb,0xea2062ded58
0x419760,0xea2062e0180
0x419760,0xea2062e08c0
0x419760,0xea2062e0980
0x419760,0xea2062e0d40
0x419750,0xea2062e10c0
0x419750,0xea2062e1180
0x419760,0xea2062e23c0
0x419760,0xea2062e2740
0x419750,0xea2062e1c40
0x419750,0xea2062e3100
0x419760,0xea2062e47c0
0x419750,0xea2062e5100
0x419750,0xea2062e5300
0x419760,0xea2062e6380
0x419760,0xea2062e6580
0x419750,0xea2062e5700
0x419750,0xea2062e5a80
0x419750,0xea2062e7200
0x419750,0xea2062e7280
0x419750,0xea2062e7a00
0x419760,0xea2062e8b80
0x4196ab,0xea2062e7c40
0x419750,0xea2062e7cc0
0x419750,0xea2062e98c0
0x419750,0xea2062ec1c0
0x4197af,0xea2062eb380
0x419760,0xea2062eb540
0x419750,0xea2062ec640
0x419760,0xea2062ebc80
0x419750,0xea2062ecd80
0x419760,0xea2062ed780
0x419750,0xea2062ee800
0x419760,0xea2062edfc0
0x419750,0xea2062f0980
0x419750,0xea2062f0f80
0x419760,0xea2062f1340
0x419760,0xea2062f1380
0x419760,0xea2062f1c40
0x419760,0xea2062f1e00
0x419750,0xfdfd3a8dbd80
0x419750,0xfdfd3a8dbf40
0x419760,0xea2062f25c0
0x419750,0xfdfd3a8eb380
0x419750,0xfdfd3a8eb540
0x4196bb,0xea2062f2e88
0x419760,0xea2062f2ec0
0x419750,0xfdfd3a8ebc80
0x419760,0xea2062f31c0
0x419760,0xea2062f3540
0x419750,0xfdfd3a911340
0x419750,0xfdfd3a911380
0x419760,0xea2062f3d00
0x419750,0xfdfd3a911c40
0x419750,0xfdfd3a911e00
0x419760,0xea2062f4700
0x419750,0xfdfd3a930980
0x419760,0xea2062f4f80
0x419760,0xea2062f5100
0x419760,0xea2062f5240
0x4196ab,0xfdfd3a930f80
0x419760,0xea2062f6400
0x419756,0x8ad3301d25c0
0x419760,0xea2062f6740
0x4196ab,0x8ad3301d2e80
0x419750,0x8ad3301d2ec0
0x419760,0xea2062f6c00
0x419760,0xea2062f8980
0x419750,0xea2062f9100
0x419760,0xea2062f8fc0
0x419760,0xea2062fa4c0
0x419750,0xea2062f9f80
0x419760,0xea2062fc500
0x419750,0xea2062fbd80
0x4196ab,0xea2062fbf40
0x419760,0xea2062fe500
0x419760,0xea2062febc0
0x419750,0xea2062fdc40
0x419760,0xea2062fed40
0x419750,0xea206300180
0x419750,0xea2063008c0
0x4196ab,0xea206300980
0x4196ab,0xea206300d40
0x419760,0xea2063010c0
0x419760,0xea206301180
0x419750,0xea2063023c0
0x419750,0xea206302740
0x419760,0xea206301c40
0x419760,0xea206303100
0x419750,0xea2063047c0
0x419760,0xea206305100
0x419760,0xea206305300
0x419750,0xea206306380
0x419760,0xea206305700
0x419750,0xea206306580
0x419760,0xea206305a80
0x419760,0xea206307200
0x419760,0xea206307280
0x419760,0xea206307a00
0x419760,0xea206307c40
0x419760,0xea206307cc0
0x419750,0xea206308b80
0x419760,0xea2063098c0
0x419760,0xea20630b380
0x419760,0xea20630b540
0x419750,0xea20630c1c0
0x419750,0xea20630c640
0x419760,0xea20630bc80
0x419750,0xea20630cd80
0x419760,0xea20630d780
0x419750,0xea20630e800
0x419760,0xea20630dfc0
0x419750,0xea206310980
0x419760,0xea206311340
0x419760,0xea206311380
0x419750,0xea206310f80
0x419760,0xea206311c40
0x419750,0xea2063125c0
0x419760,0xea206311e00
0x419760,0xea2063131c0
0x419760,0xea206313540
0x419750,0xea206312e80
0x419750,0xea206312ec0
0x419760,0xea206313d00
0x4196ab,0xea206314700
0x419760,0xea206315100
0x419760,0xea206315240
0x419750,0xea206314f80
0x419750,0xea206316400
0x419750,0xea206316740
0x419750,0xea206316c00
0x419760,0xea206319100
0x419750,0xea206318980
0x419750,0xea206318fc0
0x419760,0xea206319f80
0x419750,0xea20631a4c0
0x419760,0xea20631bd80
0x419760,0xea20631bf40
0x419750,0xea20631c500
0x419760,0xea20631dc40
0x419750,0xea20631e500
0x419750,0xea20631ebc0
0x4196ab,0xea20631ed40
0x419750,0xea206320180
0x419760,0xea2063210c0
0x419760,0xea206321180
0x419750,0xea2063208c0
0x419750,0xea206320980
0x419750,0xea206320d40
0x419760,0xea206321c40
0x419760,0xea206323100
0x4196ab,0xea2063223c0
0x419750,0xea206322740
0x419760,0xea206325100
0x419760,0xea206325300
0x419750,0xea2063247c0
0x419760,0xea206325700
0x419760,0xea206325a80
0x419760,0xea206327200
0x419760,0xea206327280
0x419750,0xea206326380
0x4196ab,0xea206326580
0x419760,0xea206327a00
0x419760,0xea206327c40
0x419760,0xea206327cc0
0x419750,0xfdfd3a8dc500
0x419760,0xea206328b80
0x419750,0xfdfd3a90c1c0
0x419750,0xfdfd3a90c640
0x4196bb,0xea2063298e8
0x419750,0xfdfd3a90cd80
0x419750,0xfdfd3a92b380
0x419750,0xfdfd3a92b540
0x419750,0xfdfd3a92bc80
0x419760,0xea20632b380
0x419760,0xea20632b540
0x419750,0x8ad3301be500
