0x41aa80,0x28e837c85a80
0x41aafd,0x28e837c863a0
0x41aa6e,0x28e837c86580
0x41b785,0x28e837c8d785
0x418c7f,0x28e837ca3128
0x418ec7,0x28e837c92ec7
0x418e85,0x28e837c92e85
0x4198c1,0x28e837ca98c1
0x41a101,0x28e837c85101
0x41a203,0x28e837c87a10
0x41a300,0x28e837c85300
0x41a701,0x28e837c85701
0x418bb8,0x28e837c9ebc0
0x418c1a,0x28e837ca0d40
0x4197ed,0x28e837c9a4c0
0x41b3ba,0x28e837c90f80
0x41b335,0x28e837c898c0
0x418a95,0x28e837c93d00
0x419981,0x28e837cb5100
0x418aa1,0x28e837c94f80
0x41aece,0x28e837c8cd80
0x418e7f,0x28e837ca6380
0x419373,0x28e837cadfc0
0x418bb8,0x28e837c9ed40
0x418f7f,0x28e837ca7200
0x41931b,0x28e837cac1c0
0x419a83,0x28e837cb6400
0x41abc4,0x28e837c8bc80
0x418f7f,0x28e837ca7280
0x418f51,0x28e837ca7a00
0x419981,0x28e837cb5240
0x41a203,0x28e837c87c40
0x418b09,0x28e837c9bd80
0x4190a0,0x28e837cabc80
0x419cdf,0x28e837c99100
0x41b5d1,0x28e837c91340
0x419806,0x28e837cb3d00
0x41a203,0x28e837c87cc0
0x419247,0x28e837cc10c0
0x41b5d1,0x28e837c91380
0x419531,0x28e837cb0f80
0x414a00,0x28e837cc7a00
0x41e388,0x28e837cc6388
0x4185c3,0x28e837c925c3
0x419824,0x28e837cb4f80
0x418b17,0x28e837c98980
0x418ac7,0x28e837c96c00
0x41b181,0x28e837cc3100
0x418e7f,0x28e837ca6580
0x41996a,0x28e837cc0180
0x419247,0x28e837cc1180
0x4194e7,0x28e837cae800
0x418b09,0x28e837c9bf40
0x418f51,0x28e837ca7c40
0x418f51,0x28e837ca7cc0
0x419a83,0x28e837cb6740
0x418c31,0x28e837cbc500
0x41901e,0x28e837c98fc0
0x41922d,0x28e837ccc1c0
0x41a249,0x28e837cc23c0
0x41931b,0x28e837cac640
0x418c5a,0x28e837cbe500
0x4197b6,0x28e837ccb380
0x418cc3,0x28e837ca47c0
0x419615,0x28e837cb1c40
0x419632,0x28e837cb2e80
0x419632,0x28e837cb2ec0
0x41a73b,0x28e837cd31c0
0x419d7a,0x28e837cb8980
0x418f51,0x28e837cd5100
0x4197b6,0x28e837ccb540
0x41901e,0x28e837cd1340
0x419cad,0x28e837c99f80
0x41a249,0x28e837cc2740
0x41901e,0x28e837cd1380
0x419615,0x28e837cb1e00
0x419a83,0x28e837cb6c00
0x41922d,0x28e837ccc640
0x418f51,0x28e837cd5240
0x418c10,0x28e837cc47c8
0x41996a,0x28e837cc08c0
0x41996a,0x28e837cc0980
0x41b5d1,0x28e837c91c40
0x418bb8,0x28e837ccd780
0x418ab4,0x28e837cd25c0
0x418b77,0x28e837cc98c0
0x41a73b,0x28e837cd3540
0x419615,0x28e837cd9100
0x418b09,0x28e837cce800
0x418c5a,0x28e837cbebc0
0x419da5,0x28e837cb9f80
0x41b3ba,0x28e837cbdc40
0x41b5d1,0x28e837c91e00
0x41931b,0x28e837cacd80
0x419632,0x28e837cd6400
0x41b2fa,0x28e837cbbd80
0x418abe,0x28e837cd4708
0x419241,0x28e837cc1c48
0x418c5a,0x28e837cbed40
0x41996a,0x28e837cc0d40
0x418b5f,0x28e837cd0980
0x419d7a,0x28e837cb8fc0
0x41b2fa,0x28e837cbbf40
0x41b5d1,0x28e837ce10c0
0x418c8a,0x28e837ce0180
0x4197b6,0x28e837ccbc80
0x4194e7,0x28e837cda4c0
0x418cc3,0x28e837ce3100
0x41b5d1,0x28e837ce1180
0x419632,0x28e837cd6740
0x41931b,0x28e837ce5100
0x41922d,0x28e837cccd80
0x418c31,0x28e837ce7200
0x41901e,0x28e837cd1c40
0x419da5,0x28e837cdc500
0x418c31,0x28e837ce7280
0x41931b,0x28e837ce5300
0x4194ba,0x28e837cde500
0x419d7a,0x28e837ce23c0
0x418f3a,0x28e837cd8980
0x41b2fa,0x28e837ce6380
0x419247,0x28e837cec1c0
0x41a73b,0x28e837cd3d00
0x418bb8,0x28e837ccdfc0
0x41901e,0x28e837cd1e00
0x418ab4,0x28e837cd2e80
0x418ab4,0x28e837cd2ec0
0x418b5f,0x28e837cd0f80
0x41996a,0x28e837ceb380
0x419632,0x28e837cd6c00
0x41b2fa,0x28e837ce6580
0x418afe,0x28e837cf5108
0x419227,0x28e837cf31c8
0x418ac7,0x28e837cd4f80
0x419d7a,0x28e837ce2740
0x41931b,0x28e837ce5700
0x418b09,0x28e837cf5240
0x41aece,0x28e837cf1340
0x41996a,0x28e837ceb540
0x418ab4,0x28e837cf9100
0x41aece,0x28e837cf1380
0x418c8a,0x28e837ce08c0
0x419981,0x28e837ce47c0
0x418c8a,0x28e837ce0980
0x419247,0x28e837cec640
0x41922d,0x28e837cf3540
0x41abc4,0x28e837cf6400
0x418e42,0x28e837cdbd80
0x4197b6,0x28e837cf25c0
0x41a249,0x28e837ced780
0x4194ba,0x28e837cdebc0
0x418f3a,0x28e837cd8fc0
0x418c5a,0x28e837ce98c0
0x419a83,0x28e837cddc40
0x418c31,0x28e837ce7a00
0x41b181,0x28e837cee800
0x41931b,0x28e837ce5a80
0x419615,0x28e837cd9f80
0x4194ba,0x28e837cded40
0x418bb8,0x28e837cf4700
0x418e42,0x28e837cdbf40
0x41a73b,0x28e837cfa4c0
0x41b5d1,0x28e837ce1c40
0x418c8a,0x28e837ce0d40
0x41b3ba,0x28e837ce8b80
0x418c31,0x28e837ce7c40
0x41abc4,0x28e837cf6740
0x4194e7,0x28e837d010c0
0x418b77,0x28e837cf0980
0x418c31,0x28e837ce7cc0
0x418f51,0x28e837cfc500
0x419615,0x28e837d00180
0x4194e7,0x28e837d01180
0x41996a,0x28e837cebc80
0x419da5,0x28e837d03100
0x419cad,0x28e837cfe500
0x41b315,0xfdfd3a8c10c0
0x4194ba,0x28e837d05100
0x41901e,0x28e837cf8980
0x419247,0x28e837cecd80
0x41b315,0xfdfd3a8c1180
0x418e42,0x28e837d023c0
0x41aece,0x28e837cf1c40
0x41b5d1,0xfdfd3a8c3100
0x418cc3,0xfdfd3a8c5100
0x4194ba,0x28e837d05300
0x419227,0x28e837cf3d08
0x41abc4,0x28e837cf6c00
0x41aece,0x28e837cf1e00
0x41a249,0x28e837cedfc0
0x41931b,0xfdfd3a8c7200
0x4197b6,0x28e837cf2e80
0x41931b,0xfdfd3a8c7280
0x418c8a,0xfdfd3a8c23c0
0x4197b6,0x28e837cf2ec0
0x418b77,0x28e837cf0f80
0x418cc3,0xfdfd3a8c5300
0x418e42,0x28e837d02740
0x419981,0xfdfd3a8c6380
0x418bf2,0xfdfd3a8cc1c0
0x418bb8,0x28e837cf4f80
0x419615,0x28e837d008c0
0x418abe,0x28e837cfbd88
0x418c4c,0xfdfd3a8cb388
0x4194ba,0x28e837d05700
0x41922d,0xfdfd3a8d5100
0x419615,0x28e837d00980
0x419981,0xfdfd3a8c6580
0x419a83,0x28e837d047c0
0x41aece,0xfdfd3a8d31c0
0x419cad,0x28e837cfebc0
0x418ab4,0x28e837cf9f80
0x41901e,0x28e837cf8fc0
0x419632,0x28e837cfdc40
0x418c1a,0xfdfd3a8d1340
0x418c8a,0xfdfd3a8c2740
0x418c1a,0xfdfd3a8d1380
0x41922d,0xfdfd3a8d5240
0x418ac7,0x28e837cfbf40
0x418c5a,0xfdfd3a8cb540
0x418b5f,0xfdfd3a8d9100
0x418cc3,0xfdfd3a8c5700
0x419cad,0x28e837cfed40
0x419d7a,0xfdfd3a8c47c0
0x418bf2,0xfdfd3a8cc640
0x4194e7,0x28e837d01c40
0x418bb8,0xfdfd3a8d6400
0x4194ba,0x28e837d05a80
0x419615,0x28e837d00d40
0x418b77,0xfdfd3a8d25c0
0x418c31,0xfdfd3a8c98c0
0x41aece,0xfdfd3a8d3540
0x41996a,0xfdfd3a8cd780
0x41931b,0xfdfd3a8c7a00
0x419247,0xfdfd3a8ce800
0x418cc3,0xfdfd3a8c5a80
0x41b315,0xfdfd3a8c1c40
0x41901e,0xfdfd3a8da4c0
0x418f3a,0xfdfd3a8e10c0
0x4197b6,0xfdfd3a8d4700
0x419cad,0xfdfd3a8e0180
0x418bb8,0xfdfd3a8d6740
0x418f3a,0xfdfd3a8e1180
0x41b2fa,0xfdfd3a8c8b80
0x41a73b,0xfdfd3a8dc500
0x41b181,0xfdfd3a8d0980
0x41931b,0xfdfd3a8c7c40
0x41931b,0xfdfd3a8c7cc0
0x4194e7,0xfdfd3a8e3100
0x418f51,0xfdfd3a8de500
0x418c5a,0xfdfd3a8cbc80
0x419da5,0xfdfd3a8e5100
0x41abc4,0xfdfd3a8d8980
0x418c1a,0xfdfd3a8d1c40
0x418bf2,0xfdfd3a8ccd80
0x419615,0xfdfd3a8e23c0
0x4194ba,0xfdfd3a8e7200
0x418bb8,0xfdfd3a8d6c00
0x4194ba,0xfdfd3a8e7280
0x419da5,0xfdfd3a8e5300
0x418c1a,0xfdfd3a8d1e00
0x41aece,0xfdfd3a8d3d00
0x419a83,0xfdfd3a8e6380
0x418cc3,0xfdfd3a8ec1c0
0x41996a,0xfdfd3a8cdfc0
0x418b77,0xfdfd3a8d2e80
0x41b181,0xfdfd3a8d0f80
0x418b77,0xfdfd3a8d2ec0
0x419cad,0xfdfd3a8e08c0
0x419615,0xfdfd3a8e2740
0x419247,0xfdfd3a8f5100
0x419d7a,0xfdfd3a8eb380
0x419a83,0xfdfd3a8e6580
0x4197b6,0xfdfd3a8d4f80
0x419cad,0xfdfd3a8e0980
0x418ac7,0xfdfd3a8ddc40
0x418bf2,0xfdfd3a8f31c0
0x418a9c,0xfdfd3a8dbd88
0x418e42,0xfdfd3a8e47c0
0x418f51,0xfdfd3a8debc0
0x41b3ba,0xfdfd3a8f1340
0x418b77,0xfdfd3a8f9100
0x419247,0xfdfd3a8f5240
0x41b3ba,0xfdfd3a8f1380
0x419da5,0xfdfd3a8e5700
0x419d7a,0xfdfd3a8eb540
0x41abc4,0xfdfd3a8d8fc0
0x418b5f,0xfdfd3a8d9f80
0x418f51,0xfdfd3a8ded40
0x418ab4,0xfdfd3a8dbf40
0x418cc3,0xfdfd3a8ec640
0x41a249,0xfdfd3a8f6400
0x418f3a,0xfdfd3a8e1c40
0x41901e,0xfdfd3a9010c0
0x418c5a,0xfdfd3a8f25c0
0x418bf2,0xfdfd3a8f3540
0x419cad,0xfdfd3a8e0d40
0x418b5f,0xfdfd3a900180
0x419981,0xfdfd3a8ed780
0x418841,0xfdfd3a901180
0x418c7f,0xfdfd3a8e98c8
0x41931b,0xfdfd3a8ee800
0x4194ba,0xfdfd3a8e7a00
0x419da5,0xfdfd3a8e5a80
0x4197b6,0xfdfd3a8fa4c0
0x41996a,0xfdfd3a8f4700
0x41922d,0xfdfd3a8fc500
0x41a249,0xfdfd3a8f6740
0x41b315,0xfdfd3a8e8b80
0x418b09,0xfdfd3a8fe500
0x418c31,0xfdfd3a8f0980
0x418f51,0xa213218c1c0
0x4194ba,0xfdfd3a8e7c40
0x4194ba,0xfdfd3a8e7cc0
0x418ac7,0xa213218b380
0x419d7a,0xfdfd3a8ebc80
0x418c1a,0xfdfd3a8f8980
0x418ac7,0xa213218b540
0x41b3ba,0xfdfd3a8f1c40
0x418cc3,0xfdfd3a8ecd80
0x41a249,0xfdfd3a8f6c00
0x418f51,0xa213218c640
0x418b5f,0xfdfd3a9008c0
0x418bf2,0xfdfd3a8f3d00
0x41b3ba,0xfdfd3a8f1e00
0x4194ba,0xa2132195100
0x418a9c,0xa21321898c8
0x4194e7,0xa2132191340
0x418b5f,0xfdfd3a900980
0x419da5,0xa21321931c0
0x4194e7,0xa2132191380
0x419981,0xfdfd3a8edfc0
0x418c31,0xfdfd3a8f0f80
0x418c5a,0xfdfd3a8f2e80
0x418c5a,0xfdfd3a8f2ec0
0x4194ba,0xa2132195240
0x418b09,0xfdfd3a8febc0
0x418bb8,0xfdfd3a8fdc40
0x419d7a,0xa2132199100
0x419632,0xa213218d780
0x41aece,0xfdfd3a8fbd80
0x41996a,0xfdfd3a8f4f80
0x418e42,0xa21321925c0
0x419cad,0xa213218e800
0x418b09,0xfdfd3a8fed40
0x41b315,0xa2132196400
0x41901e,0xfdfd3a901c40
0x418c1a,0xfdfd3a8f8fc0
0x418bf2,0xa21321a10c0
0x418b71,0xfdfd3a8f9f88
0x418c4c,0xa21321a0188
0x419d9b,0xa2132193548
0x418b5f,0xfdfd3a900d40
0x419247,0xa21321a3100
0x41aece,0xfdfd3a8fbf40
0x418bf2,0xa21321a1180
0x41b181,0xa21321a5100
0x418ac7,0xa213218bc80
0x418cc3,0xa213219a4c0
0x419a83,0xa2132194700
0x41931b,0xa213219c500
0x419615,0xa2132190980
0x418b77,0xa21321a7200
0x418c31,0xa213219e500
0x41b181,0xa21321a5300
0x41b315,0xa2132196740
0x418f51,0xa213218cd80
0x41996a,0xa21321a23c0
0x418b77,0xa21321a7280
0x418c1a,0xa21321a6380
0x418afe,0xa21321ac1c8
0x418bb8,0xa21321ab380
0x4194e7,0xa2132191c40
0x418c1a,0xa21321a6580
0x41b5d1,0xa2132198980
0x41996a,0xa21321a2740
0x41b181,0xa21321a5700
0x419632,0xa213218dfc0
0x418bb8,0xa21321ab540
0x418f51,0xa21321b31c0
0x41a249,0xa21321a47c0
0x4194e7,0xa2132191e00
0x418c5a,0xa21321a08c0
0x41a73b,0xa21321b1340
0x41b315,0xa2132196c00
0x41a717,0xa21321b1388
0x419da5,0xa2132193d00
0x418e42,0xa2132192e80
0x418c5a,0xa21321a0980
0x418e42,0xa2132192ec0
0x419cad,0xa21321b5100
0x418b09,0xa21321ac640
0x419615,0xa2132190f80
0x418c31,0xa213219ebc0
0x419cad,0xa21321b5240
0x41b2fa,0xa213219dc40
0x4197b6,0xa21321a98c0
0x41abc4,0xa21321ad780
0x41b181,0xa21321a5a80
0x418ac7,0xa21321b25c0
0x418e42,0xa21321b9100
0x418b77,0xa21321a7a00
0x419a83,0xa2132194f80
0x418f51,0xa21321b3540
0x419981,0xa213219bd80
0x418c31,0xa213219ed40
0x418b5f,0xa21321ae800
0x418bec,0xa21321a1c48
0x418f3a,0xa21321b6400
0x418c5a,0xa21321a0d40
0x419d7a,0xa2132199f80
0x41b5d1,0xa2132198fc0
0x419981,0xa213219bf40
0x41aece,0xa21321a8b80
0x418b77,0xa21321a7c40
0x418ab4,0xa21321b0980
0x418b77,0xa21321a7cc0
0x418cc3,0xa21321c10c0
0x419632,0xa21321b4700
0x418bb8,0xa21321abc80
0x41931b,0xa21321c3100
0x419d7a,0xa21321c0180
0x418c31,0xa21321c5100
0x418cc3,0xa21321c1180
0x418f3a,0xa21321b6740
0x418b09,0xa21321acd80
0x419da5,0xa21321ba4c0
0x4194ba,0xa21321bc500
0x41a73b,0xa21321b1c40
0x418c31,0xa21321c5300
0x418c5a,0xa21321c7200
0x419981,0xa21321c23c0
0x418c5a,0xa21321c7280
0x418c8a,0xa21321be500
0x41b181,0xa21321cc1c0
0x41b3ba,0xa21321c6380
0x41a73b,0xa21321b1e00
0x41abc4,0xa21321adfc0
0x418f51,0xa21321b3d00
0x4194e7,0xa21321b8980
0x41a249,0xa21321cb380
0x418ab4,0xa21321b0f80
0x418ac7,0xa21321b2e80
0x418ac7,0xa21321b2ec0
0x418f3a,0xa21321b6c00
0x41b3ba,0xa21321c6580
0x418b09,0xa21321d31c0
0x418b5f,0xa21321d5100
0x419981,0xa21321c2740
0x418c31,0xa21321c5700
0x41922d,0xa21321d1340
0x41a249,0xa21321cb540
0x41922d,0xa21321d1380
0x41b2fa,0xa21321c47c0
0x418b5f,0xa21321d5240
0x418ac7,0xa21321d9100
0x419d7a,0xa21321c08c0
0x41b181,0xa21321cc640
0x419d7a,0xa21321c0980
0x419632,0xa21321b4f80
0x418b09,0xa21321d3540
0x418bb8,0xa21321d25c0
0x41901e,0xa21321d6400
0x418c1a,0xa21321cd780
0x41b315,0xa21321bdc40
0x418c8a,0xa21321bebc0
0x41996a,0xa21321c98c0
0x418c31,0xa21321c5a80
0x418b77,0xa21321ce800
0x418c5a,0xa21321c7a00
0x419a83,0xa21321bbd80
0x418e42,0xa21321b9f80
0x4194e7,0xa21321b8fc0
0x418cc3,0xa21321c1c40
0x418c8a,0xa21321bed40
0x41abc4,0xa21321d4700
0x419d7a,0xa21321c0d40
0x418f51,0xa21321da4c0
0x418939,0xa21321bbf40
0x418bf2,0xa21321c8b80
0x41901e,0xa21321d6740
0x4197b6,0xa21321d0980
0x418c5a,0xa21321c7c40
0x418e42,0xa21321e0180
0x418c5a,0xa21321c7cc0
0x419da5,0xa21321e10c0
0x41a249,0xa21321cbc80
0x419cad,0xa21321dc500
0x4194ba,0xa21321e3100
0x419da5,0xa21321e1180
0x418c8a,0xa21321e5100
0x41b181,0xa21321ccd80
0x41922d,0xa21321d1c40
0x41a73b,0xa21321d8980
0x419615,0xa21321de500
0x419a83,0xa21321e23c0
0x419d7a,0xa21321e7200
0x418b09,0xa21321d3d00
0x418c8a,0xa21321e5300
0x418c31,0xa21321ec1c0
0x41901e,0xa21321d6c00
0x41922d,0xa21321d1e00
0x419d7a,0xa21321e7280
0x418c1a,0xa21321cdfc0
0x418bb8,0xa21321d2e80
0x41b5d1,0xa21321e6380
0x418bb8,0xa21321d2ec0
0x4197b6,0xa21321d0f80
0x41b2fa,0xa21321eb380
0x41b181,0xa21321f31c0
0x418b77,0xa21321f5100
0x41abc4,0xa21321d4f80
0x41b5d1,0xa21321e6580
0x418e42,0xa21321e08c0
0x419a83,0xa21321e2740
0x418bb8,0xa21321f9100
0x419247,0xa21321f1340
0x41b2fa,0xa21321eb540
0x418b77,0xa21321f5240
0x419247,0xa21321f1380
0x418e42,0xa21321e0980
0x418c8a,0xa21321e5700
0x41b315,0xa21321e47c0
0x418f3a,0xa21321ddc40
0x418c31,0xa21321ec640
0x41a73b,0xa21321d8fc0
0x418ac7,0xa21321d9f80
0x419632,0xa21321dbd80
0x419615,0xa21321debc0
0x41b181,0xa21321f3540
0x41aece,0xa21321f6400
0x41a249,0xa21321f25c0
0x41b3a4,0xa21321ed788
0x419981,0xa21321e98c0
0x418ac7,0xa2132200180
0x418f51,0xa21322010c0
0x419615,0xa21321ded40
0x419632,0xa21321dbf40
0x418c5a,0xa21321ee800
0x418c8a,0xa21321e5a80
0x418e42,0xa21321e0d40
0x418b09,0xa21321fa4c0
0x419d7a,0xa21321e7a00
0x418f51,0xa2132201180
0x418c1a,0xa21321f4700
0x419da5,0xa21321e1c40
0x418b5f,0xa21321fc500
0x419cad,0xa2132203100
0x41aece,0xa21321f6740
0x418ab4,0xa21321fe500
0x418cc3,0xa21321e8b80
0x41996a,0xa21321f0980
0x419d7a,0xa21321e7c40
0x419d7a,0xa21321e7cc0
0x419615,0xa2132205100
0x41b2fa,0xa21321ebc80
0x419632,0xa21322023c0
0x41922d,0xa21321f8980
0x418c31,0xa21321ecd80
0x418e42,0xa2132207200
0x419247,0xa21321f1c40
0x418e42,0xa2132207280
0x419615,0xa2132205300
0x41b181,0xa21321f3d00
0x4194e7,0xa2132206380
0x41aea2,0xa21321f6c08
0x418ac7,0xa21322008c0
0x419247,0xa21321f1e00
0x418c8a,0xa213220c1c0
0x41b3ba,0xa21321edfc0
0x41a249,0xa21321f2e80
0x418ac7,0xa2132200980
0x419632,0xa2132202740
0x41a249,0xa21321f2ec0
0x41996a,0xa21321f0f80
0x4194e7,0xa2132206580
0x41b315,0xa213220b380
0x418f3a,0xa21322047c0
0x418ab4,0xa21321febc0
0x418c31,0xa21322131c0
0x418c1a,0xa21321f4f80
0x418c5a,0xa2132215100
0x41901e,0xa21321fdc40
0x419615,0xa2132205700
0x41abc4,0xa21321fbd80
0x41a249,0xa2132219100
0x41931b,0xa2132211340
0x41b315,0xa213220b540
0x41931b,0xa2132211380
0x418a9c,0xa21321fed48
0x418c4c,0xa2132215248
0x418bb8,0xa21321f9f80
0x41922d,0xa21321f8fc0
0x418f51,0xa2132201c40
0x418ac7,0xa2132200d40
0x41abc4,0xa21321fbf40
0x418c8a,0xa213220c640
0x418b09,0xa21322210c0
0x418c31,0xa2132213540
0x418bb8,0xa2132220180
0x418bf2,0xa2132216400
0x41b2fa,0xa21322125c0
0x418e42,0xa2132207a00
0x419615,0xa2132205a80
0x418b09,0xa2132221180
0x419a83,0xa21322098c0
0x418b5f,0xa2132223100
0x41b5d1,0xa213220d780
0x41b181,0xa213221a4c0
0x418a9c,0xa2132225108
0x419d7a,0xa213220e800
0x41b3ba,0xa2132214700
0x418b77,0xa213221c500
0x418e42,0xa2132207c40
0x418e42,0xa2132207cc0
0x4197b6,0xa213221e500
0x418bf2,0xa2132216740
0x419da5,0xa2132208b80
0x41abc4,0xa21322223c0
0x418ab4,0xa2132225300
0x418ac7,0xa2132227200
0x419981,0xa2132210980
0x418ac7,0xa2132227280
0x41a73b,0xa2132226380
0x41b315,0xa213220bc80
0x419247,0xa2132218980
0x41931b,0xa2132211c40
0x418c8a,0xa213220cd80
0x41a73b,0xa2132226580
0x41abc4,0xa2132222740
0x418bb8,0xa21322208c0
0x418ab4,0xa2132225700
0x418c31,0xa2132213d00
0x419615,0xa213222c1c0
0x418f3a,0xa213222b380
0x418bb8,0xa2132220980
0x418bf2,0xa2132216c00
0x41901e,0xa21322247c0
0x41931b,0xa2132211e00
0x41b2fa,0xa2132212e80
0x41b2fa,0xa2132212ec0
0x41b5d1,0xa213220dfc0
0x418f3a,0xa213222b540
0x419981,0xa2132210f80
0x4197b6,0xa213221ebc0
0x41aece,0xa213221dc40
0x418c1a,0xa213221bd80
0x41b3ba,0xa2132214f80
0x418c8a,0xa21322331c0
0x419d7a,0xa2132235100
0x418ab4,0xa2132225a80
0x418b09,0xa2132221c40
0x4197b6,0xa213221ed40
0x41b2fa,0xa2132239100
0x4194ba,0xa2132231340
0x418ac7,0xa2132227a00
0x4194ba,0xa2132231380
0x418bb8,0xa2132220d40
0x41a249,0xa2132219f80
0x419247,0xa2132218fc0
0x419d7a,0xa2132235240
0x419615,0xa213222c640
0x418c1a,0xa213221bf40
0x419632,0xa21322298c0
0x41b181,0xa21322410c0
0x4194e7,0xa213222d780
0x418ac7,0xa2132227c40
0x418f51,0xa2132228b80
0x41a249,0xa2132240180
0x418cc3,0xa2132236400
0x41b181,0xa2132241180
0x41b315,0xa21322325c0
0x418ac7,0xa2132227cc0
0x418c8a,0xa2132233540
0x418e42,0xa213222e800
0x418b77,0xa2132243100
0x4197b6,0xa2132245100
0x418c31,0xa213223a4c0
0x418ba6,0xa2132247208
0x418c4c,0xa213223c508
0x41b5cc,0xa2132234708
0x418c1a,0xa21322423c0
0x418f3a,0xa213222bc80
0x418bb8,0xa2132247280
0x4197b6,0xa2132245300
0x41996a,0xa213223e500
0x418cc3,0xa2132236740
0x419a83,0xa2132230980
0x41922d,0xa2132246380
0x418ab4,0xa213224c1c0
0x419615,0xa213222cd80
0x41931b,0xa2132238980
0x41901e,0xa213224b380
0x41922d,0xa2132246580
0x418c10,0xa2132242748
0x4194ba,0xa2132231c40
0x4197b6,0xa2132245700
0x41a249,0xa21322408c0
0x41901e,0xa213224b540
0x41aece,0xa21322447c0
0x41a249,0xa2132240980
0x4194e7,0xa213222dfc0
0x418c8a,0xa2132233d00
0x418cc3,0xa2132236c00
0x4194ba,0xa2132231e00
0x418ab4,0xa213224c640
0x41b315,0xa2132232e80
0x41b315,0xa2132232ec0
0x418e42,0xa2132255100
0x419cad,0xa2132251340
0x419a83,0xa2132230f80
0x419615,0xa21322531c0
0x419cad,0xa2132251380
0x41996a,0xa213223ebc0
0x418bf2,0xa213223dc40
0x41abc4,0xa21322498c0
0x418bb8,0xa2132247a00
0x41a73b,0xa213224d780
0x41b3ba,0xa213223bd80
0x418e42,0xa2132255240
0x4197b6,0xa2132245a80
0x41b181,0xa2132241c40
0x41b5d1,0xa2132234f80
0x41996a,0xa213223ed40
0x41b315,0xa2132259100
0x418ac7,0xa213224e800
0x41a249,0xa2132240d40
0x41b2fa,0xa2132239f80
0x41931b,0xa2132238fc0
0x418f3a,0xa21322525c0
0x41b3ba,0xa213223bf40
0x418b09,0xa2132248b80
0x418bb8,0xa2132247c40
0x419615,0xa2132253540
0x418bb8,0xa2132247cc0
0x418c31,0xa21322610c0
0x419d9b,0xa2132256408
0x41b2fa,0xa2132260180
0x418c31,0xa2132261180
0x418c5a,0xa2132263100
0x41901e,0xa213224bc80
0x41996a,0xa2132265100
0x4194e7,0xa2132254700
0x419632,0xa2132250980
0x418c8a,0xa213225a4c0
0x418ab4,0xa213224cd80
0x41a249,0xa2132267200
0x419d7a,0xa213225c500
0x41b3ba,0xa21322623c0
0x41a249,0xa2132267280
0x419da5,0xa2132256740
0x41996a,0xa2132265300
0x419981,0xa213225e500
0x419247,0xa2132266380
0x4197b6,0xa213226c1c0
0x419cad,0xa2132251c40
0x41a73b,0xa213224dfc0
0x41aece,0xa213226b380
0x4194ba,0xa2132258980
0x419247,0xa2132266580
0x419cad,0xa2132251e00
0x418ab4,0xa21322731c0
0x41b3ba,0xa2132262740
0x418ac7,0xa2132275100
0x418f3a,0xa2132252e80
0x419615,0xa2132253d00
0x418f3a,0xa2132252ec0
0x41996a,0xa2132265700
0x41b2fa,0xa21322608c0
0x418b52,0xa2132271348
0x41aea2,0xa213226b548
0x419632,0xa2132250f80
0x418b5f,0xa2132271380
0x418ac7,0xa2132275240
0x418bf2,0xa21322647c0
0x419da5,0xa2132256c00
0x41b2fa,0xa2132260980
0x4197b6,0xa213226c640
0x418f3a,0xa2132279100
0x4194e7,0xa2132254f80
0x418ab4,0xa2132273540
0x418c1a,0xa21322698c0
0x41922d,0xa213226d780
0x419981,0xa213225ebc0
0x41901e,0xa21322725c0
0x418cc3,0xa213225dc40
0x418f51,0xa2132276400
0x41a249,0xa2132267a00
0x418bb8,0xa213226e800
0x41996a,0xa2132265a80
0x418c31,0xa2132261c40
0x41b5cc,0xa213225bd88
0x419981,0xa213225ed40
0x41b2fa,0xa2132260d40
0x41b315,0xa2132259f80
0x4194ba,0xa2132258fc0
0x41a73b,0xa2132274700
0x41b181,0xa2132268b80
0x41a249,0xa2132267c40
0x41b5d1,0xa213225bf40
0x41abc4,0xa2132270980
0x41a249,0xa2132267cc0
0x418f51,0xa2132276740
0x418c8a,0xa21322810c0
0x41b315,0xa2132280180
0x418c8a,0xa2132281180
0x41aece,0xa213226bc80
0x419615,0xa213227a4c0
0x419d6b,0xa2132283108
0x419981,0xa2132285100
0x418e42,0xa213227c500
0x4197b6,0xa213226cd80
0x418b5f,0xa2132271c40
0x41b2fa,0xa2132287200
0x41b2fa,0xa2132287280
0x419a83,0xa213227e500
0x419981,0xa2132285300
0x41b5d1,0xa21322823c0
0x418ab4,0xa2132273d00
0x419cad,0xa2132278980
0x41931b,0xa2132286380
0x41996a,0xa213228c1c0
0x418b5f,0xa2132271e00
0x41922d,0xa213226dfc0
0x418f51,0xa2132276c00
0x41901e,0xa2132272e80
0x41901e,0xa2132272ec0
0x41abc4,0xa2132270f80
0x418bb8,0xa2132295100
0x418bf2,0xa213228b380
0x41931b,0xa2132286580
0x4197b6,0xa21322931c0
0x41a73b,0xa2132274f80
0x418b77,0xa2132291340
0x418bb8,0xa2132295240
0x41b5d1,0xa2132282740
0x418b77,0xa2132291380
0x419981,0xa2132285700
0x41b315,0xa21322808c0
0x418bf2,0xa213228b540
0x41901e,0xa2132299100
0x418cc3,0xa21322847c0
0x41b315,0xa2132280980
0x41996a,0xa213228c640
0x418b09,0xa2132296400
0x4197b6,0xa2132293540
0x4194e7,0xa213227bd80
0x419247,0xa213228d780
0x419a83,0xa213227ebc0
0x41aece,0xa21322925c0
0x41b3ba,0xa21322898c0
0x418f3a,0xa2132279f80
0x419cad,0xa2132278fc0
0x419da5,0xa213227dc40
0x41a249,0xa213228e800
0x41b2fa,0xa2132287a00
0x419981,0xa2132285a80
0x418ab4,0xa213229a4c0
0x418c8a,0xa2132281c40
0x41922d,0xa2132294700
0x419a83,0xa213227ed40
0x4194e7,0xa213227bf40
0x41b315,0xa2132280d40
0x418f3a,0xa21322a0180
0x418c2c,0xa2132288b88
0x418b09,0xa2132296740
0x418ac7,0xa213229c500
0x418c1a,0xa2132290980
0x419615,0xa21322a10c0
0x41b2fa,0xa2132287c40
0x41b2fa,0xa2132287cc0
0x418e42,0xa21322a3100
0x419615,0xa21322a1180
0x418bf2,0xa213228bc80
0x419632,0xa213229e500
0x419a83,0xa21322a5100
0x418b5f,0xa2132298980
0x41996a,0xa213228cd80
0x418b71,0xa2132291c48
0x4194e7,0xa21322a23c0
0x41b315,0xa21322a7200
0x41b315,0xa21322a7280
0x418b09,0xa2132296c00
0x419a83,0xa21322a5300
0x4197b6,0xa2132293d00
0x418b77,0xa2132291e00
0x4194ba,0xa21322a6380
0x419981,0xa21322ac1c0
0x419247,0xa213228dfc0
0x418c1a,0xa2132290f80
0x41aece,0xa2132292e80
0x41aece,0xa2132292ec0
0x418f3a,0xa21322a08c0
0x41a249,0xa21322b5100
0x4194e7,0xa21322a2740
0x418cb1,0xa21322ab388
0x4194ba,0xa21322a6580
0x41922d,0xa2132294f80
0x418f3a,0xa21322a0980
0x41996a,0xa21322b31c0
0x41a73b,0xa213229bd80
0x418f51,0xa213229dc40
0x41a249,0xa21322b5240
0x418c5a,0xa21322b1340
0x418c5a,0xa21322b1380
0x419a83,0xa21322a5700
0x41aece,0xa21322b9100
0x418cc3,0xa21322ab540
0x419da5,0xa21322a47c0
0x419632,0xa213229ebc0
0x418b5f,0xa2132298fc0
0x41901e,0xa2132299f80
0x41a73b,0xa213229bf40
0x419981,0xa21322ac640
0x41b181,0xa21322b6400
0x419632,0xa213229ed40
0x418a9c,0xa21322c10c8
0x41996a,0xa21322b3540
0x418f3a,0xa21322a0d40
0x41931b,0xa21322ad780
0x418bf2,0xa21322b25c0
0x41901e,0xa21322c0180
0x418ab4,0xa21322c1180
0x419615,0xa21322a1c40
0x41b5d1,0xa21322a98c0
0x41b2fa,0xa21322ae800
0x41b315,0xa21322a7a00
0x418ac7,0xa21322c3100
0x419a83,0xa21322a5a80
0x4197b6,0xa21322ba4c0
0x419247,0xa21322b4700
0x418bb8,0xa21322bc500
0x41b181,0xa21322b6740
0x418c8a,0xa21322a8b80
0x41abc4,0xa21322be500
0x41b3ba,0xa21322b0980
0x41b315,0xa21322a7c40
0x41a73b,0xa21322c23c0
0x419632,0xa21322c5100
0x41b315,0xa21322a7cc0
0x418f3a,0xa21322c7200
0x418cc3,0xa21322abc80
0x418f3a,0xa21322c7280
0x419632,0xa21322c5300
0x418b77,0xa21322b8980
0x419981,0xa21322acd80
0x419cad,0xa21322c6380
0x418c5a,0xa21322b1c40
0x41a73b,0xa21322c2740
0x41b181,0xa21322b6c00
0x41901e,0xa21322c08c0
0x41996a,0xa21322b3d00
0x418c5a,0xa21322b1e00
0x419cad,0xa21322c6580
0x41901e,0xa21322c0980
0x419a83,0xa21322cc1c0
0x41931b,0xa21322adfc0
0x418f51,0xa21322c47c0
0x418bf2,0xa21322b2e80
0x41b3ba,0xa21322b0f80
0x418bf2,0xa21322b2ec0
0x419632,0xa21322c5700
0x418b09,0xa21322bdc40
0x419da5,0xa21322cb380
0x41abc4,0xa21322bebc0
0x41b2fa,0xa21322d5100
0x41922d,0xa21322bbd80
0x419247,0xa21322b4f80
0x419981,0xa21322d31c0
0x41b2fa,0xa21322d5240
0x418ab4,0xa21322c1c40
0x41abc4,0xa21322bed40
0x418bf2,0xa21322d9100
0x419da5,0xa21322cb540
0x419d7a,0xa21322d1340
0x418b77,0xa21322b8fc0
0x419d7a,0xa21322d1380
0x41901e,0xa21322c0d40
0x41922d,0xa21322bbf40
0x41aece,0xa21322b9f80
0x419a83,0xa21322cc640
0x418f3a,0xa21322c7a00
0x419632,0xa21322c5a80
0x418c31,0xa21322d6400
0x4197b6,0xa21322e10c0
0x4194e7,0xa21322c98c0
0x419981,0xa21322d3540
0x418bb8,0xa21322e3100
0x41aece,0xa21322e0180
0x4197b6,0xa21322e1180
0x4194ba,0xa21322cd780
0x418cc3,0xa21322d25c0
0x41b315,0xa21322ce800
0x41abc4,0xa21322e5100
0x418f3a,0xa21322c7c40
0x41996a,0xa21322da4c0
0x418f3a,0xa21322c7cc0
0x41931b,0xa21322d4700
0x419615,0xa21322c8b80
0x41a249,0xa21322dc500
0x418c31,0xa21322d6740
0x418c1a,0xa21322de500
0x41922d,0xa21322e23c0
0x41901e,0xa21322e7200
0x41abc4,0xa21322e5300
0x41901e,0xa21322e7280
0x41b5d1,0xa21322d0980
0x418b5f,0xa21322e6380
0x419da5,0xa21322cbc80
0x418c5a,0xa21322d8980
0x418b5f,0xa21322e6580
0x41922d,0xa21322e2740
0x419a83,0xa21322ccd80
0x419632,0xa21322ec1c0
0x418f51,0xa21322eb380
0x419d7a,0xa21322d1c40
0x418c31,0xa21322d6c00
0x41abc4,0xa21322e5700
0x418b09,0xa21322e47c0
0x41aece,0xa21322e08c0
0x419981,0xa21322d3d00
0x41aece,0xa21322e0980
0x418f51,0xa21322eb540
0x419d6b,0xa21322d1e08
0x4194ba,0xa21322cdfc0
0x418cc3,0xa21322d2e80
0x418c1a,0xa21322debc0
0x418cc3,0xa21322d2ec0
0x41b181,0xa21322ddc40
0x41b5d1,0xa21322d0f80
0x41b315,0xa21322f5100
0x418e42,0xa21322f1340
0x41931b,0xa21322d4f80
0x419247,0xa21322dbd80
0x419a83,0xa21322f31c0
0x41a73b,0xa21322e98c0
0x418e42,0xa21322f1380
0x41abc4,0xa21322e5a80
0x419632,0xa21322ec640
0x418c1a,0xa21322ded40
0x41901e,0xa21322e7a00
0x4197b6,0xa21322e1c40
0x41b315,0xa21322f5240
0x418cc3,0xa21322f9100
0x418c5a,0xa21322d8fc0
0x41aece,0xa21322e0d40
0x418bec,0xa21322d9f88
0x419241,0xa21322dbf48
0x419cad,0xa21322ed780
0x418ab4,0xa21322e8b80
0x418f3a,0xa21322ee800
0x41901e,0xa21322e7c40
0x41996a,0xa21323010c0
0x418c8a,0xa21322f6400
0x41901e,0xa21322e7cc0
0x419a83,0xa21322f3540
0x41a249,0xa2132303100
0x418bf2,0xa2132300180
0x419da5,0xa21322f25c0
0x41996a,0xa2132301180
0x418c1a,0xa2132305100
0x418f51,0xa21322ebc80
0x419981,0xa21322fa4c0
0x4194ba,0xa21322f4700
0x41b2fa,0xa21322fc500
0x4194e7,0xa21322f0980
0x418c1a,0xa2132305300
0x419247,0xa21323023c0
0x41aece,0xa2132307200
0x41b3ba,0xa21322fe500
0x418c8a,0xa21322f6740
0x41aece,0xa2132307280
0x418b77,0xa2132306380
0x41abc4,0xa213230c1c0
0x419632,0xa21322ecd80
0x418b09,0xa213230b380
0x418e42,0xa21322f1c40
0x418b71,0xa2132306588
0x419d7a,0xa21322f8980
0x419247,0xa2132302740
0x419cad,0xa21322edfc0
0x418c1a,0xa2132305700
0x418b09,0xa213230b540
0x41b181,0xa21323047c0
0x418e42,0xa21322f1e00
0x418ac7,0xa2132311340
0x418bf2,0xa21323008c0
0x418ac7,0xa2132311380
0x418c8a,0xa21322f6c00
0x419a83,0xa21322f3d00
0x418f3a,0xa2132315100
0x418bf2,0xa2132300980
0x419632,0xa21323131c0
0x4194e7,0xa21322f0f80
0x41abc4,0xa213230c640
0x419da5,0xa21322f2e80
0x419da5,0xa21322f2ec0
0x418f3a,0xa2132315240
0x418c2c,0xa21322fdc48
0x41b3a4,0xa21322febc8
0x41922d,0xa21323098c0
0x418b5f,0xa213230d780
0x418c1a,0xa2132305a80
0x41931b,0xa21322fbd80
0x4194ba,0xa21322f4f80
0x41aece,0xa2132307a00
0x418f51,0xa21323125c0
0x41901e,0xa213230e800
0x41b3ba,0xa21322fed40
0x41996a,0xa2132301c40
0x419da5,0xa2132319100
0x419632,0xa2132313540
0x418bf2,0xa2132300d40
0x41931b,0xa21322fbf40
0x418cc3,0xa21322f9f80
0x419d7a,0xa21322f8fc0
0x4197b6,0xa2132308b80
0x419615,0xa2132316400
0x41aece,0xa2132307c40
0x41a717,0xa2132310988
0x41aece,0xa2132307cc0
0x419981,0xa21323210c0
0x419cad,0xa2132314700
0x41b2fa,0xa2132323100
0x418b09,0xa213230bc80
0x418cc3,0xa2132320180
0x419981,0xa2132321180
0x41b3ba,0xa2132325100
0x419a83,0xa213231a4c0
0x41abc4,0xa213230cd80
0x419615,0xa2132316740
0x41b315,0xa213231c500
0x418ac7,0xa2132311c40
0x41931b,0xa21323223c0
0x418bf2,0xa2132327200
0x41b3ba,0xa2132325300
0x418bf2,0xa2132327280
0x41b5d1,0xa213231e500
0x418c1a,0xa213232c1c0
0x418c5a,0xa2132326380
0x418ac7,0xa2132311e00
0x418b5f,0xa213230dfc0
0x418e42,0xa2132318980
0x41b181,0xa213232b380
0x41a73b,0xa2132310f80
0x418f51,0xa2132312e80
0x419632,0xa2132313d00
0x418c5a,0xa2132326580
0x418f51,0xa2132312ec0
0x41901e,0xa2132335100
0x41abc4,0xa21323331c0
0x41931b,0xa2132322740
0x418bb8,0xa2132331340
0x41b181,0xa213232b540
0x419615,0xa2132316c00
0x418ba6,0xa2132331388
0x41b3a4,0xa2132325708
0x418c31,0xa21323247c0
0x41901e,0xa2132335240
0x418cc3,0xa21323208c0
0x418c1a,0xa213232c640
0x418f51,0xa2132339100
0x418cc3,0xa2132320980
0x419cad,0xa2132314f80
0x418ab4,0xa2132336400
0x418b09,0xa21323325c0
0x41abc4,0xa2132333540
0x418b77,0xa213232d780
0x419247,0xa21323298c0
0x418c8a,0xa213231dc40
0x41b5d1,0xa213231ebc0
0x41b3ba,0xa2132325a80
0x4194ba,0xa213231bd80
0x418bf2,0xa2132327a00
0x41aece,0xa213232e800
0x418e42,0xa2132318fc0
0x419981,0xa2132321c40
0x41b5d1,0xa213231ed40
0x418b5f,0xa2132334700
0x418cc3,0xa2132320d40
0x419da5,0xa2132319f80
0x4194ba,0xa213231bf40
0x41996a,0xa2132328b80
0x418ab4,0xa2132336740
0x41922d,0xa2132330980
0x418bf2,0xa2132327c40
0x419632,0xa213233a4c0
0x418bf2,0xa2132327cc0
0x419a83,0xa21323410c0
0x41b181,0xa213232bc80
0x419da5,0xa2132340180
0x418f3a,0xa213233c500
0x41b315,0xa2132343100
0x418939,0xa2132341180
0x418c1a,0xa213232cd80
0x41b5d1,0xa2132345100
0x418bb8,0xa2132331c40
0x418ac7,0xa2132338980
0x4194e7,0xa213233e500
0x4194ba,0xa21323423c0
0x418cc3,0xa2132347200
0x418ab4,0xa2132336c00
0x418bb8,0xa2132331e00
0x418cc3,0xa2132347280
0x41abc4,0xa2132333d00
0x41b5d1,0xa2132345300
0x41b3ba,0xa213234c1c0
0x418b71,0xa213232dfc8
0x419d6b,0xa2132346388
0x418b09,0xa2132332e80
0x418b09,0xa2132332ec0
0x41922d,0xa2132330f80
0x418c31,0xa213234b380
0x418c1a,0xa21323531c0
0x41aece,0xa2132355100
0x419d7a,0xa2132346580
0x4194ba,0xa2132342740
0x418b5f,0xa2132334f80
0x41a249,0xa2132351340
0x418c31,0xa213234b540
0x41a249,0xa2132351380
0x418b09,0xa2132359100
0x41aece,0xa2132355240
0x419da5,0xa21323408c0
0x41b5d1,0xa2132345700
0x418c8a,0xa21323447c0
0x418ac7,0xa2132338fc0
0x419da5,0xa2132340980
0x41b3ba,0xa213234c640
0x419cad,0xa213233bd80
0x418f51,0xa2132339f80
0x4194e7,0xa213233ebc0
0x4197b6,0xa2132356400
0x419615,0xa213233dc40
0x418c1a,0xa2132353540
0x41b181,0xa21323525c0
0x41931b,0xa21323498c0
0x418c5a,0xa213234d780
0x419cad,0xa213233bf40
0x4194e7,0xa213233ed40
0x418f51,0xa2132360180
0x418bf2,0xa213234e800
0x418cc3,0xa2132347a00
0x41b5d1,0xa2132345a80
0x419a83,0xa2132341c40
0x41abc4,0xa213235a4c0
0x418b77,0xa2132354700
0x419632,0xa21323610c0
0x419da5,0xa2132340d40
0x41901e,0xa213235c500
0x418f3a,0xa2132363100
0x4197b6,0xa2132356740
0x419632,0xa2132361180
0x419981,0xa2132348b80
0x419247,0xa2132350980
0x41a73b,0xa213235e500
0x418cc3,0xa2132347c40
0x418cc3,0xa2132347cc0
0x418c31,0xa213234bc80
0x4194e7,0xa2132365100
0x419cad,0xa21323623c0
0x418bb8,0xa2132358980
0x41b3a4,0xa213234cd88
0x41a249,0xa2132351c40
0x4194e7,0xa2132365300
0x419da5,0xa2132367200
0x418e42,0xa2132366380
0x418c1a,0xa2132353d00
0x4197b6,0xa2132356c00
0x419da5,0xa2132367280
0x41a249,0xa2132351e00
0x41b181,0xa2132352e80
0x418f51,0xa21323608c0
0x418c5a,0xa213234dfc0
0x41b181,0xa2132352ec0
0x41b5d1,0xa213236c1c0
0x419cad,0xa2132362740
0x419247,0xa2132350f80
0x418e42,0xa2132366580
0x418f51,0xa2132360980
0x55146b,0xa2132371340
0x55146b,0xa2132371380
0x414201,0x28e837cc7201
0x414281,0x28e837cc7281
0x414540,0xa21323847c0
0x4144e0,0xa2132380d40
0x4144f1,0xa2132387cc0
0x4145be,0xa213236d780
0x41448e,0xa213237e500
0x4144cd,0x8ad3301c10c0
0x41452d,0x8ad3301c0180
0x4144cd,0x8ad3301c1180
0x414595,0xa2132376400
0x4144e0,0x8ad3301c3100
0x41450f,0xa21323698c8
0x41447b,0x8ad3301c5100
0x414568,0x8ad3301be500
0x414508,0xa2132381c40
0x414551,0x8ad3301c23c0
0x414428,0x8ad3301c7200
0x41447b,0x8ad3301c5300
0x414595,0xa2132376740
0x551432,0xa2132379f80
0x55146b,0xa2132371c40
0x414428,0x8ad3301c7280
0x4144a9,0xa213237dc40
0x4144b6,0x8ad3301c6380
0x41448e,0xa213237ebc0
0x4145be,0xa213236dfc0
0x414551,0x8ad3301c2740
0x414468,0x8ad3301cc1c0
0x4144b6,0x8ad3301c6580
0x41448e,0xa213237ed40
0x41452d,0x8ad3301c08c0
0x41447b,0x8ad3301c5700
0x551432,0x8ad3301cb380
0x55146b,0xa2132371e00
0x551432,0x8ad3301cb540
0x4144f1,0x8ad3301c47c0
0x4145a2,0xa2132388b80
0x41452d,0x8ad3301c0980
0x414595,0xa2132376c00
0x414440,0xa213237bd80
0x414568,0x8ad3301bebc0
0x414440,0xa213237bf40
0x414568,0x8ad3301bed40
0x4144cd,0x8ad3301c1c40
0x414468,0x8ad3301cc640
0x41447b,0x8ad3301c5a80
0x41455c,0x8ad3301c98c0
0x4144a9,0x8ad3301d1340
0x41448e,0x8ad3301d31c0
0x4144a9,0x8ad3301d1380
0x414428,0x8ad3301c7a00
0x41452d,0x8ad3301c0d40
0x414540,0x8ad3301cd780
0x414595,0x8ad3301d5100
0x414458,0x8ad3301c8b80
0x414428,0x8ad3301c7c40
0x414428,0x8ad3301c7cc0
0x41450f,0x8ad3301d25c8
0x4145be,0x8ad3301ce800
0x414595,0x8ad3301d5240
0x41448e,0x8ad3301d3540
0x414588,0x8ad3301d9100
0x551432,0x8ad3301cbc80
0x4145a2,0x8ad3301d6400
0x414440,0x8ad3301d4700
0x414468,0x8ad3301ccd80
0x414428,0x8ad3301e10c0
0x4144b6,0x8ad3301e0180
0x55146b,0x8ad3301d0980
0x414428,0x8ad3301e1180
0x41452d,0x8ad3301da4c0
0x41455c,0x8ad3301e3100
0x4145a2,0x8ad3301d6740
0x414551,0x8ad3301dc500
0x4144a9,0x8ad3301d1c40
0x414579,0x8ad3301e5100
0x414540,0x8ad3301cdfc0
0x4144f1,0x8ad3301de500
0x414458,0x8ad3301e23c0
0x4144a9,0x8ad3301d1e00
0x41448e,0x8ad3301d3d00
0x414579,0x8ad3301e5300
0x55146b,0x8ad3301d0f80
0x414540,0x8ad3301e7200
0x414568,0x8ad3301d8980
0x41450f,0x8ad3301d2e88
0x41450f,0x8ad3301d2ec8
0x414540,0x8ad3301e7280
0x414468,0x8ad3301e6380
0x4145a2,0x8ad3301d6c00
0x414458,0x8ad3301e2740
0x4144b6,0x8ad3301e08c0
0x414468,0x8ad3301e6580
0x551432,0x8ad3301e47c0
0x414579,0x8ad3301e5700
0x414440,0x8ad3301d4f80
0x4144b6,0x8ad3301e0980
0x41448e,0x8ad3301ec1c0
0x4144e0,0x8ad3301ddc40
0x4144f1,0x8ad3301debc0
0x41450f,0x8ad3301eb388
0x4144cd,0x8ad3301dbd80
0x414568,0x8ad3301d8fc0
0x4144f1,0x8ad3301ded40
0x414588,0x8ad3301d9f80
0x414428,0x8ad3301e1c40
0x41450f,0x8ad3301eb548
0x4144cd,0x8ad3301dbf40
0x414579,0x8ad3301e5a80
0x4144b6,0x8ad3301e0d40
0x414540,0x8ad3301e7a00
0x414508,0x8ad3301e98c0
0x4144cd,0x8ad3301f5100
0x41448e,0x8ad3301ec640
0x414588,0x8ad3301f31c0
0x4145b3,0x8ad3301f1340
0x4145b3,0x8ad3301f1380
0x4144cd,0x8ad3301f5240
0x414540,0x8ad3301e7c40
0x41447b,0x8ad3301f9100
0x414540,0x8ad3301e7cc0
0x4145be,0x8ad3301e8b80
0x55146b,0x8ad3301ed780
0x414440,0x8ad3301ee800
0x414551,0x8ad3301f6400
0x414568,0x8ad3301f25c0
0x414588,0x8ad3301f3540
0x41450f,0x8ad3301ebc88
0x41452d,0x8ad3301f4700
0x414540,0x8ad3302010c0
0x4144b6,0x8ad3301fa4c0
0x4145a2,0x8ad3301f0980
0x414468,0x8ad330200180
0x414551,0x8ad3301f6740
0x414540,0x8ad330201180
0x41448e,0x8ad3301ecd80
0x41455c,0x8ad3301fe500
0x414508,0x8ad330203100
0x4145b3,0x8ad3301f1c40
0x41450f,0x8ad330205108
0x551432,0x8ad3301fc500
0x55146b,0x8ad3301edfc0
0x4144f1,0x8ad3301f8980
0x4145be,0x8ad3302023c0
0x414551,0x8ad3301f6c00
0x414588,0x8ad3301f3d00
0x4145b3,0x8ad3301f1e00
0x41450f,0x8ad330205308
0x41448e,0x8ad330207200
0x41448e,0x8ad330207280
0x414568,0x8ad3301f2e80
0x4145a2,0x8ad3301f0f80
0x414568,0x8ad3301f2ec0
0x55146b,0x8ad330206380
0x55146b,0x8ad330206580
0x414468,0x8ad3302008c0
0x4145be,0x8ad330202740
0x41452d,0x8ad3301f4f80
0x414468,0x8ad330200980
0x41455c,0x8ad3301febc0
0x414458,0x8ad3301fdc40
0x414428,0x8ad3301fbd80
0x414568,0x8ad33020c1c0
0x41450f,0x8ad330205708
0x41455c,0x8ad3301fed40
0x4144a9,0x8ad3302047c0
0x4144f1,0x8ad3301f8fc0
0x41447b,0x8ad3301f9f80
0x4145b3,0x8ad33020b380
0x414428,0x8ad3301fbf40
0x414540,0x8ad330201c40
0x414468,0x8ad330200d40
0x41447b,0x8ad3302131c0
0x4145b3,0x8ad33020b540
0x414428,0x8ad330215100
0x4144e0,0x8ad330211340
0x4144e0,0x8ad330211380
0x41450f,0x8ad330205a88
0x41448e,0x8ad330207a00
0x414568,0x8ad33020c640
0x414428,0x8ad330215240
0x414595,0x8ad3302098c0
0x414588,0x8ad33020d780
0x414468,0x8ad330219100
0x41448e,0x8ad330207c40
0x41447b,0x8ad330213540
0x4144f1,0x8ad3302125c0
0x414458,0x8ad330216400
0x41448e,0x8ad330207cc0
0x41452d,0x8ad33020e800
0x414440,0x8ad330208b80
0x4144b6,0x8ad330214700
0x551432,0x8ad33021a4c0
0x55146b,0x8ad330220180
0x414551,0x8ad330210980
0x414458,0x8ad330216740
0x4145b3,0x8ad33020bc80
0x41448e,0x8ad3302210c0
0x414568,0x8ad33020cd80
0x41448e,0x8ad330221180
0x4145be,0x8ad33021c500
0x4144e0,0x8ad330211c40
0x4144a9,0x8ad33021e500
0x414579,0x8ad330218980
0x41447b,0x8ad330213d00
0x4144e0,0x8ad330211e00
0x414595,0x8ad330223100
0x414588,0x8ad33020dfc0
0x414458,0x8ad330216c00
0x4145b3,0x8ad330225100
0x4144f1,0x8ad330212e80
0x414551,0x8ad330210f80
0x414440,0x8ad3302223c0
0x4144f1,0x8ad330212ec0
0x55146b,0x8ad3302208c0
0x414588,0x8ad330227200
0x4145b3,0x8ad330225300
0x4144b6,0x8ad330214f80
0x414588,0x8ad330227280
0x414568,0x8ad330226380
0x4144f1,0x8ad33022c1c0
0x414440,0x8ad330222740
0x414540,0x8ad33021bd80
0x414508,0x8ad33021dc40
0x4144e0,0x8ad33022b380
0x414568,0x8ad330226580
0x414579,0x8ad330218fc0
0x55146b,0x8ad330220980
0x551432,0x8ad3302331c0
0x4144a9,0x8ad33021ebc0
0x4145b3,0x8ad330225700
0x414468,0x8ad330219f80
0x414540,0x8ad33021bf40
0x4145a2,0x8ad3302247c0
0x4144e0,0x8ad33022b540
0x4144a9,0x8ad33021ed40
0x41455c,0x8ad330231340
0x41448e,0x8ad330221c40
0x41455c,0x8ad330231380
0x414540,0x8ad330235100
0x4144f1,0x8ad33022c640
0x41452d,0x8ad3302298c0
0x414540,0x8ad330235240
0x55146b,0x8ad330220d40
0x551432,0x8ad330233540
0x4145b3,0x8ad330225a80
0x41447b,0x8ad33022d780
0x414588,0x8ad330227a00
0x4144a9,0x8ad330239100
0x4144b6,0x8ad33022e800
0x414579,0x8ad3302325c0
0x4144cd,0x8ad330228b80
0x414588,0x8ad330227c40
0x4145be,0x8ad330236400
0x414588,0x8ad330227cc0
0x414458,0x8ad330230980
0x414468,0x8ad330234700
0x4144e0,0x8ad33022bc80
0x41450f,0x8ad33023a4c8
0x4144f1,0x8ad33022cd80
0x4145be,0x8ad330236740
0x41455c,0x8ad330231c40
0x551432,0x8ad330233d00
0x414440,0x8ad33023c500
0x41447b,0x8ad33022dfc0
0x4144cd,0xa1abd7fd31c0
0x41455c,0x8ad330231e00
0x4144e0,0xa1abd7fd5100
0x414588,0xa1abd7fd1340
0x414458,0x8ad330230f80
0x414588,0xa1abd7fd1380
0x4145a2,0x8ad33023e500
0x4144e0,0xa1abd7fd5240
0x414579,0x8ad330232e80
0x4145b3,0xea2062be500
0x414579,0x8ad330232ec0
0x4145be,0x8ad330236c00
0x414428,0xa1abd7fd9100
0x55146b,0x8ad330238980
0x4144cd,0xa1abd7fd3540
0x4144f1,0xa1abd7fd6400
0x414468,0x8ad330234f80
0x41452d,0xa1abd7fd25c0
0x414551,0xa1abd7fd4700
0x551432,0xa1abd7fdc500
0x414458,0xa1abd7fda4c0
0x41448e,0x8ad33023bd80
0x414508,0xa1abd7fe10c0
0x4144f1,0xa1abd7fd6740
0x4144a9,0x8ad330239f80
0x4145be,0xa1abd7fe0180
0x414508,0xa1abd7fe1180
0x4145a2,0x8ad33023ebc0
0x414595,0x8ad33023dc40
0x41448e,0x8ad33023bf40
0x4145b3,0xea2062bebc0
0x41450f,0xa1abd7fe3108
0x414468,0xa1abd7fde500
0x4145a2,0x8ad33023ed40
0x55146b,0x8ad330238fc0
0x55146b,0xa1abd7fe5100
0x55146b,0xa1abd7fe5300
0x414588,0xa1abd7fd1c40
0x4145b3,0xea2062bed40
0x4144b6,0xa1abd7fd8980
0x4144cd,0xa1abd7fd3d00
0x4144a9,0xa1abd7fe23c0
0x4144f1,0xa1abd7fd6c00
0x414588,0xa1abd7fd1e00
0x41452d,0xa1abd7fd2e80
0x41452d,0xa1abd7fd2ec0
0x55146b,0xa1abd7fe5700
0x414595,0xa1abd7fe7200
0x414440,0xa1abd7fe6380
0x414551,0xa1abd7fd4f80
0x414595,0xa1abd7fe7280
0x4145be,0xa1abd7fe08c0
0x4144a9,0xa1abd7fe2740
0x414579,0xa1abd7fddc40
0x4145be,0xa1abd7fe0980
0x41455c,0xa1abd7fdbd80
0x41452d,0xa1abd7fec1c0
0x414468,0xa1abd7fdebc0
0x414440,0xa1abd7fe6580
0x4144b6,0xa1abd7fd8fc0
0x414428,0xa1abd7fd9f80
0x41448e,0xa1abd7fe47c0
0x414588,0xa1abd7feb380
0x41455c,0xa1abd7fdbf40
0x55146b,0xa1abd7fe5a80
0x414468,0xa1abd7fded40
0x414508,0xa1abd7fe1c40
0x414458,0xa1abd7ff5100
0x414428,0xa1abd7ff31c0
0x414588,0xa1abd7feb540
0x4145be,0xa1abd7fe0d40
0x41447b,0xa1abd7ff1340
0x41447b,0xa1abd7ff1380
0x414458,0xa1abd7ff5240
0x41452d,0xa1abd7fec640
0x4145b3,0xa1abd7fe98c0
0x414540,0xa1abd7ff9100
0x4144cd,0xa1abd7fed780
0x414595,0xa1abd7fe7a00
0x41455c,0xa1abd7ff6400
0x414428,0xa1abd7ff3540
0x4144b6,0xa1abd7ff25c0
0x414551,0xa1abd7fee800
0x4145a2,0xa1abd7fe8b80
0x414595,0xa1abd7fe7c40
0x414595,0xa1abd7fe7cc0
0x551432,0xa1abd7ff4700
0x4144f1,0xa1abd7ff0980
0x41455c,0xa1abd7ff6740
0x414588,0xa1abd7febc80
0x4145be,0xa1abd7ffa4c0
0x41452d,0xa1abd7fecd80
0x414440,0xa1abd8000180
0x41447b,0xa1abd7ff1c40
0x55146b,0xa1abd7ffe500
0x4144a9,0xa1abd7ffc500
0x414595,0xa1abd80010c0
0x414595,0xa1abd8001180
0x414468,0xa1abd7ff8980
0x4145b3,0xa1abd8003100
0x4144cd,0xa1abd7fedfc0
0x41455c,0xa1abd7ff6c00
0x414428,0xa1abd7ff3d00
0x41447b,0xa1abd7ff1e00
0x414588,0xa1abd8005100
0x4144b6,0xa1abd7ff2e80
0x4144f1,0xa1abd7ff0f80
0x4144b6,0xa1abd7ff2ec0
0x4145a2,0xa1abd80023c0
0x4144cd,0xa1abd8007200
0x4144cd,0xa1abd8007280
0x414588,0xa1abd8005300
0x41452d,0xa1abd8006380
0x4144b6,0xa1abd800c1c0
0x414440,0xa1abd80008c0
0x4145a2,0xa1abd8002740
0x41447b,0xa1abd800b380
0x414508,0xa1abd7ffbd80
0x41452d,0xa1abd8006580
0x414468,0xa1abd7ff8fc0
0x551432,0xa1abd7ff4f80
0x55146b,0xa1abd7ffebc0
0x55146b,0xa1abd7ffed40
0x414440,0xa1abd8000980
0x414540,0xa1abd7ff9f80
0x41450f,0xa1abd7ffdc48
0x414588,0xa1abd8005700
0x414568,0xa1abd80047c0
0x414540,0x6c6f1e4c10c0
0x414508,0xa1abd7ffbf40
0x41447b,0xa1abd800b540
0x414468,0x6c6f1e4c0180
0x414540,0x6c6f1e4c1180
0x4144b6,0xa1abd800c640
0x414508,0x6c6f1e4c3100
0x551432,0xa1abd8011340
0x551432,0xa1abd8011380
0x55146b,0x6c6f1e4c5100
0x4144e0,0xa1abd80098c0
0x414440,0xa1abd8000d40
0x4144cd,0xa1abd8007a00
0x414588,0xa1abd8005a80
0x414595,0xa1abd8001c40
0x414428,0xa1abd800d780
0x414458,0xa1abd800e800
0x4145be,0x6c6f1e4c23c0
0x414551,0xa1abd8008b80
0x4144cd,0xa1abd8007c40
0x4144cd,0xa1abd8007cc0
0x41448e,0x6c6f1e4c7200
0x41450f,0x6c6f1e4c6388
0x55146b,0x6c6f1e4c5300
0x41448e,0x6c6f1e4c7280
0x41447b,0xa1abd800bc80
0x414579,0xa1abd8010980
0x414468,0x6c6f1e4c08c0
0x4145be,0x6c6f1e4c2740
0x41450f,0x6c6f1e4c6588
0x414468,0x6c6f1e4c0980
0x4144b6,0xa1abd800cd80
0x414568,0x6c6f1e4cc1c0
0x551432,0xa1abd8011c40
0x551432,0xa1abd8011e00
0x55146b,0x6c6f1e4c5700
0x4144a9,0x6c6f1e4c47c0
0x4145b3,0x6c6f1e4cb380
0x414540,0x6c6f1e4c1c40
0x414428,0xa1abd800dfc0
0x414468,0x6c6f1e4c0d40
0x41447b,0x6c6f1e4d31c0
0x4145b3,0x6c6f1e4cb540
0x414428,0x6c6f1e4d5100
0x4144e0,0x6c6f1e4d1340
0x4144e0,0x6c6f1e4d1380
0x414579,0xa1abd8010f80
0x55146b,0x6c6f1e4c5a80
0x41448e,0x6c6f1e4c7a00
0x414428,0x6c6f1e4d5240
0x414568,0x6c6f1e4cc640
0x414579,0x6c6f1e4d9100
0x414595,0x6c6f1e4c98c0
0x414588,0x6c6f1e4cd780
0x41447b,0x6c6f1e4d3540
0x41448e,0x6c6f1e4c7c40
0x4144f1,0x6c6f1e4d25c0
0x414458,0x6c6f1e4d6400
0x41448e,0x6c6f1e4c7cc0
0x414440,0x6c6f1e4c8b80
0x41452d,0x6c6f1e4ce800
0x4144b6,0x6c6f1e4d4700
0x414551,0x6c6f1e4d0980
0x414458,0x6c6f1e4d6740
0x414468,0x6c6f1e4da4c0
0x4145b3,0x6c6f1e4cbc80
0x41450f,0x6c6f1e4e0188
0x41448e,0x6c6f1e4e10c0
0x551432,0x6c6f1e4d8980
0x41448e,0x6c6f1e4e1180
0x414568,0x6c6f1e4ccd80
0x4145be,0x6c6f1e4dc500
0x4144e0,0x6c6f1e4d1c40
0x41447b,0x6c6f1e4d3d00
0x4144e0,0x6c6f1e4d1e00
0x414595,0x6c6f1e4e3100
0x414588,0x6c6f1e4cdfc0
0x414458,0x6c6f1e4d6c00
0x4145b3,0x6c6f1e4e5100
0x4144f1,0x6c6f1e4d2e80
0x414551,0x6c6f1e4d0f80
0x55146b,0x6c6f1e4de500
0x414440,0x6c6f1e4e23c0
0x4144f1,0x6c6f1e4d2ec0
0x414588,0x6c6f1e4e7200
0x4145b3,0x6c6f1e4e5300
0x4144b6,0x6c6f1e4d4f80
0x414588,0x6c6f1e4e7280
0x414568,0x6c6f1e4e6380
0x41450f,0x6c6f1e4e08c8
0x4144f1,0x6c6f1e4ec1c0
0x41450f,0x6c6f1e4e0988
0x414440,0x6c6f1e4e2740
0x551432,0x6c6f1e4d8fc0
0x414540,0x6c6f1e4dbd80
0x414508,0x6c6f1e4ddc40
0x4144e0,0x6c6f1e4eb380
0x414568,0x6c6f1e4e6580
0x414579,0x6c6f1e4d9f80
0x4145b3,0x6c6f1e4e5700
0x414540,0x6c6f1e4dbf40
0x4145a2,0x6c6f1e4e47c0
0x4144e0,0x6c6f1e4eb540
0x414579,0x6c6f1e4f31c0
0x41455c,0x6c6f1e4f1340
0x41450f,0x6c6f1e4e0d48
0x41448e,0x6c6f1e4e1c40
0x41455c,0x6c6f1e4f1380
0x414540,0x6c6f1e4f5100
0x55146b,0x6c6f1e4debc0
0x55146b,0x6c6f1e4ded40
0x4144f1,0x6c6f1e4ec640
0x414540,0x6c6f1e4f5240
0x4144cd,0x6c6f1e4e98c0
0x4145b3,0x6c6f1e4e5a80
0x41447b,0x6c6f1e4ed780
0x414588,0x6c6f1e4e7a00
0x414579,0x6c6f1e4f3540
0x4144b6,0x6c6f1e4ee800
0x41450f,0x6c6f1e4f9108
0x551432,0x6c6f1e4f25c0
0x41452d,0x6c6f1e4e8b80
0x414588,0x6c6f1e4e7c40
0x4145be,0x6c6f1e4f6400
0x414588,0x6c6f1e4e7cc0
0x414458,0x6c6f1e4f0980
0x414468,0x6c6f1e4f4700
0x4144e0,0x6c6f1e4ebc80
0x4144f1,0x6c6f1e4ecd80
0x4145be,0x6c6f1e4f6740
0x41448e,0x6c6f1e4fa4c0
0x41455c,0x6c6f1e4f1c40
0x414588,0x6c6f1e5010c0
0x414568,0x6c6f1e500180
0x4144cd,0x6c6f1e503100
0x414588,0x6c6f1e501180
0x414440,0x6c6f1e4fc500
0x41447b,0x6c6f1e4edfc0
0x41455c,0x6c6f1e4f1e00
0x4144e0,0x6c6f1e505100
0x414579,0x6c6f1e4f3d00
0x551432,0x6c6f1e4f2e80
0x551432,0x6c6f1e4f2ec0
0x414458,0x6c6f1e4f0f80
0x4144a9,0x6c6f1e4f8980
0x4145a2,0x6c6f1e4fe500
0x41452d,0x6c6f1e5023c0
0x4145be,0x6c6f1e4f6c00
0x4144e0,0x6c6f1e505300
0x41447b,0x6c6f1e507200
0x41447b,0x6c6f1e507280
0x4144f1,0x6c6f1e506380
0x414468,0x6c6f1e4f4f80
0x41455c,0x6c6f1e50c1c0
0x55146b,0x6c6f1e4fbd80
0x414458,0x6c6f1e50b380
0x4144f1,0x6c6f1e506580
0x41452d,0x6c6f1e502740
0x414568,0x6c6f1e5008c0
0x4144e0,0x6c6f1e505700
0x414551,0x6c6f1e5047c0
0x414568,0x6c6f1e500980
0x414458,0x6c6f1e50b540
0x4144a9,0x6c6f1e4f8fc0
0x41450f,0x6c6f1e4f9f88
0x4145a2,0x6c6f1e4febc0
0x414595,0x6c6f1e4fdc40
0x41455c,0x6c6f1e50c640
0x55146b,0x6c6f1e4fbf40
0x414508,0x6c6f1e511340
0x4145a2,0x6c6f1e4fed40
0x4144e0,0x6c6f1e505a80
0x414508,0x6c6f1e511380
0x414588,0x6c6f1e501c40
0x41447b,0x6c6f1e507a00
0x414568,0x6c6f1e500d40
0x414579,0x6c6f1e50d780
0x41448e,0x6c6f1e5131c0
0x4144b6,0x6c6f1e508b80
0x414468,0x6c6f1e50e800
0x551432,0x6c6f1e5098c0
0x41447b,0x6c6f1e507c40
0x41447b,0x6c6f1e507cc0
0x4145a2,0x6c6f1e515100
0x4144a9,0x6c6f1e5125c0
0x414458,0x6c6f1e50bc80
0x41448e,0x6c6f1e513540
0x4145a2,0x6c6f1e515240
0x41452d,0x6c6f1e519100
0x4145be,0x6c6f1e510980
0x41455c,0x6c6f1e50cd80
0x4145b3,0x6c6f1e516400
0x414440,0x6c6f1e514700
0x41450f,0x28e837cb0988
0x4144cd,0x28e837cab380
0x414508,0x6c6f1e511c40
0x414579,0x6c6f1e50dfc0
0x414595,0x28e837cb4700
0x414458,0x6c6f1e520180
0x4144cd,0x28e837cab540
0x414551,0x6c6f1e51a4c0
0x414579,0x6c6f1e5210c0
0x4145b3,0x6c6f1e516740
0x414508,0x6c6f1e511e00
0x414579,0x6c6f1e521180
0x4144f1,0x6c6f1e51c500
0x4145be,0x6c6f1e510f80
0x414540,0x6c6f1e523100
0x4144b6,0x6c6f1e51e500
0x4144a9,0x6c6f1e512e80
0x41448e,0x6c6f1e513d00
0x414468,0x28e837ca7200
0x4144a9,0x6c6f1e512ec0
0x414468,0x28e837ca7280
0x4145be,0x28e837cb9100
0x414588,0x6c6f1e518980
0x41450f,0x28e837cb0f88
0x551432,0x6c6f1e5223c0
0x41455c,0x28e837cb25c0
0x4144a9,0x6c6f1e525100
0x4145b3,0x6c6f1e516c00
0x414440,0x6c6f1e514f80
0x414458,0x6c6f1e5208c0
0x4144a9,0x6c6f1e525300
0x4144cd,0x28e837cabc80
0x414458,0x6c6f1e520980
0x551432,0x6c6f1e522740
0x414595,0x28e837cb4f80
0x41447b,0x6c6f1e51dc40
0x4144b6,0x6c6f1e51ebc0
0x414440,0x6c6f1e527200
0x4144e0,0x6c6f1e51bd80
0x41448e,0x6c6f1e526380
0x414595,0x28e837cb5100
0x414440,0x6c6f1e527280
0x414588,0x6c6f1e518fc0
0x41452d,0x6c6f1e519f80
0x414508,0x6c6f1e5247c0
0x4144b6,0x6c6f1e51ed40
0x414468,0x28e837ca7a00
0x414595,0x28e837cb5240
0x4144e0,0x6c6f1e51bf40
0x4144a9,0x6c6f1e525700
0x41448e,0x6c6f1e526580
0x414458,0x6c6f1e520d40
0x4144cd,0x28e837cc10c0
0x414579,0x6c6f1e521c40
0x4144cd,0x28e837cc1180
0x41452d,0x6c6f1e52c1c0
0x41450f,0x28e837cae808
0x414468,0x28e837ca7c40
0x41455c,0x28e837cb2e80
0x41455c,0x28e837cb2ec0
0x414468,0x28e837ca7cc0
0x414588,0x6c6f1e52b380
0x4144a9,0x6c6f1e525a80
0x414588,0x6c6f1e52b540
0x414458,0x6c6f1e5331c0
0x4144b6,0x6c6f1e531340
0x414579,0x6c6f1e535100
0x4144b6,0x6c6f1e531380
0x41452d,0x6c6f1e52c640
0x414440,0x6c6f1e527a00
0x414468,0x28e837cd5100
0x414579,0x6c6f1e535240
0x4145b3,0x6c6f1e5298c0
0x4145be,0x28e837cb9f80
0x41455c,0x28e837cd6400
0x414551,0x6c6f1e52d780
0x414468,0x28e837cd5240
0x414428,0x6c6f1e5325c0
0x414440,0x6c6f1e527c40
0x414458,0x6c6f1e533540
0x4144e0,0x6c6f1e52e800
0x414440,0x6c6f1e527cc0
0x4145a2,0x6c6f1e528b80
0x414540,0x6c6f1e536400
0x41455c,0x28e837cd6740
0x41447b,0x6c6f1e530980
0x41448e,0x6c6f1e539100
0x414588,0x6c6f1e52bc80
0x551432,0x6c6f1e534700
0x4144cd,0x28e837cc1c40
0x4145be,0x28e837cdc500
0x41452d,0x6c6f1e52cd80
0x414540,0x6c6f1e536740
0x41450f,0x28e837cda4c8
0x4144b6,0x6c6f1e531c40
0x41455c,0x28e837cd6c00
0x414551,0x6c6f1e52dfc0
0x414458,0x6c6f1e533d00
0x4144b6,0x6c6f1e531e00
0x414440,0x6c6f1e53a4c0
0x414428,0x6c6f1e532e80
0x41447b,0x6c6f1e530f80
0x4144e0,0x6c6f1e5410c0
0x414428,0x6c6f1e532ec0
0x4144cd,0x28e837cec1c0
0x414551,0x6c6f1e540180
0x4144e0,0x6c6f1e541180
0x414540,0x6c6f1e536c00
0x4144a9,0x6c6f1e538980
0x41447b,0x6c6f1e543100
0x4145b3,0x6c6f1e53c500
0x551432,0x6c6f1e534f80
0x414428,0x6c6f1e545100
0x414588,0x6c6f1e53e500
0x4144f1,0x6c6f1e5423c0
0x414595,0x28e837ce47c0
0x414428,0x6c6f1e545300
0x4144cd,0x28e837cec640
0x414458,0x6c6f1e546380
0x551432,0x6c6f1e547200
0x551432,0x6c6f1e547280
0x4144f1,0x6c6f1e542740
0x4145be,0x28e837d03100
0x414458,0x6c6f1e546580
0x4144a9,0x6c6f1e538fc0
0x414551,0x6c6f1e5408c0
0x414428,0x6c6f1e545700
0x414551,0x6c6f1e540980
0x4144b6,0x6c6f1e5447c0
0x41448e,0x6c6f1e539f80
0x41450f,0x28e837d010c8
0x414468,0x28e837cfc500
0x55146b,0xfdfd3a8c10c0
0x55146b,0xfdfd3a8c1180
0x414568,0x6c6f1e53dc40
0x414588,0x6c6f1e53ebc0
0x4145a2,0x6c6f1e53bd80
0x41450f,0x28e837d01188
0x41448e,0x6c6f1e54c1c0
0x414588,0x6c6f1e53ed40
0x4144a9,0x6c6f1e54b380
0x4144e0,0x6c6f1e541c40
0x4145a2,0x6c6f1e53bf40
0x414428,0x6c6f1e545a80
0x4144cd,0x28e837cecd80
0x414551,0x6c6f1e540d40
0x4144a9,0x6c6f1e54b540
0x551432,0x6c6f1e547a00
0x414540,0x6c6f1e5498c0
0x41455c,0x28e837cfdc40
0x414579,0x6c6f1e548b80
0x41448e,0x6c6f1e54c640
0x414595,0xfdfd3a8c6380
0x414551,0x6c6f1e5531c0
0x4144f1,0x6c6f1e555100
0x551432,0x6c6f1e547c40
0x551432,0x6c6f1e547cc0
0x414588,0x6c6f1e551340
0x414588,0x6c6f1e551380
0x414595,0xfdfd3a8c6580
0x4144f1,0x6c6f1e555240
0x414440,0x6c6f1e54d780
0x414458,0x6c6f1e559100
0x41452d,0x6c6f1e5525c0
0x414551,0x6c6f1e553540
0x4144a9,0x6c6f1e54bc80
0x4145a2,0x6c6f1e54e800
0x41447b,0x6c6f1e556400
0x41450f,0x28e837d01c48
0x55146b,0xfdfd3a8c1c40
0x4144e0,0x6c6f1e554700
0x4144cd,0xfdfd3a8ce800
0x41448e,0x6c6f1e54cd80
0x414568,0x6c6f1e550980
0x4145be,0xfdfd3a8e5100
0x41447b,0x6c6f1e556740
0x414579,0x6c6f1e55a4c0
0x4145be,0xfdfd3a8e5300
0x41450f,0xfdfd3a8e3108
0x414468,0xfdfd3a8de500
0x414540,0x6c6f1e55c500
0x414588,0x6c6f1e551c40
0x414440,0x6c6f1e54dfc0
0x414428,0x6c6f1e558980
0x414551,0x6c6f1e553d00
0x414588,0x6c6f1e551e00
0x41447b,0x6c6f1e556c00
0x414440,0x6c6f1e560180
0x414568,0x6c6f1e550f80
0x4144a9,0x6c6f1e55e500
0x41452d,0x6c6f1e552e80
0x41452d,0x6c6f1e552ec0
0x4145a2,0x6c6f1e5610c0
0x4145be,0xfdfd3a8e5700
0x4145a2,0x6c6f1e561180
0x414568,0x6c6f1e563100
0x4144e0,0x6c6f1e554f80
0x41452d,0x6c6f1e565100
0x4144cd,0xfdfd3a8f5100
0x551432,0x6c6f1e55bd80
0x414468,0xfdfd3a8debc0
0x4144cd,0xfdfd3a8f5240
0x4145b3,0x6c6f1e5623c0
0x4145be,0xfdfd3a8e5a80
0x414428,0x6c6f1e558fc0
0x4144e0,0x6c6f1e567200
0x41452d,0x6c6f1e565300
0x414458,0x6c6f1e559f80
0x414468,0xfdfd3a8ded40
0x4144e0,0x6c6f1e567280
0x414551,0x6c6f1e566380
0x414508,0x6c6f1e55dc40
0x4144a9,0x6c6f1e55ebc0
0x414440,0x6c6f1e5608c0
0x414458,0x6c6f1e56c1c0
0x414595,0xfdfd3a8ed780
0x551432,0x6c6f1e55bf40
0x55146b,0xfdfd3a8e8b80
0x4145b3,0x6c6f1e562740
0x414440,0x6c6f1e560980
0x414551,0x6c6f1e566580
0x414428,0x6c6f1e56b380
0x4144a9,0x6c6f1e55ed40
0x41452d,0x6c6f1e565700
0x414588,0x6c6f1e5647c0
0x414468,0xa213218c1c0
0x414428,0x6c6f1e56b540
0x4145be,0xa21321931c0
0x414440,0x6c6f1e560d40
0x414458,0x6c6f1e56c640
0x4145a2,0x6c6f1e561c40
0x41452d,0x6c6f1e565a80
0x41447b,0x6c6f1e5698c0
0x4144e0,0x6c6f1e567a00
0x41455c,0xa213218d780
0x414468,0xa213218c640
0x414579,0x6c6f1e56d780
0x4144a9,0x6c6f1e571340
0x551432,0x6c6f1e56e800
0x55146b,0xa2132196400
0x4144a9,0x6c6f1e571380
0x4144f1,0x6c6f1e568b80
0x4145be,0xa2132193540
0x41450f,0xa2132191348
0x4144e0,0x6c6f1e567c40
0x41450f,0xa2132191388
0x4144e0,0x6c6f1e567cc0
0x414595,0xfdfd3a8edfc0
0x414440,0x6c6f1e5731c0
0x414428,0x6c6f1e56bc80
0x4145b3,0x6c6f1e575100
0x55146b,0xa2132196740
0x41448e,0x6c6f1e5725c0
0x4145b3,0x6c6f1e575240
0x414458,0x6c6f1e56cd80
0x4144cd,0xa21321a3100
0x414508,0x6c6f1e570980
0x414551,0x6c6f1e579100
0x414440,0x6c6f1e573540
0x414568,0x6c6f1e576400
0x414468,0xa213218cd80
0x41455c,0xa213218dfc0
0x551432,0x6c6f1e580180
0x55146b,0xa2132196c00
0x414579,0x6c6f1e56dfc0
0x4145be,0xa2132193d00
0x4145a2,0x6c6f1e574700
0x414579,0x6c6f1e5810c0
0x4144a9,0x6c6f1e571c40
0x4144e0,0x6c6f1e57a4c0
0x41450f,0xa2132191c48
0x414568,0x6c6f1e576740
0x414579,0x6c6f1e581180
0x41447b,0x6c6f1e57c500
0x4144a9,0x6c6f1e571e00
0x414508,0x6c6f1e570f80
0x414468,0xa21321b31c0
0x414428,0x6c6f1e57e500
0x41450f,0xa2132191e08
0x414508,0x6c6f1e583100
0x414440,0x6c6f1e573d00
0x41452d,0x6c6f1e578980
0x41448e,0x6c6f1e572e80
0x41448e,0x6c6f1e572ec0
0x414540,0x6c6f1e5823c0
0x41455c,0xa21321b4700
0x414568,0x6c6f1e576c00
0x414468,0xa21321b3540
0x414595,0xa213219bd80
0x551432,0x6c6f1e5808c0
0x41448e,0x6c6f1e585100
0x4145be,0xa21321ba4c0
0x414595,0xa213219bf40
0x4145a2,0x6c6f1e574f80
0x414540,0x6c6f1e582740
0x41448e,0x6c6f1e585300
0x414428,0x6c6f1e57ebc0
0x4144b6,0x6c6f1e57dc40
0x4144f1,0x6c6f1e57bd80
0x551432,0x6c6f1e580980
0x41452d,0x6c6f1e578fc0
0x414440,0x6c6f1e586380
0x4145a2,0x6c6f1e587200
0x414428,0x6c6f1e57ed40
0x414551,0x6c6f1e579f80
0x4145a2,0x6c6f1e587280
0x4144f1,0x6c6f1e57bf40
0x4144a9,0x6c6f1e5847c0
0x414579,0x6c6f1e581c40
0x414595,0xa21321c23c0
0x414440,0x6c6f1e586580
0x41448e,0x6c6f1e585700
0x414551,0x6c6f1e58c1c0
0x414468,0xa21321b3d00
0x41455c,0xa21321b4f80
0x41450f,0xa21321b8988
0x551432,0x6c6f1e580d40
0x41452d,0x6c6f1e58b380
0x414595,0xa21321c2740
0x41452d,0x6c6f1e58b540
0x414458,0x6c6f1e5931c0
0x41448e,0x6c6f1e585a80
0x414428,0x6c6f1e591340
0x414428,0x6c6f1e591380
0x414551,0x6c6f1e58c640
0x55146b,0xa21321bdc40
0x414540,0x6c6f1e595100
0x414568,0x6c6f1e5898c0
0x4145a2,0x6c6f1e587a00
0x4144e0,0x6c6f1e58d780
0x4145be,0xa21321e10c0
0x414540,0x6c6f1e595240
0x414458,0x6c6f1e593540
0x4145be,0xa21321e1180
0x4144f1,0x6c6f1e58e800
0x41450f,0xa21321b8fc8
0x4145b3,0x6c6f1e588b80
0x4145a2,0x6c6f1e587c40
0x4145a2,0x6c6f1e587cc0
0x414468,0xa21321da4c0
0x551432,0x6c6f1e5925c0
0x414508,0x6c6f1e596400
0x414579,0x6c6f1e594700
0x4144b6,0x6c6f1e590980
0x41452d,0x6c6f1e58bc80
0x414440,0x6c6f1e599100
0x414551,0x6c6f1e58cd80
0x414428,0x6c6f1e591c40
0x414508,0x6c6f1e596740
0x414458,0x6c6f1e593d00
