0x4268f9,0x28e837c8638c
0x4268a7,0x28e837c8b540
0x4268f9,0x28e837c86594
0x4268ae,0x28e837c8c640
0x4268ce,0x28e837c88b8c
0x4268c5,0xfdfd3a8c10c0
0x4268f9,0xfdfd3a8c1180
0x4268ce,0x28e837c8d780
0x4268f9,0xfdfd3a8c1c54
0x4268ce,0x28e837c8dfdc
0x4268ce,0xfdfd3a8c3114
0x4268f9,0xfdfd3a8c23c0
0x4268f9,0xfdfd3a8c274c
0x4268ce,0xfdfd3a8c5100
0x4268a7,0x28e837c8bc80
0x4268ce,0xfdfd3a8c5300
0x4268ce,0xfdfd3a8c5704
0x4268c5,0xfdfd3a8c47c0
0x4268ae,0x28e837c8cd80
0x4268ce,0xfdfd3a8c5aac
0x42693e,0x28e837c898c0
0x4268ce,0xfdfd3a8c7200
0x4268ce,0xfdfd3a8c7280
0x4268f9,0xfdfd3a8c6380
0x4268f9,0xfdfd3a8c6580
0x4268ce,0xfdfd3a8c7a1c
0x4268ce,0xfdfd3a8c7c40
0x4268ce,0xfdfd3a8c7cf4
0x4268ce,0xfdfd3a8cb380
0x4268ce,0xfdfd3a8cb540
0x4268ce,0xfdfd3a8cbc80
0x4268f9,0xfdfd3a8cc1cc
0x4268f9,0xfdfd3a8cc644
0x4268ce,0xfdfd3a8cd780
0x4268f9,0xfdfd3a8ccd94
0x4268ce,0xfdfd3a8cdfe4
0x4268f9,0xfdfd3a8ce824
0x4268a7,0xfdfd3a8c98c0
0x4268ce,0xfdfd3a8d1364
0x4268ce,0xfdfd3a8d1380
0x4268f9,0xfdfd3a8d099c
0x4268ce,0xfdfd3a8d1c54
0x4268ce,0xfdfd3a8d1e00
0x4268c5,0xfdfd3a8d0f80
0x4268ce,0xfdfd3a8d31c0
0x4268ae,0xfdfd3a8c8b80
0x4268ce,0xfdfd3a8d3544
0x4268f9,0xfdfd3a8d25cc
0x4268ce,0xfdfd3a8d3d00
0x4268f9,0xfdfd3a8d2e80
0x4268f9,0xfdfd3a8d2ec0
0x4268f9,0xfdfd3a8d6404
0x426898,0xfdfd3a8d5100
0x4268f9,0xfdfd3a8d6744
0x4268f9,0xfdfd3a8d6c24
0x4268ce,0xfdfd3a8d9100
0x426898,0xfdfd3a8d5240
0x4268f9,0xfdfd3a8d898c
0x4268ce,0xfdfd3a8d9f84
0x4268f9,0xfdfd3a8d8fc0
0x4268f9,0xfdfd3a8dc500
0x4268ce,0xfdfd3a8ddc40
0x4268ae,0xfdfd3a8da4c0
0x4268f9,0xfdfd3a8de52c
0x4268f9,0xfdfd3a8debc0
0x4268f9,0xfdfd3a8ded4c
0x4268c5,0xfdfd3a8e10c0
0x4268f9,0xfdfd3a8e1180
0x4268ce,0xfdfd3a8e01a4
0x4268ce,0xfdfd3a8e08f4
0x4268ce,0xfdfd3a8e0980
0x4268f9,0xfdfd3a8e1c54
0x4268ce,0xfdfd3a8e0d6c
0x4268ce,0xfdfd3a8e3114
0x4268f9,0xfdfd3a8e23c0
0x42693e,0xfdfd3a8d4700
0x4268f9,0xfdfd3a8e274c
0x4268ce,0xfdfd3a8e5100
0x4268ce,0xfdfd3a8e5300
0x4268ce,0xfdfd3a8e5704
0x4268c5,0xfdfd3a8e47c0
0x4268a7,0xfdfd3a8dbd80
0x4268ce,0xfdfd3a8e5aac
0x4268ce,0xfdfd3a8e7200
0x4268ce,0xfdfd3a8e7280
0x4268f9,0xfdfd3a8e6380
0x4268a7,0xfdfd3a8dbf40
0x4268f9,0xfdfd3a8e6580
0x4268ce,0xfdfd3a8e7a1c
0x4268ce,0xfdfd3a8e7c40
0x4268ce,0xfdfd3a8e7cf4
0x4268ce,0xfdfd3a8eb380
0x4268ce,0xfdfd3a8eb540
0x4268ce,0xfdfd3a8ebc80
0x4268f9,0xfdfd3a8ec1cc
0x4268f9,0xfdfd3a8ec644
0x4268ce,0xfdfd3a8ed780
0x4268f9,0xfdfd3a8ecd94
0x4268ce,0xfdfd3a8edfe4
0x4268f9,0xfdfd3a8ee824
0x4268a7,0xfdfd3a8e98c0
0x4268ce,0xfdfd3a8f1364
0x4268ce,0xfdfd3a8f1380
0x4268f9,0xfdfd3a8f099c
0x4268ce,0xfdfd3a8f1c54
0x4268ce,0xfdfd3a8f1e00
0x4268c5,0xfdfd3a8f0f80
0x4268ce,0xfdfd3a8f31c0
0x42693e,0xfdfd3a8d4f80
0x4268ae,0xfdfd3a8e8b80
0x4268ce,0xfdfd3a8f3544
0x4268f9,0xfdfd3a8f25cc
0x4268ce,0xfdfd3a8f3d00
0x4268f9,0xfdfd3a8f2e80
0x4268f9,0xfdfd3a8f2ec0
0x4268f9,0xfdfd3a8f6404
0x426898,0xfdfd3a8f5100
0x4268f9,0xfdfd3a8f6744
0x4268f9,0xfdfd3a8f6c24
0x4268ce,0xfdfd3a8f9100
0x426898,0xfdfd3a8f5240
0x4268f9,0xfdfd3a8f898c
0x4268ce,0xfdfd3a8f9f84
0x4268f9,0xfdfd3a8f8fc0
0x4268f9,0xfdfd3a8fc500
0x4268ce,0xfdfd3a8fdc40
0x4268ae,0xfdfd3a8fa4c0
0x4268f9,0xfdfd3a8fe52c
0x4268f9,0xfdfd3a8febc0
0x4268f9,0xfdfd3a8fed4c
0x4268c5,0xfdfd3a9010c0
0x4268f9,0xfdfd3a901180
0x4268ce,0xfdfd3a9001a4
0x4268ce,0xfdfd3a9008f4
0x4268ce,0xfdfd3a900980
0x4268f9,0xfdfd3a901c54
0x4268ce,0xfdfd3a900d6c
0x4268ce,0xfdfd3a903114
0x4268f9,0xfdfd3a9023c0
0x42693e,0xfdfd3a8f4700
0x4268f9,0xfdfd3a90274c
0x4268ce,0xfdfd3a905100
0x4268ce,0xfdfd3a905300
0x4268ce,0xfdfd3a905704
0x4268c5,0xfdfd3a9047c0
0x4268a7,0xfdfd3a8fbd80
0x4268ce,0xfdfd3a905aac
0x4268ce,0xfdfd3a907200
0x4268ce,0xfdfd3a907280
0x4268f9,0xfdfd3a906380
0x4268a7,0xfdfd3a8fbf40
0x4268f9,0xfdfd3a906580
0x4268ce,0xfdfd3a907a1c
0x4268ce,0xfdfd3a907c40
0x4268ce,0xfdfd3a907cf4
0x4268ce,0xfdfd3a90b380
0x4268ce,0xfdfd3a90b540
0x4268ce,0xfdfd3a90bc80
0x4268f9,0xfdfd3a90c1cc
0x4268f9,0xfdfd3a90c644
0x4268ce,0xfdfd3a90d780
0x4268f9,0xfdfd3a90cd94
0x4268ce,0xfdfd3a90dfe4
0x4268f9,0xfdfd3a90e824
0x4268a7,0xfdfd3a9098c0
0x4268ce,0xfdfd3a911364
0x4268ce,0xfdfd3a911380
0x4268f9,0xfdfd3a91099c
0x4268ce,0xfdfd3a911c54
0x4268ce,0xfdfd3a911e00
0x4268c5,0xfdfd3a910f80
0x4268ce,0xfdfd3a9131c0
0x42693e,0xfdfd3a8f4f80
0x4268ae,0xfdfd3a908b80
0x4268ce,0xfdfd3a913544
0x4268f9,0xfdfd3a9125cc
0x4268ce,0xfdfd3a913d00
0x4268f9,0xfdfd3a912e80
0x4268f9,0xfdfd3a912ec0
0x4268f9,0xfdfd3a916404
0x426898,0xfdfd3a915100
0x4268f9,0xfdfd3a916744
0x4268f9,0xfdfd3a916c24
0x4268ce,0xfdfd3a919100
0x426898,0xfdfd3a915240
0x4268f9,0xfdfd3a91898c
0x4268ce,0xfdfd3a919f84
0x4268f9,0xfdfd3a918fc0
0x4268a7,0xfdfd3a926380
0x4268f9,0xfdfd3a9298e4
0x4268ce,0xfdfd3a928b9c
0x4268ce,0xfdfd3a92b380
0x4268a7,0xfdfd3a926580
0x4268ce,0xfdfd3a92b55c
0x4268ce,0xfdfd3a92bcac
0x4268ce,0xfdfd3a92c1f4
0x4268ce,0xfdfd3a92c66c
0x4268f9,0xfdfd3a92d780
0x4268ce,0xfdfd3a92cd80
0x4268f9,0xfdfd3a92dfe4
0x4268ae,0xfdfd3a927a00
0x42693e,0xfdfd3a914700
0x4268f9,0xfdfd3a92e804
0x4268ae,0xfdfd3a927c40
0x4268ae,0xfdfd3a927cc0
0x4268ce,0xfdfd3a931344
0x4268ce,0xfdfd3a9313ac
0x4268f9,0xfdfd3a930980
0x4268ce,0xfdfd3a931c40
0x4268ce,0xfdfd3a931e00
0x4268f9,0xfdfd3a930f94
0x4268ce,0xfdfd3a9331e4
0x4268ce,0xfdfd3a933540
0x4268f9,0xfdfd3a9325c0
0x4268ce,0xfdfd3a933d00
0x4268a7,0xfdfd3a935100
0x4268f9,0xfdfd3a932e9c
0x4268f9,0xfdfd3a932ec0
0x4268f9,0xfdfd3a936400
0x4268a7,0xfdfd3a935240
0x4268f9,0xfdfd3a936740
0x4268f9,0xfdfd3a936c04
0x4268ce,0xfdfd3a93912c
0x4268f9,0xfdfd3a938980
0x4268ce,0xfdfd3a939f80
0x4268f9,0xfdfd3a938fec
0x4268ae,0xfdfd3a934700
0x4268f9,0xfdfd3a93a4cc
0x4268ce,0xfdfd3a93bd9c
0x4268ce,0xfdfd3a93bf40
0x4268ce,0xfdfd3a93c500
0x4268f9,0xfdfd3a93dc5c
0x42693e,0xfdfd3a914f80
0x4268f9,0xfdfd3a93e500
0x4268f9,0xfdfd3a93ebcc
0x4268f9,0xfdfd3a93ed6c
0x4268ce,0xfdfd3a943100
0x426898,0xfdfd3a9410c0
0x4268f9,0xfdfd3a9423ec
0x4268f9,0xfdfd3a942740
0x4268ae,0xfdfd3a934f80
0x42693e,0xfdfd3a940180
0x426898,0xfdfd3a941180
0x4268ce,0xfdfd3a947204
0x4268ce,0xfdfd3a947280
0x4268f9,0xfdfd3a946380
0x4268f9,0xfdfd3a946580
0x4268a7,0xfdfd3a945100
0x4268ce,0xfdfd3a947a24
0x4268ce,0xfdfd3a947c40
0x4268ce,0xfdfd3a947cc0
0x4268a7,0xfdfd3a945300
0x4268ce,0xfdfd3a9498c4
0x4268f9,0xfdfd3a948b80
0x4268ce,0xfdfd3a94b380
0x4268ce,0xfdfd3a94b55c
0x4268ce,0xfdfd3a94bcac
0x4268a7,0xfdfd3a945700
0x4268ae,0xfdfd3a9447c0
0x4268f9,0xfdfd3a94c1c0
0x4268f9,0xfdfd3a94c640
0x4268ce,0xfdfd3a94d7a4
0x4268f9,0xfdfd3a94cd80
0x4268ce,0xfdfd3a94dfc4
0x4268a7,0xfdfd3a945a80
0x4268f9,0xfdfd3a94e804
0x4268ce,0xfdfd3a951344
0x4268ce,0xfdfd3a9513ac
0x4268f9,0xfdfd3a950980
0x42693e,0xfdfd3a9408c0
0x4268ce,0xfdfd3a951c40
0x4268ce,0xfdfd3a951e00
0x4268f9,0xfdfd3a950f94
0x4268ce,0xfdfd3a9531e4
0x42693e,0xfdfd3a940980
0x4268ce,0xfdfd3a953540
0x4268f9,0xfdfd3a9525c0
0x4268ce,0xfdfd3a953d00
0x4268a7,0xfdfd3a955100
0x4268f9,0xfdfd3a952e9c
0x4268f9,0xfdfd3a952ec0
0x4268f9,0xfdfd3a956400
0x4268a7,0xfdfd3a955240
0x4268f9,0xfdfd3a956740
0x4268f9,0xfdfd3a956c04
0x4268ce,0xfdfd3a95912c
0x426898,0xfdfd3a941c40
0x4268f9,0xfdfd3a958980
0x4268ce,0xfdfd3a959f80
0x4268f9,0xfdfd3a958fec
0x4268ae,0xfdfd3a954700
0x4268f9,0xfdfd3a95a4cc
0x42693e,0xfdfd3a940d40
0x4268ce,0xfdfd3a95bd9c
0x4268ce,0xfdfd3a95bf40
0x4268ce,0xfdfd3a95c500
0x4268f9,0xfdfd3a95dc5c
0x4268f9,0xfdfd3a95e500
0x4268f9,0xfdfd3a95ebcc
0x4268f9,0xfdfd3a95ed6c
0x4268ce,0xfdfd3a963100
0x426898,0xfdfd3a9610c0
0x4268f9,0xfdfd3a9623ec
0x4268f9,0xfdfd3a962740
0x4268ae,0xfdfd3a954f80
0x42693e,0xfdfd3a960180
0x426898,0xfdfd3a961180
0x4268ce,0xfdfd3a967204
0x4268ce,0xfdfd3a967280
0x4268f9,0xfdfd3a966380
0x4268f9,0xfdfd3a966580
0x4268a7,0xfdfd3a965100
0x4268ce,0xfdfd3a967a24
0x4268ce,0xfdfd3a967c40
0x4268ce,0xfdfd3a967cc0
0x4268a7,0xfdfd3a965300
0x4268ce,0xfdfd3a9698c4
0x4268f9,0xfdfd3a968b80
0x4268ce,0xfdfd3a96b380
0x4268ce,0xfdfd3a96b55c
0x4268ce,0xfdfd3a96bcac
0x4268a7,0xfdfd3a965700
0x4268ae,0xfdfd3a9647c0
0x4268f9,0xfdfd3a96c1c0
0x4268f9,0xfdfd3a96c640
0x4268ce,0xfdfd3a96d7a4
0x4268f9,0xfdfd3a96cd80
0x4268ce,0xfdfd3a96dfc4
0x4268a7,0xfdfd3a965a80
0x4268f9,0xfdfd3a96e804
0x4268ce,0xfdfd3a971344
0x4268ce,0xfdfd3a9713ac
0x4268f9,0xfdfd3a970980
0x42693e,0xfdfd3a9608c0
0x4268ce,0xfdfd3a971c40
0x4268ce,0xfdfd3a971e00
0x4268f9,0xfdfd3a970f94
0x4268ce,0xfdfd3a9731e4
0x42693e,0xfdfd3a960980
0x4268ce,0xfdfd3a973540
0x4268f9,0xfdfd3a9725c0
0x4268ce,0xfdfd3a973d00
0x4268a7,0xfdfd3a975100
0x4268f9,0xfdfd3a972e9c
0x4268f9,0xfdfd3a972ec0
0x4268f9,0xfdfd3a976400
0x4268a7,0xfdfd3a975240
0x4268f9,0xfdfd3a976740
0x4268f9,0xfdfd3a976c04
0x4268ce,0xfdfd3a97912c
0x426898,0xfdfd3a961c40
0x4268f9,0xfdfd3a978980
0x4268ce,0xfdfd3a979f80
0x4268f9,0xfdfd3a978fec
0x4268ae,0xfdfd3a974700
0x4268f9,0xfdfd3a97a4cc
0x42693e,0xfdfd3a960d40
0x4268ce,0xfdfd3a97bd9c
0x4268ce,0xfdfd3a97bf40
0x4268ce,0xfdfd3a97c500
0x4268f9,0xfdfd3a97dc5c
0x4268f9,0xfdfd3a97e500
0x4268f9,0xfdfd3a97ebcc
0x4268f9,0xfdfd3a97ed6c
0x4268ce,0xfdfd3a983100
0x426898,0xfdfd3a9810c0
0x4268f9,0xfdfd3a9823ec
0x4268f9,0xfdfd3a982740
0x4268ae,0xfdfd3a974f80
0x42693e,0xfdfd3a980180
0x426898,0xfdfd3a981180
0x4268ce,0xfdfd3a987204
0x4268ce,0xfdfd3a987280
0x4268f9,0xfdfd3a986380
0x4268f9,0xfdfd3a986580
0x4268a7,0xfdfd3a985100
0x4268ce,0xfdfd3a987a24
0x4268ce,0xfdfd3a987c40
0x4268ce,0xfdfd3a987cc0
0x4268a7,0xfdfd3a985300
0x4268ce,0xfdfd3a9898c4
0x4268f9,0xfdfd3a988b80
0x4268ce,0xfdfd3a98b380
0x4268ce,0xfdfd3a98b55c
0x4268ce,0xfdfd3a98bcac
0x4268a7,0xfdfd3a985700
0x4268ae,0xfdfd3a9847c0
0x4268ce,0xfdfd3a98c1f4
0x4268ce,0xfdfd3a98c66c
0x4268f9,0xfdfd3a98d780
0x4268ce,0xfdfd3a98cd80
0x4268f9,0xfdfd3a98dfe4
0x4268a7,0xfdfd3a985a80
0x4268f9,0xfdfd3a98e804
0x4268ce,0xfdfd3a991344
0x4268ce,0xfdfd3a9913ac
0x4268f9,0xfdfd3a990980
0x42693e,0xfdfd3a9808c0
0x4268ce,0xfdfd3a991c40
0x4268ce,0xfdfd3a991e00
0x4268f9,0xfdfd3a990f94
0x4268ce,0xfdfd3a9931e4
0x42693e,0xfdfd3a980980
0x4268ce,0xfdfd3a993540
0x4268f9,0xfdfd3a9925c0
0x4268ce,0xfdfd3a993d00
0x4268a7,0xfdfd3a995100
0x4268f9,0xfdfd3a992e9c
0x4268f9,0xfdfd3a992ec0
0x4268f9,0xfdfd3a996400
0x4268a7,0xfdfd3a995240
0x4268f9,0xfdfd3a996740
0x4268f9,0xfdfd3a996c04
0x4268ce,0xfdfd3a99912c
0x426898,0xfdfd3a981c40
0x4268f9,0xfdfd3a998980
0x4268ce,0xfdfd3a999f80
0x4268f9,0xfdfd3a998fec
0x4268ae,0xfdfd3a994700
0x4268f9,0xfdfd3a99a4cc
0x42693e,0xfdfd3a980d40
0x4268ce,0xfdfd3a99bd9c
0x4268ce,0xfdfd3a99bf40
0x4268ce,0xfdfd3a99c500
0x4268f9,0xfdfd3a99dc5c
0x4268f9,0xfdfd3a99e500
0x4268f9,0xfdfd3a99ebcc
0x4268f9,0xfdfd3a99ed6c
0x4268ce,0xfdfd3a9a3100
0x426898,0xfdfd3a9a10c0
0x4268f9,0xfdfd3a9a23ec
0x4268f9,0xfdfd3a9a2740
0x4268ae,0xfdfd3a994f80
0x42693e,0xfdfd3a9a0180
0x426898,0xfdfd3a9a1180
0x4268f9,0xfdfd3a9a5100
0x4268f9,0xfdfd3a9a5300
0x4268ce,0xfdfd3a9a63a4
0x4268ce,0xfdfd3a9a65ac
0x4268f9,0xfdfd3a9a5704
0x4268f9,0xfdfd3a9a5aac
0x4268f9,0xfdfd3a927200
0x4268f9,0xfdfd3a927280
0x402937,0xfdfd3a9ac1f0
0x402966,0xfdfd3a9ad798
0x402966,0xfdfd3a9adfe0
0x402966,0xfdfd3a9b25d0
0x41bd36,0xfdfd3a925a90
0x4023b1,0xfdfd3a9c10d8
0x42200f,0xa21321898c0
0x402660,0xfdfd3a9b1340
0x402660,0xfdfd3a9b1380
0x42200f,0xfdfd3a9b8fc8
0x42200b,0xfdfd3a8d4700
0x407cb3,0xa21321a6380
0x42200b,0x28e837c898c0
0x42200b,0xfdfd3a9b9f9c
0x407c96,0xa21321ac1e4
0x42200f,0xfdfd3a9b911c
0x407cdc,0xa21321b0980
0x40290b,0xa21321a0180
0x42200f,0xfdfd3a9a1c58
0x407cae,0xa21321c08c0
0x407cb3,0xa21321c2740
0x422017,0xfdfd3a914700
0x422003,0xa21321bbd80
0x4026c2,0xfdfd3a9b0980
0x407c96,0xa21321c47c4
0x407cb3,0xa21321d5100
0x402350,0xa21321d6750
0x407cae,0xa21321e6380
0x407cf3,0xa21321e7280
0x42200b,0xfdfd3a8f4700
0x402660,0xfdfd3a9b1c40
0x42200f,0xfdfd3a9b8998
0x41bd26,0xa2132207a28
0x422013,0xa21322023c0
0x422000,0xa2132202760
0x407cb3,0x98f5690d6740
0x402660,0xfdfd3a9b1e00
0x4023b1,0xfdfd3a9c1c5c
0x421ee8,0x98f5690e1180
0x407cf3,0xa21322009bc
0x407c86,0x98f5690e23e0
0x407c96,0xa21321fdc5c
0x422000,0x98f5690eb380
0x407cf3,0xa2132200d48
0x407cae,0x98f5690f1c40
0x421ee8,0x98f5690e1c40
0x407cb3,0x98f5690f2e80
0x422017,0xfdfd3a940180
0x4026c2,0xfdfd3a9b0f80
0x407cb3,0x98f5691001bc
0x407cae,0x98f5691011bc
0x42200b,0xfdfd3a8d4f80
0x407cb3,0x98f569100980
0x422017,0xfdfd3a940980
0x407cb3,0x98f569102740
0x407cae,0x98f5691065ac
0x407c96,0x98f5690f4710
0x407cf3,0x98f569125318
0x407c96,0x98f5691223fc
0x421ee4,0x98f5690e09b8
0x407c96,0x98f56913510c
0x402660,0x98f56910b380
0x407cb3,0x98f5691401b4
0x407cb3,0x98f5691498d8
0x407cf3,0x98f5691389a8
0x422017,0xfdfd3a980180
0x407cdc,0x98f569146580
0x407cb3,0x98f569154f80
0x407cae,0x98f569158980
0x407c86,0x98f56914e830
0x422013,0x98f569156400
0x407cb3,0x98f56915bd80
0x421ee4,0x98f5690e0d40
0x407cae,0x98f569160180
0x407cae,0x98f5691623c0
0x407cb3,0x98f569161c40
0x407cae,0x98f569165700
0x407cf3,0x98f569138fcc
0x422003,0x98f569156c00
0x402660,0x98f56910b540
0x407cb3,0x98f569171380
0x407cb3,0x98f56917136c
0x407cae,0x98f569175240
0x407cb3,0x98f569176740
0x40290b,0xa21321a08c0
0x422013,0x98f569180980
0x40290b,0xa21321a0980
0x407cb3,0x98f569195240
0x41bd26,0xa2132207cfa
0x407c86,0x98f569193548
0x422017,0xfdfd3a960180
0x407cb3,0x98f5691989b8
0x407cae,0x98f569199f80
0x407cb3,0x98f569198fc0
0x407cf3,0x98f569191c4c
0x421ee4,0x98f56917e520
0x407cb3,0x98f56919bd80
0x407cf3,0x98f569191e08
0x407cae,0x98f5691a0980
0x407c96,0x98f5691a5738
0x407cae,0x98f5691b1e00
0x422000,0x98f5691ab540
0x407cae,0x98f5691b4f80
0x42200b,0xfdfd3a8f4f80
0x407cb3,0x98f5691c1180
0x407cae,0x98f5691c23c0
0x422013,0x98f5691abc80
0x407cdc,0x98f5691c0180
0x407cb3,0x98f5691c7cec
0x407c86,0x98f5691b89a8
0x4026c2,0x98f569108b80
0x402350,0x98f5691c0980
0x407c86,0x98f5691e0198
0x407c8e,0x98f5691e11a8
0x402660,0x98f56910bc80
0x421ee4,0x98f56917ed68
0x407cb3,0x98f5691f3d2c
0x407c86,0x98f5691f0fa8
0x407cb3,0x98f5691fed40
0x402350,0x98f5691f89b0
0x407cb3,0x98f56920b574
0x40290b,0xa21321a0d40
0x407cb3,0x98f56920d780
0x407cae,0x98f56920e800
0x407c86,0x98f5692009a8
0x407cb3,0x98f56920dfcc
0x41bd26,0x98f569211c40
0x421ee8,0x98f5692131c0
0x407c8e,0x98f56921a4c8
0x407c78,0x98f5692125c0
0x407cb3,0x98f56922c640
0x422017,0xfdfd3a940180
0x407c96,0x98f569214738
0x4026c2,0x98f569225100
0x407cb3,0x98f569236740
0x407c8e,0x98f56923c510
0x407cae,0x98f56923ed40
0x4023b1,0x98f56912dfe0
0x4026c2,0x98f569225300
0x407cb3,0x98f569246580
0x407cae,0x98f569247c40
0x402660,0x98f569226380
0x421ee8,0x98f569240980
0x407cb3,0x98f56924c1c0
0x407cb3,0x98f56925674c
0x407cb3,0x98f569256c2c
0x407c96,0x98f569245a84
0x407cae,0x98f56925910c
0x422003,0x98f569253d00
0x407cf3,0x98f569248b84
0x407cae,0x98f569260180
0x407cb3,0x98f569261180
0x407cae,0x98f569265104
0x407cae,0x98f569265300
0x407cae,0x98f569268b84
0x422000,0x98f56925ebc0
0x407cb3,0x98f56926c1c0
0x407cae,0x98f569276408
0x407c8e,0x98f5692731d8
0x402660,0x98f569226580
0x402350,0x98f569251e20
0x421ee8,0x98f569271340
0x407cae,0x98f56927e500
0x421ee8,0x98f569271380
0x407cae,0x98f56927ebc0
0x407cae,0x98f569280194
0x422000,0x98f5692789a0
0x407c8a,0x98f569283100
0x407cb3,0x98f56928b380
0x407cae,0x98f56929c500
0x421ee8,0x98f5692925c0
0x407c86,0x98f569293568
0x407cb3,0x98f56929bd80
0x407cb3,0x98f56929bf40
0x4026c2,0x98f569225700
0x407cb3,0x98f5692a0d5c
0x407cae,0x98f5692a7200
0x407cf3,0x98f56926dfec
0x407cb3,0x98f5692b3d00
0x407cb3,0x98f5692c23c0
0x407c86,0x98f5692c5108
0x407cb3,0x98f5692cc650
0x407c96,0x98f5692c7200
0x4026c2,0x98f569225a80
0x407cae,0x8ad3301c7c40
0x407cae,0x8ad3301d0980
0x421ee4,0x98f569291c58
0x407c96,0x8ad3301c5ab0
0x402350,0x8ad3301d1c68
0x407c86,0x8ad3301d4fb8
0x407c86,0x8ad3301e0980
0x421ee8,0x8ad3301e7a00
0x422000,0x8ad3301edfe0
0x407cae,0x8ad3301fa4f0
0x41bd26,0x98f569185a9a
0x407c96,0x8ad3301f5268
0x421ee8,0x8ad3301f1340
0x422003,0x8ad3301f25c0
0x407cae,0x8ad3302010c0
0x407cb3,0x8ad330205100
0x407cb3,0x8ad33020cd80
0x407cae,0x8ad330211c40
0x407cb3,0x8ad3302125c4
0x407c8e,0x8ad33020b550
0x421ee8,0x8ad330208b80
0x407c8e,0x8ad33020bca8
0x407cae,0x8ad3302210c0
0x407cae,0x8ad330225100
0x407cb3,0x8ad33022c678
0x407cae,0x8ad33022dfc0
0x407cae,0x8ad33022e824
0x407c8e,0x8ad33022b390
0x407cb3,0x8ad330235240
0x407cae,0x8ad330234700
0x407c78,0x8ad330216740
0x407cae,0x8ad330234f80
0x407cae,0x8ad33023675c
0x407cf3,0x8ad3302223e4
0x407cae,0x8ad330236c00
0x422003,0x8ad3302298c0
0x407cae,0x8ad330238980
0x407cb3,0x8ad330239f80
0x407cb3,0x8ad330240980
0x402660,0x8ad330207200
0x407cb3,0x8ad330245338
0x407cae,0x8ad330246380
0x402350,0x8ad330216c10
0x407cae,0x8ad3302498c0
0x422003,0x8ad330247280
0x407cb3,0x8ad33024b558
0x407cb3,0x8ad3302531c0
0x422003,0x8ad330247a00
0x402660,0x8ad330207280
0x422003,0x8ad330247c40
0x407c8e,0x8ad330256778
0x407cb3,0x8ad33026512c
0x422000,0x8ad330262740
0x4026c2,0x8ad330206380
0x422000,0x8ad33026c1c0
0x407cae,0x8ad330271e3c
0x407cae,0x8ad33027ed40
0x4026c2,0x8ad330206580
0x407cb3,0x8ad330288ba0
0x402350,0x8ad330281190
0x407c86,0x8ad3302847e8
0x407cb3,0x8ad33028bc80
0x40290b,0x98f569250980
0x402660,0x8ad330207a00
0x407c78,0x8ad33028c640
0x407c8e,0x8ad330291c50
0x407cb3,0x8ad33029e500
0x402660,0x8ad330207c40
0x402660,0x8ad330207cc0
0x407cae,0x8ad3302b1c40
0x421ee4,0x8ad3302ab3b0
0x407cb3,0x8ad3302bdc40
0x407cb3,0xea2062bed40
0x407cb3,0xea2062c3100
0x402660,0x8ad3302b5100
0x402660,0x8ad3302b5240
0x407cae,0xea2062ce80c
0x407c8e,0xea2062cb540
0x402350,0xea2062c7200
0x407cb3,0xea2062cdff8
0x407cb3,0xa1abd7fd6c00
0x40290b,0x98f569250f80
0x407cb3,0xa1abd7fe47c0
0x407c86,0xa1abd7fe10c8
0x402350,0xea2062c7cc8
0x422013,0xa1abd7fe5a80
0x407c96,0xa1abd7fda4dc
0x407c86,0xa1abd7fe1c68
0x407cb3,0x6c6f1e4c0d6c
0x422003,0xa1abd7ff1340
0x422013,0xa1abd7ff1380
0x407cb3,0x6c6f1e4c6380
0x407cae,0x6c6f1e4c7cf4
0x407c8e,0x6c6f1e4cc1e0
0x407cb3,0xd79e62a513a4
0x422003,0xa1abd7ff1c40
0x407cae,0xd79e62a53540
0x407cae,0xd79e62a56740
0x421ee4,0x8ad3302abc98
0x407cae,0xe8035e45bd88
0x407c8e,0x6c6f1e4cc640
0x407cb3,0xe8035e45dc40
0x407cf3,0xa1abd7fddc6c
0x407c96,0xe8035e4610d4
0x4026c2,0x8ad3302b4700
0x422000,0xe8035e474720
0x407cae,0xe8035e479110
0x421ee8,0xe8035e473540
0x407c8e,0xe8035e47c520
0x407c8e,0xe8035e48c1c0
0x407cb3,0xe8035e492e80
0x422000,0xe8035e481c60
0x407cb3,0xe8035e494700
0x40290b,0x6c6f1e4cb380
0x407cf3,0xe8035e4a08f8
0x407cb3,0xe8035e4ab380
0x421ee8,0xe8035e4a6580
0x407cae,0xe8035e4b25c0
0x407cb3,0xe8035e4bbf40
0x407c86,0xe8035e4b6758
0x40290b,0x6c6f1e4cb540
0x4026c2,0x8ad3302b4f80
0x421ee8,0xe8035e4c47c0
0x422013,0xe8035e4c5a80
0x41bd26,0x98f5692113a0
0x4023b1,0xa1abd7fd2eac
0x4026c2,0xe8035e4cc1c0
0x41bd26,0x8ad3301fbdb0
0x407c86,0xe8035e4d6748
0x421ee8,0xe8035e4e7200
0x407cb3,0xe8035e4ecda0
0x421ee8,0xe8035e4e7cc0
0x407cb3,0xe8035e4f1e00
0x407cae,0xe8035e4f2ec0
0x407cae,0xe8035e4f2ea4
0x421ee8,0xe8035e4f3540
0x407c96,0xe8035e4ebcb0
0x407cb3,0xe8035e4f9100
0x407c86,0xe8035e5010d8
0x407cf3,0xe8035e506388
0x422003,0xe8035e5008c0
0x407cb3,0xe8035e50c640
0x422000,0xe8035e500d60
0x407cae,0xe8035e511388
0x4026c2,0xe8035e4cc640
0x4023b1,0xe8035e4dc504
0x407c8e,0xe8035e516778
0x407cae,0xe8035e51e51c
0x422000,0xe8035e525700
0x407cb3,0xe8035e52b3b4
0x407cb3,0xe8035e52bc80
0x407c8e,0xe8035e527c40
0x407c8e,0xe8035e527cc8
0x407cb3,0xe8035e536400
0x407cb3,0xe8035e539100
0x407cf3,0xe8035e5208d8
0x407cf3,0xe8035e5209a4
0x407cb3,0xe8035e541c40
0x422013,0xe8035e530980
0x407c8e,0xe8035e5401a0
0x407cae,0xe8035e55a4c0
0x407cf3,0xe8035e54dfdc
0x422000,0xe8035e55bda0
0x421ee8,0xe8035e5647c0
0x422013,0xe8035e565a80
0x407c8e,0xe8035e567cc0
0x407cae,0xe8035e5725f4
0x407cae,0xe8035e581c40
0x40290b,0x6c6f1e4cbc80
0x4026c2,0xe8035e4ccd80
0x402350,0xe8035e570fb0
0x421ee4,0xe8035e512e90
0x407cb3,0xe8035e592eec
0x407c86,0xe8035e590fa8
0x407cae,0xe8035e5989ac
0x402709,0xfdfd3a9c10d8
0x402700,0xfdfd3a9b1340
0x402700,0xfdfd3a9b1380
0x402700,0xfdfd3a9b1c40
0x402700,0xfdfd3a9b1e00
0x402709,0xfdfd3a9c1c5c
0x402700,0x98f56910b380
0x402700,0x98f56910b540
0x402700,0x98f56910bc80
0x402700,0x98f569226380
0x409f78,0xe8035e59e500
0x409f7c,0xe8035e5a10c0
0x409fa4,0xe8035e5a1180
0x409fa4,0xe8035e5a1c40
0x409fa4,0xe8035e5a3100
0x409f88,0x98f56912d79c
0x409f98,0xfdfd3a9c11a0
0x409f78,0xe8035e59ebc0
0x409f78,0xe8035e59ed40
0x409fb2,0xe8035e5a23c0
0x409f98,0x98f5692498e8
0x409fa4,0xe8035e5a47c0
0x409fae,0xe8035e5a08c0
0x409f78,0xe8035e5a5100
0x409fae,0xe8035e5a0980
0x409f78,0xe8035e5a5300
0x409fa4,0xe8035e5a6380
0x409fa4,0xe8035e5a6580
0x409fb2,0xe8035e5a2740
0x409f78,0xe8035e5a5700
0x409f7c,0xe8035e5a7202
0x409fa4,0xe8035e5a7280
0x409fae,0xe8035e5a0d40
0x409f7c,0xe8035e5a7a02
0x409f78,0xe8035e5a5a80
0x409fa4,0xe8035e5a7c40
0x409fa4,0xe8035e5a7cc0
0x409f88,0xa1abd7fd25ec
0x412022,0xe8035e5c7c50
0x412031,0xe8035e5d4720
0x4176d7,0xe8035e5e0d79
0x4176d7,0xe8035e5e08c9
0x412035,0xe8035e5b1e10
0x412035,0xe8035e5b9128
0x4176d7,0xe8035e5ee809
0x41204a,0xe8035e5ccdb8
0x412104,0xe8035e614714
0x4176d3,0xe8035e61ebe0
0x412231,0xe8035e5d6c3e
0x412022,0xe8035e6210d0
0x412022,0xe8035e6209a0
0x412031,0xe8035e631340
0x412104,0xe8035e5f1356
0x4176d3,0xe8035e61ed40
0x424e54,0x28e837c87200
0x41a9df,0xfdfd3a9201ac
0x4270c2,0xe8035e6410c2
0x465f77,0xfdfd3a91ed78
0x4633a0,0xe8035e6513a0
0x426a91,0x28e837c85a91
0x417b18,0x6c537032e810
0x417b27,0xe8035e5c23d8
0x417b18,0x6c5370331c70
0x417b1f,0xe8035e5debd4
0x417b27,0xe8035e5de518
0x424f51,0xe8035e59bf51
0x41bd36,0xfdfd3a925a90
0x407db7,0xee30bb947200
0x407d86,0xee30bb947280
0x407d8e,0xee30bb946380
0x402526,0xfdfd3a9ac1f0
0x407d8e,0xee30bb94658c
0x407d86,0xee30bb947a00
0x407d86,0xee30bb947c40
0x407db7,0xee30bb947cdc
0x407d96,0xee30bb9498c0
0x407d5f,0xee30bb945320
0x407db7,0xee30bb94bc8c
0x407d96,0xee30bb94cd80
0x407d8e,0xee30bb94d784
0x407db7,0xee30bb94e800
0x407d96,0xee30bb94dfc0
0x407d96,0xee30bb950980
0x407d96,0xee30bb950f80
0x407db7,0x5829a6eb911c
0x407d8e,0x5829a6eba4c4
0x407db7,0x5829a6eb9fbc
0x407d49,0xe8035e594700
0x407d86,0x412e73cae800
0x407d4d,0xee30bb9447c0
0x407d8e,0x412e73cb1340
0x407d8e,0x412e73cb1380
0x407db7,0x412e73cb0980
0x0,0xfdfd3a960980
0x407d8e,0x412e73cb1c40
0x407d8e,0x412e73cb1e34
0x407db7,0x412e73cb0f80
0x407d8e,0x412e73cb31dc
0x407db7,0x412e73cb25c0
0x407d96,0x412e73cb3540
0x407d8e,0x412e73cb3d00
0x407db7,0x412e73cb2e80
0x407d86,0x412e73cb2ec0
0x407d8e,0x412e73cb5100
0x407d8e,0x412e73cb5240
0x407db7,0x412e73cb4700
0x407db7,0x412e73cb4f80
0x407db7,0x412e73cb6400
0x407d86,0x412e73cb6740
0x407d86,0x412e73cb6c00
0x407d34,0xfdfd3a9ad798
0x407d96,0x412e73cb9100
0x407d86,0x412e73cb8980
0x41bd26,0x98f5691eb3ae
0x407d96,0x412e73cb9f80
0x407d86,0x412e73cb8fc0
0x407d5f,0xee30bb945700
0x407d8e,0x412e73cba4e4
0x407db7,0x412e73cbbd80
0x407d86,0x412e73cbbf40
0x407db7,0x412e73cbc500
0x407d8e,0x412e73cbdc40
0x407db7,0x412e73cbe500
0x407db7,0x412e73cbebe4
0x407db7,0x412e73cbed40
0x407d8e,0x412e73cc10c4
0x407d86,0x412e73cc0180
0x407d96,0x412e73cc1180
0x407d86,0x412e73cc08c0
0x407db7,0x412e73cc0980
0x407d8e,0x412e73cc1c40
0x407db7,0x412e73cc0d40
0x407d8e,0x412e73cc3100
0x407d86,0x412e73cc23c0
0x407db7,0x412e73cc2740
0x407d49,0xe8035e594f80
0x407d8e,0x412e73cc5100
0x407d8e,0x412e73cc5300
0x407d8e,0x412e73cc5700
0x407db7,0x412e73cc47c4
0x407d8e,0x412e73cc5a80
0x407d8e,0x412e73cc98d4
0x407db7,0x412e73cc8b80
0x407d96,0x412e73ccb380
0x407d8e,0x412e73ccb540
0x407d49,0x412e73cc7200
0x407d8e,0x412e73ccbc80
0x407db7,0x412e73ccc1c0
0x407d49,0x412e73cc7280
0x407db7,0x412e73ccc640
0x407d8e,0x412e73ccd780
0x407d5f,0xee30bb945a80
0x407db7,0x412e73cccd80
0x407d8e,0x412e73ccdfd4
0x41bd26,0x98f569185702
0x407d4d,0x412e73cc6380
0x407d86,0x412e73cce800
0x407d8e,0x412e73cd1354
0x407d8e,0x412e73cd1380
0x407db7,0x412e73cd0980
0x407d8e,0x412e73cd1c40
0x407d96,0x412e73cd1e00
0x407db7,0x412e73cd0f84
0x407d8e,0x412e73cd31f4
0x407db7,0x412e73cd25c0
0x407d96,0x412e73cd3540
0x41bd26,0x98f5690e6580
0x407d8e,0x412e73cd3d00
0x407d4d,0x412e73cc6580
0x407db7,0x412e73cd2e80
0x407d86,0x412e73cd2ec0
0x407d8e,0x412e73cd5100
0x407d8e,0x412e73cd5240
0x407db7,0x412e73cd4700
0x407db7,0x412e73cd4f80
0x407db7,0x412e73cd6414
0x407d86,0x412e73cd6740
0x407d86,0x412e73cd6c00
0x407d86,0x412e73cd9100
0x41bd26,0x98f5691eb554
0x407d96,0x412e73cd8980
0x407d86,0x412e73cd9f80
0x407d96,0x412e73cd8fc0
0x407d30,0xfdfd3a9adfe0
0x407db7,0x412e73cda4fc
0x407d8e,0x412e73cdbd84
0x407d8e,0x412e73cdbf40
0x407db7,0x412e73cdc500
0x407d8e,0x412e73cddc40
0x41bd26,0x98f5690febf2
0x407d8e,0x412e73cde500
0x407d49,0x412e73cc7a00
0x407d8e,0x412e73cdebfc
0x407d8e,0x412e73cded40
0x407d8e,0x412e73ce10dc
0x407d86,0x412e73ce0180
0x407d96,0x412e73ce1180
0x407db7,0x412e73ce08c0
0x407db7,0x412e73ce0980
0x407d8e,0x412e73ce1c40
0x407db7,0x412e73ce0d40
0x407d8e,0x412e73ce3100
0x407d86,0x412e73ce23c0
0x407db7,0x412e73ce2740
0x407d8e,0x412e73ce5100
0x407d49,0x412e73cc7c40
0x407d8e,0x412e73ce5300
0x407d8e,0x412e73ce5700
0x407db7,0x412e73ce47dc
0x407d8e,0x412e73ce5a80
0x407d49,0x412e73cc7cc0
0x407db7,0x412e73ce7200
0x407d86,0x412e73ce7280
0x407d96,0x412e73ce6380
0x407d8e,0x412e73ce6580
0x407db7,0x412e73ce7a24
0x407db7,0x412e73ce7cc0
0x407d86,0x412e73ce7c40
0x407d8e,0x412e73ce98c4
0x407db7,0x412e73ce8b80
0x407d8e,0x412e73ceb3bc
0x407d8e,0x412e73ceb540
0x407d8e,0x412e73cebc80
0x407d86,0x412e73cec1c0
0x407db7,0x412e73cec640
0x407d8e,0x412e73ced780
0x41bd26,0x98f5691ebcae
0x407db7,0x412e73cecd80
0x407d8e,0x412e73cedfc4
0x407d86,0x412e73cee800
0x407df8,0xfdfd3a9c0180
0x407d8e,0x412e73cf1344
0x407d8e,0x412e73cf1380
0x407db7,0x412e73cf0980
0x0,0xfdfd3a980980
0x407d5b,0xfdfd3a9b25d0
0x407d8e,0x412e73cf1c40
0x407d8e,0x412e73cf1e3c
0x407db7,0x412e73cf0f80
0x407d8e,0x412e73cf31e4
0x407db7,0x412e73cf25c0
0x407d96,0x412e73cf3540
0x407d8e,0x412e73cf3d00
0x407db7,0x412e73cf2e80
0x407d86,0x412e73cf2ec0
0x407db7,0x412e73cf5100
0x407db7,0x412e73cf5240
0x407d8e,0x412e73cf4700
0x407d8e,0x412e73cf4f80
0x407db7,0x412e73cf6404
0x407d86,0x412e73cf6740
0x407d86,0x412e73cf6c00
0x407d96,0x412e73cf9100
0x407d86,0x412e73cf8980
0x407d4d,0xfdfd3a9bc500
0x407d96,0x412e73cf9f80
0x407d86,0x412e73cf8fc0
0x407db7,0x412e73cfa4ec
0x407d8e,0x412e73cfbd80
0x427190,0xe8035e641190
0x4633b5,0xfdfd3a91ed78
0x410509,0x412e73cfc509
0x417358,0x6c537032c660
0x417358,0x412e73d07210
0x417358,0x6c5370336c10
0x40dfa0,0xe8035e654fa0
0x41450d,0x28e837c87200
0x46d4e0,0x412e73d0e800
0x46d4e0,0x412e73d10980
0x46d4e0,0x412e73d10f80
0x46d4e0,0x412e73d11340
0x46d4e0,0x412e73d11380
0x46d4e0,0x412e73d11c40
0x46d4e0,0x412e73d11e00
0x46d4e0,0x412e73d125c0
0x46d4e0,0x412e73d12e80
0x46d4e0,0x412e73d12ec0
0x46d4e0,0x412e73d131c0
0x46d4e0,0x412e73d13540
0x46d4e0,0x412e73d13d00
0x46d4e0,0x412e73d14700
0x46d4e0,0x412e73d14f80
0x46d4e0,0x412e73d15100
0x46d4e0,0x412e73d15240
0x46d4e0,0x412e73d16400
0x46d4e0,0x412e73d16740
0x46d4e0,0x412e73d16c00
0x46d4e0,0x412e73d18980
0x46d4e0,0x412e73d18fc0
0x46d4e0,0x412e73d19100
0x46d4e0,0x412e73d19f80
0x46d4e0,0x412e73d1a4c0
0x46d4e0,0x412e73d1bd80
0x46d4e0,0x412e73d1bf40
0x46d4e0,0x412e73d1c500
0x46d4e0,0x412e73d1dc40
0x46d4e0,0x412e73d1e500
0x46d4e0,0x412e73d1ebc0
0x46d4e0,0x412e73d1ed40
0x46d4e0,0x412e73d20180
0x46d4e0,0x412e73d208c0
0x46d4e0,0x412e73d20980
0x46d4e0,0x412e73d20d40
0x46d4e0,0x412e73d210c0
0x46d4e0,0x412e73d21180
0x46d4e0,0x412e73d21c40
0x46d4e0,0x412e73d223c0
0x46d4e0,0x412e73d22740
0x46d4e0,0x412e73d23100
0x46d4e0,0x412e73d247c0
0x46d4e0,0x412e73d25100
0x46d4e0,0x412e73d25300
0x46d4e0,0x412e73d25700
0x46d4e0,0x412e73d25a80
0x46d4e0,0x412e73d26380
0x46d4e0,0x412e73d26580
0x46d4e0,0x412e73d27200
0x46d4e0,0x412e73d27280
0x46d4e0,0x412e73d27a00
0x46d4e0,0x412e73d27cc0
0x46d4e0,0x412e73d27c40
0x46d4e0,0x412e73d28b80
0x46d4e0,0x412e73d298c0
0x46d4e0,0x412e73d2b380
0x46d4e0,0x412e73d2b540
0x46d4e0,0x412e73d2bc80
0x46d4e0,0x412e73d2c1c0
0x46d4e0,0x412e73d2c640
0x46d4e0,0x412e73d2cd80
0x46d4e0,0xfdfd3a9ae800
0x46d4e0,0xe8035e5b4f80
0x41704f,0xe8035e5debd4
0x46d4e0,0xfdfd3a9b1340
0x46d4e0,0xfdfd3a9b1380
0x46d4e0,0xfdfd3a9b1c40
0x46d4e0,0xfdfd3a9b1e00
0x46d4e0,0x98f56910b380
0x46d4e0,0x98f56910b540
0x46d4e0,0x98f56910bc80
0x46d4e0,0x98f569226380
0x46d4e0,0x98f569226580
0x46d4e0,0x8ad330207200
0x46d4e0,0x8ad330207280
0x46d4e0,0x8ad330207a00
0x46d4e0,0x8ad330207c40
0x46d4e0,0x8ad330207cc0
0x46d4e0,0x8ad3302b5100
0x46d4e0,0x8ad3302b5240
0x41df60,0xe8035e614714
0x41df60,0xe8035e5f1356
0x41df60,0xe8035e5d6c3e
0x40a004,0xe8035e59ebc0
0x40a008,0xe8035e5a7202
0x4268d7,0xe8035e595250
0x4268f9,0x412e73d36400
0x4268f9,0x412e73d36740
0x4268f9,0x412e73d36c00
0x4268a7,0x412e73d33540
0x4268ce,0x412e73d389ac
0x4268ce,0x412e73d38fc4
0x4268f9,0x412e73d3911c
0x4268ce,0x412e73d3a4c0
0x4268f9,0x412e73d39f80
0x426898,0x412e73d34700
0x4268f9,0x412e73d3c504
0x4268ce,0x412e73d3bd80
0x4268ce,0x412e73d3bf74
0x4268ce,0x412e73d3e524
0x4268a7,0x412e73d33d00
0x4268ce,0x412e73d3ebc0
0x4268f9,0x412e73d3dc40
0x4268ce,0x412e73d3ed44
0x4268ce,0x412e73d40180
0x4268ce,0x412e73d408c0
0x4268ce,0x412e73d40980
0x4268ce,0x412e73d40d40
0x4268ae,0x412e73d410c0
0x4268f9,0x412e73d43100
0x4268ae,0x412e73d41180
0x4268ce,0x412e73d447c0
0x4268f9,0x412e73d45124
0x4268f9,0x412e73d4532c
0x4268a7,0x412e73d423c0
0x4268ce,0x412e73d46380
0x4268ce,0x412e73d46580
0x4268f9,0x412e73d45700
0x42693e,0xfdfd3a9a1c58
0x4268f9,0x412e73d45a80
0x4268c5,0x412e73d47200
0x4268f9,0x412e73d4729c
0x4268f9,0x412e73d47a00
0x4268a7,0x412e73d42740
0x4268ce,0x412e73d48b80
0x4268f9,0x412e73d47c5c
0x4268f9,0x412e73d47cc4
0x4268c5,0x412e73d498c0
0x4268ce,0x412e73d4c1c4
0x426898,0x412e73d34f80
0x4268f9,0x412e73d4b384
0x4268f9,0x412e73d4b540
0x4268ce,0x412e73d4c640
0x4268ae,0x412e73d41c40
0x4268f9,0x412e73d4bc80
0x4268ce,0x412e73d4cd8c
0x4268f9,0x412e73d4e800
0x4268ce,0x412e73d51340
0x4268ce,0x412e73d51380
0x4268c5,0x412e73d50980
0x4268ce,0x412e73d51c6c
0x4268ce,0x412e73d51e0c
0x4268a7,0x412e73d531c0
0x4268f9,0x412e73d50f80
0x4268ce,0x412e73d55100
0x4268ce,0x412e73d55240
0x4268f9,0x412e73d5471c
0x4268f9,0x412e73d54fa4
0x4268f9,0x412e73d5641c
0x4268a7,0x412e73d53540
0x4268f9,0x412e73d5675c
0x4268ae,0x412e73d525c0
0x4268f9,0x412e73d56c00
0x4268ce,0x412e73d59100
0x4268f9,0x412e73d589a4
0x4268f9,0x412e73d58fc0
0x4268ce,0x412e73d59f9c
0x4268ce,0x412e73d5a4e4
0x426898,0x412e73d4d780
0x4268f9,0x412e73d5bd8c
0x4268f9,0x412e73d5bf40
0x4268f9,0x412e73d5c500
0x4268a7,0x412e73d53d00
0x4268ce,0x412e73d5dc74
0x4268ae,0x412e73d52e80
0x4268ae,0x412e73d52ec0
0x4268f9,0x412e73d5e51c
0x4268f9,0x412e73d5ebc0
0x4268f9,0x412e73d5ed40
0x4268a7,0x412e73d610c0
0x4268ce,0x412e73d6312c
0x4268f9,0x412e73d623c0
0x4268ae,0x412e73d60180
0x4268a7,0x412e73d61180
0x4268f9,0x412e73d62764
0x4268ce,0x412e73d65104
0x4268ce,0x412e73d6530c
0x4268ce,0x412e73d6571c
0x4268f9,0x412e73d647c0
0x4268ce,0x412e73d65a80
0x4268ce,0x412e73d67214
0x4268ce,0x412e73d67280
0x4268f9,0x412e73d66380
0x4268f9,0x412e73d66580
0x4268ce,0x412e73d67a34
0x4268ce,0x412e73d67c40
0x4268ce,0x412e73d67cc0
0x4268ae,0x412e73d608c0
0x4268ae,0x412e73d60980
0x4268ce,0x412e73d698d4
0x4268f9,0x412e73d68b80
0x4268ce,0x412e73d6b380
0x4268ce,0x412e73d6b56c
0x426898,0x412e73d4dfc0
0x4268a7,0x412e73d61c40
0x4268ce,0x412e73d6bc80
0x4268ae,0x412e73d60d40
0x4268f9,0x412e73d6d780
0x4268ce,0x412e73d6e81c
0x426898,0x412e73d6c1c0
0x4268c5,0x412e73d6dfc0
0x4268ce,0x412e73d70994
0x4268ce,0x412e73d70fac
0x4268f9,0x412e73d731d4
0x4268f9,0x412e73d73540
0x4268ce,0x412e73d74700
0x4268ae,0x412e73d71340
0x4268ae,0x412e73d71380
0x4268c5,0x412e73d73d00
0x4268ce,0x412e73d74f84
0x4268f9,0x412e73d75100
0x4268f9,0x412e73d75240
0x4268ce,0x412e73d76400
0x4268ce,0x412e73d76740
0x4268a7,0x412e73d725c0
0x4268ce,0x412e73d76c1c
0x4268ce,0x412e73d78984
0x426898,0x412e73d6c640
0x4268ce,0x412e73d78fc0
0x4268ce,0x412e73d79100
0x4268f9,0x412e73d7a4c0
0x4268ce,0x412e73d79f80
0x4268ae,0x412e73d71c40
0x4268ce,0x412e73d7c524
0x4268ae,0x412e73d71e00
0x4268f9,0x412e73d7bd80
0x4268f9,0x412e73d7bf6c
0x4268a7,0x412e73d72e80
0x4268a7,0x412e73d72ec0
0x42693e,0xfdfd3a9b8998
0x4268ce,0x412e73d7e500
0x4268ce,0x412e73d7ebe4
0x4268f9,0x412e73d7dc6c
0x4268ce,0x412e73d7ed40
0x4268f9,0x412e73d810e4
0x4268c5,0x412e73d81180
0x4268ce,0x412e73d823c0
0x4268a7,0x412e73d80180
0x4268ce,0x412e73d82744
0x4268f9,0x412e73d81c44
0x4268f9,0x412e73d83124
0x4268ce,0x412e73d847ec
0x4268f9,0x412e73d85100
0x4268f9,0x412e73d85304
0x4268ce,0x412e73d863b4
0x4268ce,0x412e73d86580
0x4268f9,0x412e73d85714
0x426898,0x412e73d6cd80
0x4268f9,0x412e73d85a80
0x4268f9,0x412e73d8720c
0x4268f9,0x412e73d87280
0x4268a7,0x412e73d808c0
0x4268a7,0x412e73d80980
0x4268f9,0x412e73d87a2c
0x4268ce,0x412e73d88bac
0x4268f9,0x412e73d87c40
0x4268f9,0x412e73d87cc0
0x42693e,0xfdfd3a9b8fc8
0x4268f9,0x412e73d898cc
0x4268a7,0x412e73d80d40
0x4268f9,0x412e73d8c1c0
0x4268f9,0x412e73d8c640
0x4268ce,0x412e73d8d7b4
0x4268f9,0x412e73d8cd84
0x4268ce,0x412e73d8dfd4
0x4268f9,0x412e73d8e814
0x4268ce,0x412e73d931c0
0x4268ce,0x412e73d9355c
0x4268f9,0x412e73d925e4
0x426898,0x412e73d8b380
0x4268a7,0x412e73d91340
0x4268a7,0x412e73d91380
0x4268ce,0x412e73d93d14
0x4268f9,0x412e73d92e80
0x4268f9,0x412e73d92ed4
0x4268ce,0x412e73d95124
0x4268ce,0x412e73d9525c
0x4268f9,0x412e73d94700
0x426898,0x412e73d8b540
0x4268f9,0x412e73d94f80
0x4268f9,0x412e73d96400
0x4268f9,0x412e73d96740
0x4268f9,0x412e73d96c14
0x4268ae,0x412e73d90980
0x4268f9,0x412e73d99100
0x4268ce,0x412e73d98980
0x4268f9,0x412e73d99f94
0x4268ce,0x412e73d98fdc
0x4268a7,0x412e73d91c40
0x4268f9,0x412e73d9a4dc
0x42693e,0xa21321898c0
0x4268ce,0x412e73d9bdac
0x4268a7,0x412e73d91e00
0x4268ce,0x412e73d9bf4c
0x4268f9,0x412e73d9c51c
0x4268ae,0x412e73d90f80
0x4268ce,0x412e73d9dc4c
0x4268ce,0x412e73da10c4
0x4268c5,0x412e73da0180
0x4268ce,0x412e73da1194
0x4268f9,0x412e73da08c0
0x4268f9,0x412e73da0980
0x4268ce,0x412e73da1c40
0x4268f9,0x412e73da0d40
0x4268ce,0x412e73da3104
0x4268f9,0x412e73da23c0
0x4268f9,0x412e73da2740
0x4268ae,0x412e73d9e500
0x426898,0x412e73d8bc80
0x4268ce,0x412e73da5100
0x4268ce,0x412e73da5300
0x4268ce,0x412e73da5700
0x4268f9,0x412e73da47e4
0x4268ce,0x412e73da5a9c
0x4268ce,0x412e73da7200
0x4268ce,0x412e73da7280
0x4268f9,0x412e73da63ac
0x4268c5,0x412e73da6580
0x4268ce,0x412e73da7a0c
0x4268ce,0x412e73da7c40
0x4268ce,0x412e73da7ce4
0x4268ae,0x412e73d9ebc0
0x4268ce,0x412e73da98c0
0x4268f9,0x412e73da8ba4
0x4268ae,0x412e73d9ed40
0x4268ce,0x412e73dac1c0
0x4268f9,0x412e73dab380
0x4268f9,0x412e73dab564
0x42693e,0xfdfd3a9b911c
0x4268ce,0x412e73dac640
0x4268c5,0x412e73dabc80
0x4268ce,0x412e73dacd80
0x4268f9,0x412e73dad7ac
0x4268ce,0x412e73dae800
0x4268f9,0x412e73dadfcc
0x4268f9,0x412e73d35104
0x4268ce,0x412e73d331c0
0x4268f9,0x412e73d35240
0x4268f9,0xfdfd3a91bd80
0x4268f9,0xfdfd3a91bf40
0x4268ae,0xfdfd3a91c500
0x4268ce,0x412e73db136c
0x4268ce,0x412e73db1380
0x4268f9,0x412e73db09a4
0x4268ce,0x412e73db1c5c
0x4268ce,0x412e73db1e00
0x4268f9,0x412e73db0f80
0x4268f9,0x412e73db31c4
0x4268f9,0x412e73db356c
0x4268ce,0x412e73db25c0
0x4268f9,0x412e73db3d24
0x4268ce,0x412e73db2ea4
0x4268ce,0x412e73db2ec0
0x4268ce,0x412e73db5114
0x4268ce,0x412e73db524c
0x4268f9,0x412e73db4700
0x4268f9,0x412e73db4f80
0x4268a7,0xfdfd3a91dc40
0x4268f9,0x412e73db6400
0x4268f9,0x412e73db6740
0x4268f9,0x412e73db6c04
0x4268ce,0x412e73db912c
0x4268f9,0x412e73db8980
0x4268ce,0x412e73db9f80
0x4268f9,0x412e73db8fec
0x4268c5,0x412e73dbc500
0x4268ce,0x412e73dbdc64
0x4268f9,0x412e73dbe50c
0x4268ae,0x412e73dba4c0
0x4268c5,0x412e73dbebc0
0x4268f9,0x412e73dbed40
0x4268ce,0x412e73dc10c0
0x4268ce,0x412e73dc1184
0x4268f9,0x412e73dc01a4
0x4268c5,0x412e73dc08c0
0x4268f9,0x412e73dc0980
0x4268ce,0x412e73dc1c40
0x4268f9,0x412e73dc0d6c
0x4268ce,0x412e73dc3100
0x4268f9,0x412e73dc23ec
0x4268f9,0x412e73dc2740
0x4268ce,0x412e73dc5134
0x42693e,0xfdfd3a9b9f9c
0x4268ce,0x412e73dc5300
0x4268ce,0x412e73dc5700
0x4268f9,0x412e73dc47d4
0x4268ce,0x412e73dc5a8c
0x4268a7,0x412e73dbbd80
0x4268ce,0x412e73dc7200
0x4268ce,0x412e73dc72ac
0x4268f9,0x412e73dc639c
0x4268f9,0x412e73dc65a4
0x4268ce,0x412e73dc7a00
0x4268ce,0x412e73dc7c6c
0x4268a7,0x412e73dbbf40
0x4268ce,0x412e73dc7cd4
0x4268ce,0x412e73dc98c0
0x4268f9,0x412e73dc8b94
0x4268ae,0x28e837c8c1c0
0x4268ce,0x412e73dcb394
0x4268ce,0x412e73dcb540
0x4268a7,0x28e837c8b380
0x4268ce,0x412e73dcbc84
0x4268f9,0x28e837c8638c
0x4268a7,0x28e837c8b540
0x4268f9,0x28e837c86594
0x4268ae,0x28e837c8c640
0x4268ce,0x28e837c88b8c
0x4268c5,0xfdfd3a8c10c0
0x4268f9,0xfdfd3a8c1180
0x4268ce,0x28e837c8d780
0x4268f9,0xfdfd3a8c1c54
0x4268ce,0x28e837c8dfdc
0x4268ce,0xfdfd3a8c3114
0x4268f9,0xfdfd3a8c23c0
0x4268f9,0xfdfd3a8c274c
0x4268ce,0xfdfd3a8c5100
0x4268a7,0x28e837c8bc80
0x4268ce,0xfdfd3a8c5300
0x4268ce,0xfdfd3a8c5704
0x4268c5,0xfdfd3a8c47c0
0x4268ae,0x28e837c8cd80
0x42693e,0x28e837c898c0
0x4268ce,0xfdfd3a8c5aac
0x4268ce,0xfdfd3a8c7200
0x4268ce,0xfdfd3a8c7280
0x4268f9,0xfdfd3a8c6380
0x4268f9,0xfdfd3a8c6580
0x4268ce,0xfdfd3a8c7a1c
0x4268ce,0xfdfd3a8c7c40
0x4268ce,0xfdfd3a8c7cf4
0x4268ce,0xfdfd3a8cb380
0x4268ce,0xfdfd3a8cb540
0x4268ce,0xfdfd3a8cbc80
0x4268f9,0xfdfd3a8cc1cc
0x4268f9,0xfdfd3a8cc644
0x4268ce,0xfdfd3a8cd780
0x4268f9,0xfdfd3a8ccd94
0x4268ce,0xfdfd3a8cdfe4
0x4268f9,0xfdfd3a8ce824
0x4268a7,0xfdfd3a8c98c0
0x4268ce,0xfdfd3a8d1364
0x4268ce,0xfdfd3a8d1380
0x4268f9,0xfdfd3a8d099c
0x4268ce,0xfdfd3a8d1c54
0x4268ce,0xfdfd3a8d1e00
0x4268c5,0xfdfd3a8d0f80
0x4268ce,0xfdfd3a8d31c0
0x4268ae,0xfdfd3a8c8b80
0x4268ce,0xfdfd3a8d3544
0x4268f9,0xfdfd3a8d25cc
0x4268ce,0xfdfd3a8d3d00
0x4268f9,0xfdfd3a8d2e80
0x4268f9,0xfdfd3a8d2ec0
0x4268f9,0xfdfd3a8d6404
0x426898,0xfdfd3a8d5100
0x4268f9,0xfdfd3a8d6744
0x4268c5,0xfdfd3a8d6c00
0x4268ce,0xfdfd3a8d9100
0x426898,0xfdfd3a8d5240
0x4268f9,0xfdfd3a8d898c
0x4268ce,0xfdfd3a8d9f84
0x4268f9,0xfdfd3a8d8fc0
0x4268f9,0xfdfd3a8dc500
0x4268ce,0xfdfd3a8ddc40
0x4268ae,0xfdfd3a8da4c0
0x4268f9,0xfdfd3a8de52c
0x4268f9,0xfdfd3a8debc0
0x4268f9,0xfdfd3a8ded4c
0x4268c5,0xfdfd3a8e10c0
0x4268f9,0xfdfd3a8e1180
0x4268ce,0xfdfd3a8e01a4
0x4268ce,0xfdfd3a8e08f4
0x4268ce,0xfdfd3a8e0980
0x4268f9,0xfdfd3a8e1c54
0x4268ce,0xfdfd3a8e0d6c
0x4268ce,0xfdfd3a8e3114
0x4268f9,0xfdfd3a8e23c0
0x42693e,0xfdfd3a8d4700
0x4268f9,0xfdfd3a8e274c
0x4268ce,0xfdfd3a8e5100
0x4268ce,0xfdfd3a8e5300
0x4268ce,0xfdfd3a8e5704
0x4268c5,0xfdfd3a8e47c0
0x4268a7,0xfdfd3a8dbd80
0x4268ce,0xfdfd3a8e5aac
0x4268ce,0xfdfd3a8e7200
0x4268ce,0xfdfd3a8e7280
0x4268f9,0xfdfd3a8e6380
0x4268a7,0xfdfd3a8dbf40
0x4268f9,0xfdfd3a8e6580
0x4268ce,0xfdfd3a8e7a1c
0x4268ce,0xfdfd3a8e7c40
0x4268ce,0xfdfd3a8e7cf4
0x4268ce,0xfdfd3a8eb380
0x4268ce,0xfdfd3a8eb540
0x4268ce,0xfdfd3a8ebc80
0x4268f9,0xfdfd3a8ec1cc
0x4268f9,0xfdfd3a8ec644
0x4268ce,0xfdfd3a8ed780
0x4268f9,0xfdfd3a8ecd94
0x4268ce,0xfdfd3a8edfe4
0x4268f9,0xfdfd3a8ee824
0x4268a7,0xfdfd3a8e98c0
0x4268ce,0xfdfd3a8f1364
0x4268ce,0xfdfd3a8f1380
0x4268f9,0xfdfd3a8f099c
0x4268ce,0xfdfd3a8f1c54
0x4268ce,0xfdfd3a8f1e00
0x4268c5,0xfdfd3a8f0f80
0x4268ce,0xfdfd3a8f31c0
0x42693e,0xfdfd3a8d4f80
0x4268ae,0xfdfd3a8e8b80
0x4268ce,0xfdfd3a8f3544
0x4268f9,0xfdfd3a8f25cc
0x4268ce,0xfdfd3a8f3d00
0x4268f9,0xfdfd3a8f2e80
0x4268f9,0xfdfd3a8f2ec0
0x4268f9,0xfdfd3a8f6404
0x426898,0xfdfd3a8f5100
0x4268f9,0xfdfd3a8f6744
0x4268f9,0xfdfd3a8f6c24
0x4268ce,0xfdfd3a8f9100
0x426898,0xfdfd3a8f5240
0x4268f9,0xfdfd3a8f898c
0x4268ce,0xfdfd3a8f9f84
0x4268f9,0xfdfd3a8f8fc0
0x4268f9,0xfdfd3a8fc500
0x4268ce,0xfdfd3a8fdc40
0x4268ae,0xfdfd3a8fa4c0
0x4268f9,0xfdfd3a8fe52c
0x4268f9,0xfdfd3a8febc0
0x4268f9,0xfdfd3a8fed4c
0x4268c5,0xfdfd3a9010c0
0x4268f9,0xfdfd3a901180
0x4268ce,0xfdfd3a9001a4
0x4268ce,0xfdfd3a9008f4
0x4268ce,0xfdfd3a900980
0x4268f9,0xfdfd3a901c54
0x4268ce,0xfdfd3a900d6c
0x4268ce,0xfdfd3a903114
0x4268f9,0xfdfd3a9023c0
0x42693e,0xfdfd3a8f4700
0x4268f9,0xfdfd3a90274c
0x4268ce,0xfdfd3a905100
0x4268ce,0xfdfd3a905300
0x4268ce,0xfdfd3a905704
0x4268c5,0xfdfd3a9047c0
0x4268a7,0xfdfd3a8fbd80
0x4268ce,0xfdfd3a905aac
0x4268ce,0xfdfd3a907200
0x4268ce,0xfdfd3a907280
0x4268f9,0xfdfd3a906380
0x4268a7,0xfdfd3a8fbf40
0x4268f9,0xfdfd3a906580
0x4268ce,0xfdfd3a907a1c
0x4268ce,0xfdfd3a907c40
0x4268ce,0xfdfd3a907cf4
0x4268ce,0xfdfd3a90b380
0x4268ce,0xfdfd3a90b540
0x4268ce,0xfdfd3a90bc80
0x4268f9,0xfdfd3a90c1cc
0x4268f9,0xfdfd3a90c644
0x4268ce,0xfdfd3a90d780
0x4268f9,0xfdfd3a90cd94
0x4268ce,0xfdfd3a90dfe4
0x4268f9,0xfdfd3a90e824
0x4268a7,0xfdfd3a9098c0
0x4268ce,0xfdfd3a911364
0x4268ce,0xfdfd3a911380
0x4268f9,0xfdfd3a91099c
0x4268ce,0xfdfd3a911c54
0x4268ce,0xfdfd3a911e00
0x4268c5,0xfdfd3a910f80
0x4268ce,0xfdfd3a9131c0
0x42693e,0xfdfd3a8f4f80
0x4268ae,0xfdfd3a908b80
0x4268ce,0xfdfd3a913544
0x4268f9,0xfdfd3a9125cc
0x4268ce,0xfdfd3a913d00
0x4268f9,0xfdfd3a912e80
0x4268f9,0xfdfd3a912ec0
0x4268f9,0xfdfd3a916404
0x426898,0xfdfd3a915100
0x4268f9,0xfdfd3a916744
0x4268f9,0xfdfd3a916c24
0x4268ce,0xfdfd3a919100
0x426898,0xfdfd3a915240
0x4268f9,0xfdfd3a91898c
0x4268ce,0xfdfd3a919f84
0x4268f9,0xfdfd3a918fc0
0x4268a7,0xfdfd3a926380
0x4268f9,0xfdfd3a9298e4
0x4268ce,0xfdfd3a928b9c
0x4268ce,0xfdfd3a92b380
0x4268a7,0xfdfd3a926580
0x4268ce,0xfdfd3a92b55c
0x4268ce,0xfdfd3a92bcac
0x4268ce,0xfdfd3a92c1f4
0x4268ce,0xfdfd3a92c66c
0x4268f9,0xfdfd3a92d780
0x4268ce,0xfdfd3a92cd80
0x4268f9,0xfdfd3a92dfe4
0x4268ae,0xfdfd3a927a00
0x42693e,0xfdfd3a914700
0x4268f9,0xfdfd3a92e804
0x4268ae,0xfdfd3a927c40
0x4268ae,0xfdfd3a927cc0
0x4268ce,0xfdfd3a931344
0x4268ce,0xfdfd3a9313ac
0x4268f9,0xfdfd3a930980
0x4268ce,0xfdfd3a931c40
0x4268ce,0xfdfd3a931e00
0x4268f9,0xfdfd3a930f94
0x4268ce,0xfdfd3a9331e4
0x4268ce,0xfdfd3a933540
0x4268f9,0xfdfd3a9325c0
0x4268ce,0xfdfd3a933d00
0x4268a7,0xfdfd3a935100
0x4268f9,0xfdfd3a932e9c
0x4268f9,0xfdfd3a932ec0
0x4268f9,0xfdfd3a936400
0x4268a7,0xfdfd3a935240
0x4268f9,0xfdfd3a936740
0x4268f9,0xfdfd3a936c04
0x4268ce,0xfdfd3a93912c
0x4268f9,0xfdfd3a938980
0x4268ce,0xfdfd3a939f80
0x4268f9,0xfdfd3a938fec
0x4268ae,0xfdfd3a934700
0x4268f9,0xfdfd3a93a4cc
0x4268ce,0xfdfd3a93bd9c
0x4268ce,0xfdfd3a93bf40
0x4268ce,0xfdfd3a93c500
0x4268f9,0xfdfd3a93dc5c
0x42693e,0xfdfd3a914f80
0x4268f9,0xfdfd3a93e500
0x4268f9,0xfdfd3a93ebcc
0x4268f9,0xfdfd3a93ed6c
0x4268ce,0xfdfd3a943100
0x426898,0xfdfd3a9410c0
0x4268f9,0xfdfd3a9423ec
0x4268f9,0xfdfd3a942740
0x4268ae,0xfdfd3a934f80
0x42693e,0xfdfd3a940180
0x426898,0xfdfd3a941180
0x4268ce,0xfdfd3a947204
0x4268ce,0xfdfd3a947280
0x4268f9,0xfdfd3a946380
0x4268f9,0xfdfd3a946580
0x4268a7,0xfdfd3a945100
0x4268ce,0xfdfd3a947a24
0x4268ce,0xfdfd3a947c40
0x4268ce,0xfdfd3a947cc0
0x4268a7,0xfdfd3a945300
0x4268ce,0xfdfd3a9498c4
0x4268f9,0xfdfd3a948b80
0x4268ce,0xfdfd3a94b380
0x4268ce,0xfdfd3a94b55c
0x4268ce,0xfdfd3a94bcac
0x4268a7,0xfdfd3a945700
0x4268ae,0xfdfd3a9447c0
0x4268f9,0xfdfd3a94c1c0
0x4268f9,0xfdfd3a94c640
0x4268ce,0xfdfd3a94d7a4
0x4268f9,0xfdfd3a94cd80
0x4268ce,0xfdfd3a94dfc4
0x4268a7,0xfdfd3a945a80
0x4268f9,0xfdfd3a94e804
0x4268ce,0xfdfd3a951344
0x4268ce,0xfdfd3a9513ac
0x4268f9,0xfdfd3a950980
0x42693e,0xfdfd3a9408c0
0x4268ce,0xfdfd3a951c40
0x4268ce,0xfdfd3a951e00
0x4268f9,0xfdfd3a950f94
0x4268ce,0xfdfd3a9531e4
0x42693e,0xfdfd3a940980
0x4268ce,0xfdfd3a953540
0x4268f9,0xfdfd3a9525c0
0x4268ce,0xfdfd3a953d00
0x4268a7,0xfdfd3a955100
0x4268f9,0xfdfd3a952e9c
0x4268f9,0xfdfd3a952ec0
0x4268f9,0xfdfd3a956400
0x4268a7,0xfdfd3a955240
0x4268f9,0xfdfd3a956740
0x4268f9,0xfdfd3a956c04
0x4268ce,0xfdfd3a95912c
0x426898,0xfdfd3a941c40
0x4268f9,0xfdfd3a958980
0x4268ce,0xfdfd3a959f80
0x4268f9,0xfdfd3a958fec
0x4268ae,0xfdfd3a954700
0x4268f9,0xfdfd3a95a4cc
0x42693e,0xfdfd3a940d40
0x4268ce,0xfdfd3a95bd9c
0x4268ce,0xfdfd3a95bf40
0x4268ce,0xfdfd3a95c500
0x4268f9,0xfdfd3a95dc5c
0x4268f9,0xfdfd3a95e500
0x4268f9,0xfdfd3a95ebcc
0x4268f9,0xfdfd3a95ed6c
0x4268ce,0xfdfd3a963100
0x426898,0xfdfd3a9610c0
0x4268f9,0xfdfd3a9623ec
0x4268f9,0xfdfd3a962740
0x4268ae,0xfdfd3a954f80
0x42693e,0xfdfd3a960180
0x426898,0xfdfd3a961180
0x4268ce,0xfdfd3a967204
0x4268ce,0xfdfd3a967280
0x4268f9,0xfdfd3a966380
0x4268f9,0xfdfd3a966580
0x4268a7,0xfdfd3a965100
0x4268ce,0xfdfd3a967a24
0x4268ce,0xfdfd3a967c40
0x4268ce,0xfdfd3a967cc0
0x4268a7,0xfdfd3a965300
0x4268ce,0xfdfd3a9698c4
0x4268f9,0xfdfd3a968b80
0x4268ce,0xfdfd3a96b380
0x4268ce,0xfdfd3a96b55c
0x4268ce,0xfdfd3a96bcac
0x4268a7,0xfdfd3a965700
0x4268ae,0xfdfd3a9647c0
0x4268f9,0xfdfd3a96c1c0
0x4268f9,0xfdfd3a96c640
0x4268ce,0xfdfd3a96d7a4
0x4268f9,0xfdfd3a96cd80
0x4268ce,0xfdfd3a96dfc4
0x4268a7,0xfdfd3a965a80
0x4268f9,0xfdfd3a96e804
0x4268ce,0xfdfd3a971344
0x4268ce,0xfdfd3a9713ac
0x4268f9,0xfdfd3a970980
0x42693e,0xfdfd3a9608c0
0x4268ce,0xfdfd3a971c40
0x4268ce,0xfdfd3a971e00
0x4268f9,0xfdfd3a970f94
0x4268ce,0xfdfd3a9731e4
0x42693e,0xfdfd3a960980
0x4268ce,0xfdfd3a973540
0x4268f9,0xfdfd3a9725c0
0x4268ce,0xfdfd3a973d00
0x4268a7,0xfdfd3a975100
0x4268f9,0xfdfd3a972e9c
0x4268f9,0xfdfd3a972ec0
0x4268f9,0xfdfd3a976400
0x4268a7,0xfdfd3a975240
0x4268f9,0xfdfd3a976740
0x4268f9,0xfdfd3a976c04
0x4268ce,0xfdfd3a97912c
0x426898,0xfdfd3a961c40
0x4268f9,0xfdfd3a978980
0x4268ce,0xfdfd3a979f80
0x4268f9,0xfdfd3a978fec
0x4268ae,0xfdfd3a974700
0x4268f9,0xfdfd3a97a4cc
0x42693e,0xfdfd3a960d40
0x4268ce,0xfdfd3a97bd9c
0x4268ce,0xfdfd3a97bf40
0x4268ce,0xfdfd3a97c500
0x4268f9,0xfdfd3a97dc5c
0x4268f9,0xfdfd3a97e500
0x4268f9,0xfdfd3a97ebcc
0x4268f9,0xfdfd3a97ed6c
0x4268ce,0xfdfd3a983100
0x426898,0xfdfd3a9810c0
0x4268f9,0xfdfd3a9823ec
0x4268f9,0xfdfd3a982740
0x4268ae,0xfdfd3a974f80
0x42693e,0xfdfd3a980180
0x426898,0xfdfd3a981180
0x4268ce,0xfdfd3a987204
0x4268ce,0xfdfd3a987280
0x4268f9,0xfdfd3a986380
0x4268f9,0xfdfd3a986580
0x4268a7,0xfdfd3a985100
0x4268ce,0xfdfd3a987a24
0x4268ce,0xfdfd3a987c40
0x4268ce,0xfdfd3a987cc0
0x4268a7,0xfdfd3a985300
0x4268ce,0xfdfd3a9898c4
0x4268f9,0xfdfd3a988b80
0x4268ce,0xfdfd3a98b380
0x4268ce,0xfdfd3a98b55c
0x4268ce,0xfdfd3a98bcac
0x4268a7,0xfdfd3a985700
0x4268ae,0xfdfd3a9847c0
0x4268ce,0xfdfd3a98c1f4
0x4268ce,0xfdfd3a98c66c
0x4268f9,0xfdfd3a98d780
0x4268ce,0xfdfd3a98cd80
0x4268f9,0xfdfd3a98dfe4
0x4268a7,0xfdfd3a985a80
0x4268f9,0xfdfd3a98e804
0x4268ce,0xfdfd3a991344
0x4268ce,0xfdfd3a9913ac
0x4268f9,0xfdfd3a990980
0x42693e,0xfdfd3a9808c0
0x4268ce,0xfdfd3a991c40
0x4268ce,0xfdfd3a991e00
0x4268f9,0xfdfd3a990f94
0x4268ce,0xfdfd3a9931e4
0x42693e,0xfdfd3a980980
0x4268ce,0xfdfd3a993540
0x4268f9,0xfdfd3a9925c0
0x4268ce,0xfdfd3a993d00
0x4268a7,0xfdfd3a995100
0x4268f9,0xfdfd3a992e9c
0x4268f9,0xfdfd3a992ec0
0x4268f9,0xfdfd3a996400
0x4268a7,0xfdfd3a995240
0x4268f9,0xfdfd3a996740
0x4268f9,0xfdfd3a996c04
0x4268ce,0xfdfd3a99912c
0x426898,0xfdfd3a981c40
0x4268f9,0xfdfd3a998980
0x4268ce,0xfdfd3a999f80
0x4268f9,0xfdfd3a998fec
0x4268ae,0xfdfd3a994700
0x4268f9,0xfdfd3a99a4cc
0x42693e,0xfdfd3a980d40
0x4268ce,0xfdfd3a99bd9c
0x4268ce,0xfdfd3a99bf40
0x4268ce,0xfdfd3a99c500
0x4268f9,0xfdfd3a99dc5c
0x4268f9,0xfdfd3a99e500
0x4268f9,0xfdfd3a99ebcc
0x4268f9,0xfdfd3a99ed6c
0x4268ce,0xfdfd3a9a3100
0x426898,0xfdfd3a9a10c0
0x4268f9,0xfdfd3a9a23ec
0x4268f9,0xfdfd3a9a2740
0x4268ae,0xfdfd3a994f80
0x42693e,0xfdfd3a9a0180
0x426898,0xfdfd3a9a1180
0x4268f9,0xfdfd3a9a5100
0x4268f9,0xfdfd3a9a5300
0x4268ce,0xfdfd3a9a63a4
0x4268ce,0xfdfd3a9a65ac
0x4268f9,0xfdfd3a9a5704
0x4268f9,0xfdfd3a9a5aac
0x4268f9,0xfdfd3a927200
0x4268f9,0xfdfd3a927280
0x402937,0xfdfd3a9ac1f0
0x402966,0xfdfd3a9ad798
0x402966,0xfdfd3a9adfe0
0x402966,0xfdfd3a9b25d0
0x41bd36,0xfdfd3a925a90
0x4023b1,0xfdfd3a9c10d8
0x42200f,0xa21321898c0
0x402660,0xfdfd3a9b1340
0x402660,0xfdfd3a9b1380
0x42200f,0xfdfd3a9b8fc8
0x42200b,0xfdfd3a8d4700
0x407cb3,0xa21321a6380
0x42200b,0x28e837c898c0
0x42200b,0xfdfd3a9b9f9c
0x407c96,0xa21321ac1e4
0x42200f,0xfdfd3a9b911c
0x407cdc,0xa21321b0980
0x40290b,0xa21321a0180
0x42200f,0xfdfd3a9a1c58
0x407cae,0xa21321c08c0
0x407cb3,0xa21321c2740
0x422017,0xfdfd3a914700
0x422003,0xa21321bbd80
0x4026c2,0xfdfd3a9b0980
0x407cae,0xa21321d1e00
0x407c96,0xa21321c47c4
0x407cb3,0xa21321d5100
0x402350,0xa21321d6750
0x407cf3,0xa21321e7280
0x42200b,0xfdfd3a8f4700
0x402660,0xfdfd3a9b1c40
0x42200f,0xfdfd3a9b8998
0x422013,0xa21322023c0
0x422000,0xa2132202760
0x407cb3,0x98f5690d6740
0x402660,0xfdfd3a9b1e00
0x4023b1,0xfdfd3a9c1c5c
0x421ee8,0x98f5690e1180
0x407cf3,0xa21322009bc
0x407c86,0x98f5690e23e0
0x407c96,0xa21321fdc5c
0x422000,0x98f5690eb380
0x407cf3,0xa2132200d48
0x407cae,0x98f5690f1c40
0x421ee8,0x98f5690e1c40
0x407cb3,0x98f5690f2e80
0x422017,0xfdfd3a940180
0x4026c2,0xfdfd3a9b0f80
0x407cb3,0x98f5691001bc
0x407cae,0x98f5691011bc
0x42200b,0xfdfd3a8d4f80
0x407cb3,0x98f569100980
0x422017,0xfdfd3a940980
0x407cb3,0x98f569102740
0x407cae,0x98f5691065ac
0x407c96,0x98f5690f4710
0x407cae,0x412e73dd1e00
0x407cf3,0x98f569125318
0x407c96,0x98f5691223e4
0x407cae,0x98f569127a00
0x407cae,0x412e73dd3540
0x421ee4,0x98f5690e09b8
0x407c96,0x98f56913510c
0x402660,0x98f56910b380
0x407cb3,0x98f5691401b4
0x407cb3,0x98f5691498d8
0x407cf3,0x98f5691389a8
0x422017,0xfdfd3a980180
0x407cdc,0x98f569146580
0x407cb3,0x98f569154f80
0x407cae,0x98f569158980
0x407c86,0x98f56914e830
0x422013,0x98f569156400
0x407cb3,0x98f56915bd80
0x421ee4,0x98f5690e0d40
0x407cae,0x98f5691623c0
0x407cb3,0x98f569161c48
0x407cae,0x98f569165700
0x407cf3,0x98f569138fcc
0x422003,0x98f569156c00
0x402660,0x98f56910b540
0x407cb3,0x98f5691698c0
0x407cb3,0x98f569171380
0x407cb3,0x98f56917136c
0x407cae,0x98f569175240
0x407cb3,0x98f569176740
0x40290b,0xa21321a08c0
0x422013,0x98f569180980
0x40290b,0xa21321a0980
0x407c96,0x98f5691a5738
0x407c86,0x98f5691b89a8
0x407cb3,0x98f5691d3d34
0x4026c2,0x98f569108b80
0x402660,0x98f56910bc80
0x421ee4,0x98f56917ed68
0x407cb3,0x98f5691f3d2c
0x422017,0xfdfd3a960180
0x407c86,0x98f5691f0fa8
0x407cb3,0x98f5691fed40
0x402350,0x98f5691f89b0
0x407cb3,0x98f56920b574
0x40290b,0xa21321a0d40
0x407cb3,0x98f56920d780
0x407cae,0x98f56920e800
0x407c86,0x98f5692009b0
0x421ee8,0x98f5692131c0
0x407c8e,0x98f56921a4c8
0x407cb3,0x98f5692210c0
0x407c78,0x98f5692125c0
0x407cb3,0x98f56922c640
0x407c96,0x98f56921472c
0x4026c2,0x98f569225100
0x407cb3,0x98f569236764
0x407c8e,0x98f56923c510
0x407cae,0x98f56923ed40
0x4023b1,0x98f56912dfe0
0x4026c2,0x98f569225300
0x407cb3,0x98f569246580
0x407cae,0x98f569247c40
0x402660,0x98f569226380
0x422013,0x98f5692423c0
0x421ee8,0x98f569240980
0x407cb3,0x98f56924c1c0
0x407c96,0x98f569245aa4
0x407cae,0x98f56925910c
0x407cb3,0x98f56925a4c0
0x407cf3,0x98f569248b84
0x407cae,0x98f569260180
0x407cae,0x98f569265104
0x407cae,0x98f569268b84
0x422000,0x98f56925ebc0
0x407cb3,0x98f56926c1c0
0x407cae,0x98f569276408
0x407c8e,0x98f5692731d8
0x402660,0x98f569226580
0x402350,0x98f569251e20
0x421ee8,0x98f569271380
0x407cae,0x98f569280194
0x407cae,0x98f56929c500
0x421ee8,0x98f5692925c0
0x407c86,0x98f569293560
0x407cb3,0x98f56929bd80
0x4026c2,0x98f569225700
0x407cb3,0x98f5692a0d5c
0x407cae,0x98f5692a7200
0x407cf3,0x98f56926dfe8
0x407cb3,0x98f5692b3d00
0x407cb3,0x98f5692c23c0
0x407c86,0x98f5692c5108
0x407cb3,0x98f5692cc650
0x407c96,0x98f5692c7200
0x4026c2,0x98f569225a80
0x402350,0x8ad3301c3110
0x422013,0x8ad3301bed40
0x4023b1,0x98f5692498d0
0x407cae,0x8ad3301c7c40
0x407cae,0x8ad3301d0980
0x421ee4,0x98f569291c58
0x407c96,0x8ad3301c5ab0
0x407cb3,0x412e73de8b8c
0x402350,0x8ad3301d1c68
0x407c86,0x8ad3301d4fb8
0x407c86,0x8ad3301e0980
0x421ee8,0x8ad3301e7a00
0x422000,0x8ad3301edfe0
0x407c96,0x8ad3301f5268
0x421ee8,0x8ad3301f1340
0x407cb3,0x8ad3301febc0
0x422003,0x8ad3301f25c0
0x407cae,0x8ad3302010c0
0x407cb3,0x8ad330205100
0x407cf3,0x8ad3301f89b0
0x407cb3,0x8ad33020cd80
0x407cae,0x8ad330211c40
0x407cb3,0x8ad3302125c4
0x407c8e,0x8ad33020b550
0x421ee8,0x8ad330208b80
0x407cb3,0x8ad33021a4f8
0x407c8e,0x8ad33020bca8
0x407cae,0x8ad3302210c0
0x407cae,0x8ad330225100
0x407cb3,0x8ad33022c678
0x407cae,0x8ad33022dfc0
0x407cae,0x8ad33022e824
0x407c8e,0x8ad33022b390
0x407c78,0x8ad330216740
0x407cae,0x8ad330234f80
0x407cae,0x8ad33023675c
0x407cf3,0x8ad3302223e4
0x407cae,0x8ad330236c00
0x422003,0x8ad3302298c0
0x407cae,0x8ad330238980
0x407cae,0x8ad330238fc4
0x407cb3,0x8ad330239fbc
0x407cae,0x8ad33023e510
0x407cb3,0x8ad330240980
0x402660,0x8ad330207200
0x407cb3,0x8ad330245338
0x407cae,0x8ad330246380
0x402350,0x8ad330216c10
0x407cae,0x8ad3302498c0
0x422003,0x8ad330247280
0x42200b,0xfdfd3a8f4f80
0x407cb3,0x8ad33024b558
0x407cb3,0x8ad3302531c0
0x422003,0x8ad330247a00
0x402660,0x8ad330207280
0x422003,0x8ad330247c40
0x407c8e,0x8ad330256778
0x407cb3,0x8ad33026512c
0x422000,0x8ad330262740
0x4026c2,0x8ad330206380
0x422000,0x8ad33026c1c0
0x407cae,0x8ad330271c68
0x407cae,0x8ad330271e3c
0x407cae,0x8ad33027ed40
0x4026c2,0x8ad330206580
0x407cb3,0x8ad330288ba0
0x402350,0x8ad330281190
0x407c86,0x8ad3302847e8
0x407cb3,0x8ad33028bc80
0x40290b,0x98f569250980
0x402660,0x8ad330207a00
0x407c78,0x8ad33028c640
0x407c8e,0x8ad330291c40
0x407cb3,0x8ad3302931c0
0x407cb3,0x8ad33029e500
0x402660,0x8ad330207c40
0x402660,0x8ad330207cc0
0x407cae,0x8ad3302b1c40
0x421ee4,0x8ad3302ab3b0
0x407cb3,0x8ad3302bdc40
0x407cb3,0xea2062bed40
0x402660,0x8ad3302b5100
0x402660,0x8ad3302b5240
0x407c8e,0xea2062cb540
0x402350,0xea2062c7200
0x407cb3,0xea2062cdff8
0x407cb3,0xa1abd7fd6c00
0x40290b,0x98f569250f80
0x407c86,0xa1abd7fe10c8
0x402350,0xea2062c7cc8
0x422013,0xa1abd7fe5a80
0x407c96,0xa1abd7fda4dc
0x407c86,0xa1abd7fe1c68
0x407cb3,0x6c6f1e4c0d6c
0x422003,0xa1abd7ff1340
0x422013,0xa1abd7ff1380
0x407cb3,0x6c6f1e4c6380
0x407cae,0x6c6f1e4c7cf4
0x407c8e,0x6c6f1e4cc1e0
0x407cb3,0xd79e62a513a4
0x422003,0xa1abd7ff1c40
0x407cae,0xd79e62a53540
0x407cae,0xd79e62a56740
0x421ee4,0x8ad3302abc98
0x407cae,0xe8035e45bd88
0x407c8e,0x6c6f1e4cc640
0x407cb3,0xe8035e45dc40
0x407cf3,0xa1abd7fddc6c
0x407c96,0xe8035e4610c4
0x407cb3,0xe8035e4623c0
0x41bd26,0x98f5691ebc82
0x4026c2,0x8ad3302b4700
0x422000,0xe8035e474720
0x407cae,0xe8035e479110
0x421ee8,0xe8035e473540
0x407c8e,0xe8035e47c520
0x407c8e,0xe8035e48c1c0
0x407cb3,0xe8035e492e80
0x422000,0xe8035e481c60
0x407cb3,0xe8035e494700
0x40290b,0x6c6f1e4cb380
0x407cf3,0xe8035e4a08f8
0x407cb3,0xe8035e4ab380
0x421ee8,0xe8035e4a6580
0x407cae,0xe8035e4b25c0
0x407cb3,0xe8035e4bbf40
0x407c86,0xe8035e4b6758
0x40290b,0x6c6f1e4cb540
0x4026c2,0x8ad3302b4f80
0x421ee8,0xe8035e4c47c0
0x422013,0xe8035e4c5a80
0x4023b1,0xa1abd7fd2eac
0x4026c2,0xe8035e4cc1c0
0x421ee8,0xe8035e4e7200
0x407cb3,0xe8035e4ecda0
0x421ee8,0xe8035e4e7cc0
0x407cb3,0xe8035e4f1e00
0x407cae,0xe8035e4f2ec0
0x407cae,0xe8035e4f2ea4
0x421ee8,0xe8035e4f3540
0x407c96,0xe8035e4ebcb0
0x407cb3,0xe8035e4f9100
0x407c86,0xe8035e5010d8
0x407cf3,0xe8035e506388
0x422003,0xe8035e5008c0
0x407cb3,0xe8035e50c640
0x422000,0xe8035e500d60
0x4026c2,0xe8035e4cc640
0x4023b1,0xe8035e4dc504
0x407c8e,0xe8035e516778
0x407cae,0xe8035e51e51c
0x402350,0xe8035e523130
0x407cf3,0xe8035e5201a8
0x422000,0xe8035e525700
0x407cb3,0xe8035e52b3b4
0x407cb3,0xe8035e52bc80
0x407c8e,0xe8035e527c40
0x407c8e,0xe8035e527cc8
0x407cb3,0xe8035e536400
0x407cae,0xe8035e538980
0x407cb3,0xe8035e539100
0x407cf3,0xe8035e5208c4
0x407cf3,0xe8035e5209a4
0x407cb3,0xe8035e541c40
0x422013,0xe8035e530980
0x407c8e,0xe8035e540198
0x407cae,0xe8035e55a4c0
0x407cf3,0xe8035e54dfdc
0x422000,0xe8035e55bda0
0x421ee8,0xe8035e5647c0
0x422013,0xe8035e565a80
0x40290b,0x6c6f1e4cbc80
0x4026c2,0xe8035e4ccd80
0x402350,0xe8035e570fb0
0x421ee4,0xe8035e512e90
0x407cb3,0xe8035e592eec
0x407c86,0xe8035e590fa8
0x407cae,0xe8035e5989ac
0x402709,0xfdfd3a9c10d8
0x402700,0xfdfd3a9b1c40
0x402709,0xfdfd3a9c1c5c
0x402700,0x98f56910b380
0x402700,0x98f56910b540
0x402700,0x98f56910bc80
0x402700,0x98f569226380
0x409f78,0xe8035e59e500
0x409f7c,0xe8035e5a10c0
0x409fa4,0xe8035e5a1180
0x409fa4,0xe8035e5a1c40
0x409fa4,0xe8035e5a3100
0x409f88,0x98f56912d79c
0x409f98,0xfdfd3a9c11a0
0x409f78,0xe8035e59ebc0
0x409f78,0xe8035e59ed40
0x409fb2,0xe8035e5a23c0
0x409fa4,0xe8035e5a47c0
0x409fae,0xe8035e5a08c0
0x409f78,0xe8035e5a5100
0x409fae,0xe8035e5a0980
0x409f78,0xe8035e5a5300
0x409fa4,0xe8035e5a6380
0x409fa4,0xe8035e5a6580
0x409fb2,0xe8035e5a2740
0x409f78,0xe8035e5a5700
0x409f7c,0xe8035e5a7202
0x409fa4,0xe8035e5a7280
0x409fae,0xe8035e5a0d40
0x409f7c,0xe8035e5a7a02
0x409f78,0xe8035e5a5a80
0x409fa4,0xe8035e5a7c40
0x409fa4,0xe8035e5a7cc0
0x409f88,0xa1abd7fd25ec
0x412231,0xe8035e5d6c3e
0x412035,0xe8035e5b9110
0x412031,0xe8035e5b5240
0x412022,0xe8035e5c23d0
0x412104,0xe8035e5f1356
0x412022,0xe8035e5c7c50
0x412035,0xe8035e5b1e10
0x412031,0xe8035e5d4720
0x4176d7,0xe8035e5debd4
0x4176d7,0xe8035e5e0d79
0x412022,0xe8035e5de510
0x4176d7,0xe8035e5e08c9
0x4176d7,0xe8035e5ee809
0x41204a,0xe8035e5ccdb8
0x412104,0xe8035e614714
0x412022,0xe8035e6210d0
0x412031,0xe8035e631340
0x424e54,0x28e837c87200
0x41a9df,0xfdfd3a9201ac
0x465f77,0xfdfd3a91ed78
0x417b18,0x6c537032e810
0x417b18,0x6c5370331c70
0x41795f,0xe8035e61ebe0
0x408cfb,0xe8035e647cd8
0x41bd36,0xfdfd3a925a90
0x407db7,0xee30bb947200
0x407d86,0xee30bb947280
0x407d8e,0xee30bb946380
0x402526,0xfdfd3a9ac1f0
0x407d8e,0xee30bb94658c
0x407d86,0xee30bb947a00
0x407d86,0xee30bb947c40
0x407db7,0xee30bb947cdc
0x407d96,0xee30bb9498c0
0x407d5f,0xee30bb945320
0x407db7,0xee30bb94bc8c
0x407d96,0xee30bb94cd80
0x407d8e,0xee30bb94d784
0x407db7,0xee30bb94e800
0x407d96,0xee30bb94dfc0
0x407d96,0xee30bb950980
0x407d96,0xee30bb950f80
0x407db7,0x5829a6eb911c
0x407d8e,0x5829a6eba4c4
0x407db7,0x5829a6eb9fbc
0x407d49,0xe8035e594700
0x407d86,0x412e73cae800
0x407d4d,0xee30bb9447c0
0x407d8e,0x412e73cb1340
0x407d8e,0x412e73cb1380
0x407db7,0x412e73cb0980
0x407d8e,0x412e73cb1c40
0x407d8e,0x412e73cb1e34
0x407db7,0x412e73cb0f80
0x407d8e,0x412e73cb31dc
0x407db7,0x412e73cb25c0
0x407d96,0x412e73cb3540
0x407d8e,0x412e73cb3d00
0x407db7,0x412e73cb2e80
0x407d86,0x412e73cb2ec0
0x407d8e,0x412e73cb5100
0x407d8e,0x412e73cb5240
0x407db7,0x412e73cb4700
0x407db7,0x412e73cb4f80
0x407db7,0x412e73cb6400
0x407d86,0x412e73cb6740
0x407d86,0x412e73cb6c00
0x407d96,0x412e73cb9100
0x407d86,0x412e73cb8980
0x41bd26,0x98f569211c44
0x407d96,0x412e73cb9f80
0x407d86,0x412e73cb8fc0
0x407d5f,0xee30bb945700
0x407d8e,0x412e73cba4e4
0x407db7,0x412e73cbbd80
0x407d86,0x412e73cbbf40
0x407db7,0x412e73cbc500
0x407d8e,0x412e73cbdc40
0x407db7,0x412e73cbe500
0x407db7,0x412e73cbebe4
0x407db7,0x412e73cbed40
0x407d8e,0x412e73cc10c4
0x407d86,0x412e73cc0180
0x407d96,0x412e73cc1180
0x407d86,0x412e73cc08c0
0x407db7,0x412e73cc0980
0x407d8e,0x412e73cc1c40
0x407db7,0x412e73cc0d40
0x407d8e,0x412e73cc3100
0x407d86,0x412e73cc23c0
0x407db7,0x412e73cc2740
0x407d49,0xe8035e594f80
0x407d8e,0x412e73cc5100
0x407d8e,0x412e73cc5300
0x407d8e,0x412e73cc5700
0x407db7,0x412e73cc47c4
0x407d8e,0x412e73cc5a80
0x407d8e,0x412e73cc98d4
0x407db7,0x412e73cc8b80
0x407d96,0x412e73ccb380
0x407d8e,0x412e73ccb540
0x407d49,0x412e73cc7200
0x407d8e,0x412e73ccbc80
0x407db7,0x412e73ccc1c0
0x41bd26,0x8ad3301fbd84
0x407d49,0x412e73cc7280
0x407db7,0x412e73ccc640
0x407d8e,0x412e73ccd780
0x41bd26,0x8ad3301fbf60
0x407d5f,0xee30bb945a80
0x407db7,0x412e73cccd80
0x407d8e,0x412e73ccdfd4
0x407d4d,0x412e73cc6380
0x407d86,0x412e73cce800
0x407d8e,0x412e73cd1354
0x407d8e,0x412e73cd1380
0x41bd26,0x98f56916312a
0x407db7,0x412e73cd0980
0x407d8e,0x412e73cd1c40
0x407d96,0x412e73cd1e00
0x407db7,0x412e73cd0f84
0x407d8e,0x412e73cd31f4
0x407db7,0x412e73cd25c0
0x407d96,0x412e73cd3540
0x407d8e,0x412e73cd3d00
0x407d4d,0x412e73cc6580
0x407db7,0x412e73cd2e80
0x407d86,0x412e73cd2ec0
0x407d8e,0x412e73cd5100
0x407d8e,0x412e73cd5240
0x407db7,0x412e73cd4700
0x407db7,0x412e73cd4f80
0x407db7,0x412e73cd6414
0x407d86,0x412e73cd6740
0x407d86,0x412e73cd6c00
0x407d86,0x412e73cd9100
0x407d96,0x412e73cd8980
0x407d86,0x412e73cd9f80
0x407d96,0x412e73cd8fc0
0x407d30,0xfdfd3a9adfe0
0x407db7,0x412e73cda4fc
0x407d8e,0x412e73cdbd84
0x407d8e,0x412e73cdbf40
0x407db7,0x412e73cdc500
0x407d8e,0x412e73cddc40
0x407d8e,0x412e73cde500
0x407d49,0x412e73cc7a00
0x41bd26,0x98f5690fed60
0x41bd26,0x98f569211e2c
0x407d8e,0x412e73cdebfc
0x407d8e,0x412e73cded40
0x407d8e,0x412e73ce10dc
0x407d86,0x412e73ce0180
0x407d96,0x412e73ce1180
0x41bd26,0xa2132207220
0x407db7,0x412e73ce08c0
0x407db7,0x412e73ce0980
0x407d8e,0x412e73ce1c40
0x407db7,0x412e73ce0d40
0x407d8e,0x412e73ce3100
0x407d86,0x412e73ce23c0
0x407db7,0x412e73ce2740
0x407d8e,0x412e73ce5100
0x407d49,0x412e73cc7c40
0x407d8e,0x412e73ce5300
0x407d8e,0x412e73ce5700
0x407db7,0x412e73ce47dc
0x407d8e,0x412e73ce5a80
0x407d49,0x412e73cc7cc0
0x407db7,0x412e73ce7200
0x407d86,0x412e73ce7280
0x407d96,0x412e73ce6380
0x407d8e,0x412e73ce6580
0x407db7,0x412e73ce7a24
0x41bd26,0xa21321b8fc6
0x407db7,0x412e73ce7cc0
0x407d86,0x412e73ce7c40
0x41bd26,0xee30bb948bb6
0x407d8e,0x412e73ce98c4
0x407db7,0x412e73ce8b80
0x407d8e,0x412e73ceb3bc
0x407d8e,0x412e73ceb540
0x407d8e,0x412e73cebc80
0x407d86,0x412e73cec1c0
0x407db7,0x412e73cec640
0x407d8e,0x412e73ced780
0x407db7,0x412e73cecd80
0x407d8e,0x412e73cedfc4
0x407d86,0x412e73cee800
0x407df8,0xfdfd3a9c0180
0x407d8e,0x412e73cf1344
0x407d8e,0x412e73cf1380
0x407db7,0x412e73cf0980
0x407d5b,0xfdfd3a9b25d0
0x407d8e,0x412e73cf1c40
0x407d8e,0x412e73cf1e3c
0x407db7,0x412e73cf0f80
0x407d8e,0x412e73cf31e4
0x407db7,0x412e73cf25c0
0x407d96,0x412e73cf3540
0x407d8e,0x412e73cf3d00
0x407db7,0x412e73cf2e80
0x407d86,0x412e73cf2ec0
0x407db7,0x412e73cf5100
0x407db7,0x412e73cf5240
0x407d8e,0x412e73cf4700
0x407d8e,0x412e73cf4f80
0x407db7,0x412e73cf6404
0x407d86,0x412e73cf6740
0x407d86,0x412e73cf6c00
0x407d96,0x412e73cf9100
0x407d86,0x412e73cf8980
0x407d4d,0xfdfd3a9bc500
0x407d96,0x412e73cf9f80
0x407d86,0x412e73cf8fc0
0x407db7,0x412e73cfa4ec
0x407d8e,0x412e73cfbd80
0x4633b5,0xfdfd3a91ed78
0x41735b,0xe8035e61a4c4
0x417358,0x412e73e0b570
0x41735b,0x412e73e0dff4
0x417358,0x412e73e0e810
0x417358,0x412e73e15100
0x41735b,0x412e73e23134
0x41450d,0x28e837c87200
0x46d4e0,0x412e73d0e800
0x46d4e0,0x412e73d10980
0x46d4e0,0x412e73d10f80
0x46d4e0,0x412e73d11380
0x46d4e0,0x412e73d11340
0x46d4e0,0x412e73d11e00
0x46d4e0,0x412e73d11c40
0x46d4e0,0x412e73d125c0
0x46d4e0,0x412e73d12e80
0x46d4e0,0x412e73d12ec0
0x46d4e0,0x412e73d131c0
0x46d4e0,0x412e73d13540
0x46d4e0,0x412e73d13d00
0x46d4e0,0x412e73d14700
0x46d4e0,0x412e73d14f80
0x46d4e0,0x412e73d15100
0x46d4e0,0x412e73d15240
0x46d4e0,0x412e73d16400
0x46d4e0,0x412e73d16740
0x46d4e0,0x412e73d16c00
0x46d4e0,0x412e73d18980
0x46d4e0,0x412e73d18fc0
0x46d4e0,0x412e73d19100
0x46d4e0,0x412e73d19f80
0x46d4e0,0x412e73d1a4c0
0x46d4e0,0x412e73d1bd80
0x46d4e0,0x412e73d1bf40
0x46d4e0,0x412e73d1c500
0x46d4e0,0x412e73d1dc40
0x46d4e0,0x412e73d1e500
0x46d4e0,0x412e73d1ebc0
0x46d4e0,0x412e73d1ed40
0x46d4e0,0x412e73d20180
0x46d4e0,0x412e73d208c0
0x46d4e0,0x412e73d20980
0x46d4e0,0x412e73d20d40
0x46d4e0,0x412e73d210c0
0x46d4e0,0x412e73d21180
0x46d4e0,0x412e73d21c40
0x46d4e0,0x412e73d223c0
0x46d4e0,0x412e73d22740
0x46d4e0,0x412e73d23100
0x46d4e0,0x412e73d247c0
0x46d4e0,0x412e73d25100
0x46d4e0,0x412e73d25300
0x46d4e0,0x412e73d25700
0x46d4e0,0x412e73d25a80
0x46d4e0,0x412e73d26380
0x46d4e0,0x412e73d26580
0x46d4e0,0x412e73d27200
0x46d4e0,0x412e73d27280
0x46d4e0,0x412e73d27cc0
0x46d4e0,0x412e73d27a00
0x46d4e0,0x412e73d27c40
0x46d4e0,0x412e73d28b80
0x46d4e0,0x412e73d298c0
0x46d4e0,0x412e73d2b380
0x46d4e0,0x412e73d2b540
0x46d4e0,0x412e73d2bc80
0x46d4e0,0x412e73d2c1c0
0x46d4e0,0x412e73d2c640
0x46d4e0,0x412e73d2cd80
0x46d4e0,0xfdfd3a9ae800
0x46d4e0,0xe8035e5b4f80
0x41704f,0xe8035e5e0d79
0x41704f,0xe8035e5e08c9
0x41704c,0xe8035e61ebe0
0x46d4e0,0xfdfd3a9b1340
0x46d4e0,0xfdfd3a9b1380
0x46d4e0,0xfdfd3a9b1c40
0x46d4e0,0xfdfd3a9b1e00
0x46d4e0,0x98f56910b380
0x46d4e0,0x98f56910b540
0x46d4e0,0x98f56910bc80
0x46d4e0,0x98f569226380
0x46d4e0,0x98f569226580
0x46d4e0,0x8ad330207200
0x46d4e0,0x8ad330207280
0x46d4e0,0x8ad330207a00
0x46d4e0,0x8ad330207c40
0x46d4e0,0x8ad330207cc0
0x46d4e0,0x8ad3302b5100
0x46d4e0,0x8ad3302b5240
0x41df60,0xe8035e5f1356
0x41df60,0xe8035e5d6c3e
0x4268d7,0xe8035e595250
0x4268f9,0x412e73d36400
0x4268f9,0x412e73d36740
0x4268f9,0x412e73d36c00
0x4268a7,0x412e73d33540
0x4268ce,0x412e73d389ac
0x4268ce,0x412e73d38fc4
0x4268f9,0x412e73d3911c
0x4268ce,0x412e73d3a4c0
0x4268f9,0x412e73d39f80
0x426898,0x412e73d34700
0x4268f9,0x412e73d3c504
0x4268ce,0x412e73d3bd80
0x4268ce,0x412e73d3bf74
0x4268ce,0x412e73d3e524
0x4268a7,0x412e73d33d00
0x4268ce,0x412e73d3ebc0
0x4268f9,0x412e73d3dc40
0x4268ce,0x412e73d3ed44
0x4268ce,0x412e73d40180
0x4268ce,0x412e73d408c0
0x4268ce,0x412e73d40980
0x4268ce,0x412e73d40d40
0x4268ae,0x412e73d410c0
0x4268f9,0x412e73d43100
0x4268ae,0x412e73d41180
0x4268ce,0x412e73d447c0
0x4268f9,0x412e73d45124
0x4268f9,0x412e73d4532c
0x4268a7,0x412e73d423c0
0x4268ce,0x412e73d46380
0x4268ce,0x412e73d46580
0x4268f9,0x412e73d45700
0x42693e,0xfdfd3a9a1c58
0x4268f9,0x412e73d45a80
0x4268c5,0x412e73d47200
0x4268f9,0x412e73d4729c
0x4268f9,0x412e73d47a00
0x4268a7,0x412e73d42740
0x4268ce,0x412e73d48b80
0x4268f9,0x412e73d47c5c
0x4268f9,0x412e73d47cc4
0x4268c5,0x412e73d498c0
0x4268ce,0x412e73d4c1c4
0x426898,0x412e73d34f80
0x4268f9,0x412e73d4b384
0x4268f9,0x412e73d4b540
0x4268ce,0x412e73d4c640
0x4268ae,0x412e73d41c40
0x4268f9,0x412e73d4bc80
0x4268ce,0x412e73d4cd8c
0x4268f9,0x412e73d4e800
0x4268ce,0x412e73d51340
0x4268ce,0x412e73d51380
0x4268c5,0x412e73d50980
0x4268ce,0x412e73d51c6c
0x4268ce,0x412e73d51e0c
0x4268a7,0x412e73d531c0
0x4268f9,0x412e73d50f80
0x4268ce,0x412e73d55100
0x4268ce,0x412e73d55240
0x4268f9,0x412e73d5471c
0x4268f9,0x412e73d54fa4
0x4268f9,0x412e73d5641c
0x4268a7,0x412e73d53540
0x4268f9,0x412e73d5675c
0x4268ae,0x412e73d525c0
0x4268f9,0x412e73d56c00
0x4268ce,0x412e73d59100
0x4268f9,0x412e73d589a4
0x4268f9,0x412e73d58fc0
0x4268ce,0x412e73d59f9c
0x4268ce,0x412e73d5a4e4
0x426898,0x412e73d4d780
0x4268f9,0x412e73d5bd8c
0x4268f9,0x412e73d5bf40
0x4268f9,0x412e73d5c500
0x4268a7,0x412e73d53d00
0x4268ce,0x412e73d5dc74
0x4268ae,0x412e73d52e80
0x4268ae,0x412e73d52ec0
0x4268f9,0x412e73d5e51c
0x4268f9,0x412e73d5ebc0
0x4268f9,0x412e73d5ed40
0x4268a7,0x412e73d610c0
0x4268ce,0x412e73d6312c
0x4268f9,0x412e73d623c0
0x4268ae,0x412e73d60180
0x4268a7,0x412e73d61180
0x4268f9,0x412e73d62764
0x4268ce,0x412e73d65104
0x4268ce,0x412e73d6530c
0x4268ce,0x412e73d6571c
0x4268f9,0x412e73d647c0
0x4268ce,0x412e73d65a80
0x4268ce,0x412e73d67214
0x4268ce,0x412e73d67280
0x4268f9,0x412e73d66380
0x4268f9,0x412e73d66580
0x4268ce,0x412e73d67a34
0x4268ce,0x412e73d67c40
0x4268ce,0x412e73d67cc0
0x4268ae,0x412e73d608c0
0x4268ae,0x412e73d60980
0x4268ce,0x412e73d698d4
0x4268f9,0x412e73d68b80
0x4268ce,0x412e73d6b380
0x4268ce,0x412e73d6b56c
0x426898,0x412e73d4dfc0
0x4268a7,0x412e73d61c40
0x4268ce,0x412e73d6bc80
0x4268ae,0x412e73d60d40
0x4268f9,0x412e73d6d780
0x4268ce,0x412e73d6e81c
0x426898,0x412e73d6c1c0
0x4268c5,0x412e73d6dfc0
0x4268ce,0x412e73d70994
0x4268ce,0x412e73d70fac
0x4268f9,0x412e73d731d4
0x4268f9,0x412e73d73540
0x4268ce,0x412e73d74700
0x4268ae,0x412e73d71340
0x4268ae,0x412e73d71380
0x4268c5,0x412e73d73d00
0x4268ce,0x412e73d74f84
0x4268f9,0x412e73d75100
0x4268f9,0x412e73d75240
0x4268ce,0x412e73d76400
0x4268ce,0x412e73d76740
0x4268a7,0x412e73d725c0
0x4268ce,0x412e73d76c1c
0x4268ce,0x412e73d78984
0x426898,0x412e73d6c640
0x4268ce,0x412e73d78fc0
0x4268ce,0x412e73d79100
0x4268f9,0x412e73d7a4c0
0x4268ce,0x412e73d79f80
0x4268ae,0x412e73d71c40
0x4268ce,0x412e73d7c524
0x4268ae,0x412e73d71e00
0x4268f9,0x412e73d7bd80
0x4268f9,0x412e73d7bf6c
0x4268a7,0x412e73d72e80
0x4268a7,0x412e73d72ec0
0x42693e,0xfdfd3a9b8998
0x4268ce,0x412e73d7e500
0x4268ce,0x412e73d7ebe4
0x4268f9,0x412e73d7dc6c
0x4268ce,0x412e73d7ed40
0x4268f9,0x412e73d810e4
0x4268c5,0x412e73d81180
0x4268ce,0x412e73d823c0
0x4268a7,0x412e73d80180
0x4268ce,0x412e73d82744
0x4268f9,0x412e73d81c44
0x4268f9,0x412e73d83124
0x4268ce,0x412e73d847ec
0x4268f9,0x412e73d85100
0x4268f9,0x412e73d85304
0x4268ce,0x412e73d863b4
0x4268ce,0x412e73d86580
0x4268f9,0x412e73d85714
0x426898,0x412e73d6cd80
0x4268f9,0x412e73d85a80
0x4268f9,0x412e73d8720c
0x4268f9,0x412e73d87280
0x4268a7,0x412e73d808c0
0x4268a7,0x412e73d80980
0x4268f9,0x412e73d87a2c
0x4268ce,0x412e73d88bac
0x4268f9,0x412e73d87c40
0x4268f9,0x412e73d87cc0
0x42693e,0xfdfd3a9b8fc8
0x4268f9,0x412e73d898cc
0x4268a7,0x412e73d80d40
0x4268f9,0x412e73d8c1c0
0x4268f9,0x412e73d8c640
0x4268ce,0x412e73d8d7b4
0x4268f9,0x412e73d8cd84
0x4268ce,0x412e73d8dfd4
0x4268f9,0x412e73d8e814
0x4268ce,0x412e73d931c0
0x4268ce,0x412e73d9355c
0x4268f9,0x412e73d925e4
0x426898,0x412e73d8b380
0x4268a7,0x412e73d91340
0x4268a7,0x412e73d91380
0x4268ce,0x412e73d93d14
0x4268f9,0x412e73d92e80
0x4268f9,0x412e73d92ed4
0x4268ce,0x412e73d95124
0x4268ce,0x412e73d9525c
0x4268f9,0x412e73d94700
0x426898,0x412e73d8b540
0x4268f9,0x412e73d94f80
0x4268f9,0x412e73d96400
0x4268f9,0x412e73d96740
0x4268f9,0x412e73d96c14
0x4268ae,0x412e73d90980
0x4268f9,0x412e73d99100
0x4268ce,0x412e73d98980
0x4268f9,0x412e73d99f94
0x4268ce,0x412e73d98fdc
0x4268a7,0x412e73d91c40
0x4268f9,0x412e73d9a4dc
0x42693e,0xa21321898c0
0x4268ce,0x412e73d9bdac
0x4268a7,0x412e73d91e00
0x4268ce,0x412e73d9bf4c
0x4268f9,0x412e73d9c51c
0x4268ae,0x412e73d90f80
0x4268ce,0x412e73d9dc4c
0x4268ce,0x412e73da10c4
0x4268c5,0x412e73da0180
0x4268ce,0x412e73da1194
0x4268f9,0x412e73da08c0
0x4268f9,0x412e73da0980
0x4268ce,0x412e73da1c40
0x4268f9,0x412e73da0d40
0x4268ce,0x412e73da3104
0x4268f9,0x412e73da23c0
0x4268f9,0x412e73da2740
0x4268ae,0x412e73d9e500
0x426898,0x412e73d8bc80
0x4268ce,0x412e73da5100
0x4268ce,0x412e73da5300
0x4268ce,0x412e73da5700
0x4268f9,0x412e73da47e4
0x4268ce,0x412e73da5a9c
0x4268ce,0x412e73da7200
0x4268ce,0x412e73da7280
0x4268f9,0x412e73da63ac
0x4268c5,0x412e73da6580
0x4268ce,0x412e73da7a0c
0x4268ce,0x412e73da7c40
0x4268ce,0x412e73da7ce4
0x4268ae,0x412e73d9ebc0
0x4268ce,0x412e73da98c0
0x4268f9,0x412e73da8ba4
0x4268ae,0x412e73d9ed40
0x4268ce,0x412e73dac1c0
0x4268f9,0x412e73dab380
0x4268f9,0x412e73dab564
0x42693e,0xfdfd3a9b911c
0x4268ce,0x412e73dac640
0x4268c5,0x412e73dabc80
0x4268ce,0x412e73dacd80
0x4268f9,0x412e73dad7ac
0x4268ce,0x412e73dae800
0x4268f9,0x412e73dadfcc
0x4268f9,0x412e73d35104
0x4268ce,0x412e73d331c0
0x4268f9,0x412e73d35240
0x4268f9,0xfdfd3a91bd80
0x4268f9,0xfdfd3a91bf40
0x4268ae,0xfdfd3a91c500
0x4268ce,0x412e73db136c
0x4268ce,0x412e73db1380
0x4268f9,0x412e73db09a4
0x4268ce,0x412e73db1c5c
0x4268ce,0x412e73db1e00
0x4268f9,0x412e73db0f80
0x4268f9,0x412e73db31c4
0x4268f9,0x412e73db356c
0x4268ce,0x412e73db25c0
0x4268f9,0x412e73db3d24
0x4268ce,0x412e73db2ea4
0x4268ce,0x412e73db2ec0
0x4268ce,0x412e73db5114
0x4268ce,0x412e73db524c
0x4268f9,0x412e73db4700
0x4268f9,0x412e73db4f80
0x4268a7,0xfdfd3a91dc40
0x4268f9,0x412e73db6400
0x4268f9,0x412e73db6740
0x4268f9,0x412e73db6c04
0x4268ce,0x412e73db912c
0x4268f9,0x412e73db8980
0x4268ce,0x412e73db9f80
0x4268f9,0x412e73db8fec
0x4268c5,0x412e73dbc500
0x4268ce,0x412e73dbdc64
0x4268f9,0x412e73dbe50c
0x4268ae,0x412e73dba4c0
0x4268c5,0x412e73dbebc0
0x4268f9,0x412e73dbed40
0x4268ce,0x412e73dc10c0
0x4268ce,0x412e73dc1184
0x4268f9,0x412e73dc01a4
0x4268c5,0x412e73dc08c0
0x4268f9,0x412e73dc0980
0x4268ce,0x412e73dc1c40
0x4268f9,0x412e73dc0d6c
0x4268ce,0x412e73dc3100
0x4268f9,0x412e73dc23ec
0x4268f9,0x412e73dc2740
0x4268ce,0x412e73dc5134
0x42693e,0xfdfd3a9b9f9c
0x4268ce,0x412e73dc5300
0x4268ce,0x412e73dc5700
0x4268f9,0x412e73dc47d4
0x4268ce,0x412e73dc5a8c
0x4268a7,0x412e73dbbd80
0x4268ce,0x412e73dc7200
0x4268ce,0x412e73dc72ac
0x4268f9,0x412e73dc639c
0x4268f9,0x412e73dc65a4
0x4268ce,0x412e73dc7a00
0x4268ce,0x412e73dc7c6c
0x4268a7,0x412e73dbbf40
0x4268ce,0x412e73dc7cd4
0x4268ce,0x412e73dc98c0
0x4268f9,0x412e73dc8b94
0x4268ae,0x28e837c8c1c0
0x4268ce,0x412e73dcb394
0x4268ce,0x412e73dcb540
0x4268a7,0x28e837c8b380
0x4268ce,0x412e73dcbc84
0x4268f9,0x28e837c8638c
0x4268a7,0x28e837c8b540
0x4268f9,0x28e837c86594
0x4268ae,0x28e837c8c640
0x4268ce,0x28e837c88b8c
0x4268c5,0xfdfd3a8c10c0
0x4268f9,0xfdfd3a8c1180
0x4268ce,0x28e837c8d780
0x4268f9,0xfdfd3a8c1c54
0x4268ce,0x28e837c8dfdc
0x4268ce,0xfdfd3a8c3114
0x4268f9,0xfdfd3a8c23c0
0x4268f9,0xfdfd3a8c274c
0x4268ce,0xfdfd3a8c5100
0x4268a7,0x28e837c8bc80
0x4268ce,0xfdfd3a8c5300
0x4268ce,0xfdfd3a8c5704
0x4268c5,0xfdfd3a8c47c0
0x4268ae,0x28e837c8cd80
0x42693e,0x28e837c898c0
0x4268ce,0xfdfd3a8c5aac
0x4268ce,0xfdfd3a8c7200
0x4268ce,0xfdfd3a8c7280
0x4268f9,0xfdfd3a8c6380
0x4268f9,0xfdfd3a8c6580
0x4268ce,0xfdfd3a8c7a1c
0x4268ce,0xfdfd3a8c7c40
0x4268ce,0xfdfd3a8c7cf4
0x4268ce,0xfdfd3a8cb380
0x4268ce,0xfdfd3a8cb540
0x4268ce,0xfdfd3a8cbc80
0x4268f9,0xfdfd3a8cc1cc
0x4268f9,0xfdfd3a8cc644
0x4268ce,0xfdfd3a8cd780
0x4268f9,0xfdfd3a8ccd94
0x4268ce,0xfdfd3a8cdfe4
0x4268f9,0xfdfd3a8ce824
0x4268a7,0xfdfd3a8c98c0
0x4268ce,0xfdfd3a8d1364
0x4268ce,0xfdfd3a8d1380
0x4268f9,0xfdfd3a8d099c
0x4268ce,0xfdfd3a8d1c54
0x4268ce,0xfdfd3a8d1e00
0x4268c5,0xfdfd3a8d0f80
0x4268ce,0xfdfd3a8d31c0
0x4268ae,0xfdfd3a8c8b80
0x4268ce,0xfdfd3a8d3544
0x4268f9,0xfdfd3a8d25cc
0x4268ce,0xfdfd3a8d3d00
0x4268f9,0xfdfd3a8d2e80
0x4268f9,0xfdfd3a8d2ec0
0x4268f9,0xfdfd3a8d6404
0x426898,0xfdfd3a8d5100
0x4268f9,0xfdfd3a8d6744
0x4268f9,0xfdfd3a8d6c24
0x4268ce,0xfdfd3a8d9100
0x426898,0xfdfd3a8d5240
0x4268f9,0xfdfd3a8d898c
0x4268ce,0xfdfd3a8d9f84
0x4268f9,0xfdfd3a8d8fc0
0x4268f9,0xfdfd3a8dc500
0x4268ce,0xfdfd3a8ddc40
0x4268ae,0xfdfd3a8da4c0
0x4268f9,0xfdfd3a8de52c
0x4268f9,0xfdfd3a8debc0
0x4268f9,0xfdfd3a8ded4c
0x4268c5,0xfdfd3a8e10c0
0x4268f9,0xfdfd3a8e1180
0x4268ce,0xfdfd3a8e01a4
0x4268ce,0xfdfd3a8e08f4
0x4268ce,0xfdfd3a8e0980
0x4268f9,0xfdfd3a8e1c54
0x4268ce,0xfdfd3a8e0d6c
0x4268ce,0xfdfd3a8e3114
0x4268f9,0xfdfd3a8e23c0
0x42693e,0xfdfd3a8d4700
0x4268f9,0xfdfd3a8e274c
0x4268ce,0xfdfd3a8e5100
0x4268ce,0xfdfd3a8e5300
0x4268ce,0xfdfd3a8e5704
0x4268c5,0xfdfd3a8e47c0
0x4268a7,0xfdfd3a8dbd80
0x4268ce,0xfdfd3a8e5aac
0x4268ce,0xfdfd3a8e7200
0x4268ce,0xfdfd3a8e7280
0x4268f9,0xfdfd3a8e6380
0x4268a7,0xfdfd3a8dbf40
0x4268f9,0xfdfd3a8e6580
0x4268ce,0xfdfd3a8e7a1c
0x4268ce,0xfdfd3a8e7c40
0x4268ce,0xfdfd3a8e7cf4
0x4268ce,0xfdfd3a8eb380
0x4268ce,0xfdfd3a8eb540
0x4268ce,0xfdfd3a8ebc80
0x4268f9,0xfdfd3a8ec1cc
0x4268f9,0xfdfd3a8ec644
0x4268ce,0xfdfd3a8ed780
0x4268f9,0xfdfd3a8ecd94
0x4268ce,0xfdfd3a8edfe4
0x4268f9,0xfdfd3a8ee824
0x4268a7,0xfdfd3a8e98c0
0x4268ce,0xfdfd3a8f1364
0x4268ce,0xfdfd3a8f1380
0x4268f9,0xfdfd3a8f099c
0x4268ce,0xfdfd3a8f1c54
0x4268ce,0xfdfd3a8f1e00
0x4268c5,0xfdfd3a8f0f80
0x4268ce,0xfdfd3a8f31c0
0x42693e,0xfdfd3a8d4f80
0x4268ae,0xfdfd3a8e8b80
0x4268ce,0xfdfd3a8f3544
0x4268f9,0xfdfd3a8f25cc
0x4268ce,0xfdfd3a8f3d00
0x4268f9,0xfdfd3a8f2e80
0x4268f9,0xfdfd3a8f2ec0
0x4268f9,0xfdfd3a8f6404
0x426898,0xfdfd3a8f5100
0x4268f9,0xfdfd3a8f6744
0x4268f9,0xfdfd3a8f6c24
0x4268ce,0xfdfd3a8f9100
0x426898,0xfdfd3a8f5240
0x4268f9,0xfdfd3a8f898c
0x4268ce,0xfdfd3a8f9f84
0x4268f9,0xfdfd3a8f8fc0
0x4268f9,0xfdfd3a8fc500
0x4268ce,0xfdfd3a8fdc40
0x4268ae,0xfdfd3a8fa4c0
0x4268f9,0xfdfd3a8fe52c
0x4268f9,0xfdfd3a8febc0
0x4268f9,0xfdfd3a8fed4c
0x4268c5,0xfdfd3a9010c0
0x4268f9,0xfdfd3a901180
0x4268ce,0xfdfd3a9001a4
0x4268ce,0xfdfd3a9008f4
0x4268ce,0xfdfd3a900980
0x4268f9,0xfdfd3a901c54
0x4268ce,0xfdfd3a900d6c
0x4268ce,0xfdfd3a903114
0x4268f9,0xfdfd3a9023c0
0x42693e,0xfdfd3a8f4700
0x4268f9,0xfdfd3a90274c
0x4268ce,0xfdfd3a905100
0x4268ce,0xfdfd3a905300
0x4268ce,0xfdfd3a905704
0x4268c5,0xfdfd3a9047c0
0x4268a7,0xfdfd3a8fbd80
0x4268ce,0xfdfd3a905aac
0x4268ce,0xfdfd3a907200
0x4268ce,0xfdfd3a907280
0x4268f9,0xfdfd3a906380
0x4268a7,0xfdfd3a8fbf40
0x4268f9,0xfdfd3a906580
0x4268ce,0xfdfd3a907a1c
0x4268ce,0xfdfd3a907c40
0x4268ce,0xfdfd3a907cf4
0x4268ce,0xfdfd3a90b380
0x4268ce,0xfdfd3a90b540
0x4268ce,0xfdfd3a90bc80
0x4268f9,0xfdfd3a90c1cc
0x4268f9,0xfdfd3a90c644
0x4268ce,0xfdfd3a90d780
0x4268f9,0xfdfd3a90cd94
0x4268ce,0xfdfd3a90dfe4
0x4268f9,0xfdfd3a90e824
0x4268a7,0xfdfd3a9098c0
0x4268ce,0xfdfd3a911364
0x4268ce,0xfdfd3a911380
0x4268f9,0xfdfd3a91099c
0x4268ce,0xfdfd3a911c54
0x4268ce,0xfdfd3a911e00
0x4268c5,0xfdfd3a910f80
0x4268ce,0xfdfd3a9131c0
0x42693e,0xfdfd3a8f4f80
0x4268ae,0xfdfd3a908b80
0x4268ce,0xfdfd3a913544
0x4268f9,0xfdfd3a9125cc
0x4268ce,0xfdfd3a913d00
0x4268f9,0xfdfd3a912e80
0x4268f9,0xfdfd3a912ec0
0x4268f9,0xfdfd3a916404
0x426898,0xfdfd3a915100
0x4268f9,0xfdfd3a916744
0x4268f9,0xfdfd3a916c24
0x4268ce,0xfdfd3a919100
0x426898,0xfdfd3a915240
0x4268f9,0xfdfd3a91898c
0x4268ce,0xfdfd3a919f84
0x4268f9,0xfdfd3a918fc0
0x4268a7,0xfdfd3a926380
0x4268f9,0xfdfd3a9298e4
0x4268ce,0xfdfd3a928b9c
0x4268ce,0xfdfd3a92b380
0x4268a7,0xfdfd3a926580
0x4268ce,0xfdfd3a92b55c
0x4268ce,0xfdfd3a92bcac
0x4268ce,0xfdfd3a92c1f4
0x4268ce,0xfdfd3a92c66c
0x4268f9,0xfdfd3a92d780
0x4268ce,0xfdfd3a92cd80
0x4268f9,0xfdfd3a92dfe4
0x4268ae,0xfdfd3a927a00
0x42693e,0xfdfd3a914700
0x4268f9,0xfdfd3a92e804
0x4268ae,0xfdfd3a927c40
0x4268ae,0xfdfd3a927cc0
0x4268ce,0xfdfd3a931344
0x4268ce,0xfdfd3a9313ac
0x4268f9,0xfdfd3a930980
0x4268ce,0xfdfd3a931c40
0x4268ce,0xfdfd3a931e00
0x4268f9,0xfdfd3a930f94
0x4268ce,0xfdfd3a9331e4
0x4268ce,0xfdfd3a933540
0x4268f9,0xfdfd3a9325c0
0x4268ce,0xfdfd3a933d00
0x4268a7,0xfdfd3a935100
0x4268f9,0xfdfd3a932e9c
0x4268f9,0xfdfd3a932ec0
0x4268f9,0xfdfd3a936400
0x4268a7,0xfdfd3a935240
0x4268f9,0xfdfd3a936740
0x4268f9,0xfdfd3a936c04
0x4268ce,0xfdfd3a93912c
0x4268f9,0xfdfd3a938980
0x4268ce,0xfdfd3a939f80
0x4268f9,0xfdfd3a938fec
0x4268ae,0xfdfd3a934700
0x4268f9,0xfdfd3a93a4cc
0x4268ce,0xfdfd3a93bd9c
0x4268ce,0xfdfd3a93bf40
0x4268ce,0xfdfd3a93c500
0x4268f9,0xfdfd3a93dc5c
0x42693e,0xfdfd3a914f80
0x4268f9,0xfdfd3a93e500
0x4268f9,0xfdfd3a93ebcc
0x4268f9,0xfdfd3a93ed6c
0x4268ce,0xfdfd3a943100
0x426898,0xfdfd3a9410c0
0x4268f9,0xfdfd3a9423ec
0x4268f9,0xfdfd3a942740
0x4268ae,0xfdfd3a934f80
0x42693e,0xfdfd3a940180
0x426898,0xfdfd3a941180
0x4268ce,0xfdfd3a947204
0x4268ce,0xfdfd3a947280
0x4268f9,0xfdfd3a946380
0x4268f9,0xfdfd3a946580
0x4268a7,0xfdfd3a945100
0x4268ce,0xfdfd3a947a24
0x4268ce,0xfdfd3a947c40
0x4268ce,0xfdfd3a947cc0
0x4268a7,0xfdfd3a945300
0x4268ce,0xfdfd3a9498c4
0x4268f9,0xfdfd3a948b80
0x4268ce,0xfdfd3a94b380
0x4268ce,0xfdfd3a94b55c
0x4268ce,0xfdfd3a94bcac
0x4268a7,0xfdfd3a945700
0x4268ae,0xfdfd3a9447c0
0x4268f9,0xfdfd3a94c1c0
0x4268f9,0xfdfd3a94c640
0x4268ce,0xfdfd3a94d7a4
0x4268f9,0xfdfd3a94cd80
0x4268ce,0xfdfd3a94dfc4
0x4268a7,0xfdfd3a945a80
0x4268f9,0xfdfd3a94e804
0x4268ce,0xfdfd3a951344
0x4268ce,0xfdfd3a9513ac
0x4268f9,0xfdfd3a950980
0x42693e,0xfdfd3a9408c0
0x4268ce,0xfdfd3a951c40
0x4268ce,0xfdfd3a951e00
0x4268f9,0xfdfd3a950f94
0x4268ce,0xfdfd3a9531e4
0x42693e,0xfdfd3a940980
0x4268ce,0xfdfd3a953540
0x4268f9,0xfdfd3a9525c0
0x4268ce,0xfdfd3a953d00
0x4268a7,0xfdfd3a955100
0x4268f9,0xfdfd3a952e9c
0x4268f9,0xfdfd3a952ec0
0x4268f9,0xfdfd3a956400
0x4268a7,0xfdfd3a955240
0x4268f9,0xfdfd3a956740
0x4268f9,0xfdfd3a956c04
0x4268ce,0xfdfd3a95912c
0x426898,0xfdfd3a941c40
0x4268f9,0xfdfd3a958980
0x4268ce,0xfdfd3a959f80
0x4268f9,0xfdfd3a958fec
0x4268ae,0xfdfd3a954700
0x4268f9,0xfdfd3a95a4cc
0x42693e,0xfdfd3a940d40
0x4268ce,0xfdfd3a95bd9c
0x4268ce,0xfdfd3a95bf40
0x4268ce,0xfdfd3a95c500
0x4268f9,0xfdfd3a95dc5c
0x4268f9,0xfdfd3a95e500
0x4268f9,0xfdfd3a95ebcc
0x4268f9,0xfdfd3a95ed6c
0x4268ce,0xfdfd3a963100
0x426898,0xfdfd3a9610c0
0x4268f9,0xfdfd3a9623ec
0x4268f9,0xfdfd3a962740
0x4268ae,0xfdfd3a954f80
0x42693e,0xfdfd3a960180
0x426898,0xfdfd3a961180
0x4268ce,0xfdfd3a967204
0x4268ce,0xfdfd3a967280
0x4268f9,0xfdfd3a966380
0x4268f9,0xfdfd3a966580
0x4268a7,0xfdfd3a965100
0x4268ce,0xfdfd3a967a24
0x4268ce,0xfdfd3a967c40
0x4268ce,0xfdfd3a967cc0
0x4268a7,0xfdfd3a965300
0x4268ce,0xfdfd3a9698c4
0x4268f9,0xfdfd3a968b80
0x4268ce,0xfdfd3a96b380
0x4268ce,0xfdfd3a96b55c
0x4268ce,0xfdfd3a96bcac
0x4268a7,0xfdfd3a965700
0x4268ae,0xfdfd3a9647c0
0x4268f9,0xfdfd3a96c1c0
0x4268f9,0xfdfd3a96c640
0x4268ce,0xfdfd3a96d7a4
0x4268f9,0xfdfd3a96cd80
0x4268ce,0xfdfd3a96dfc4
0x4268a7,0xfdfd3a965a80
0x4268f9,0xfdfd3a96e804
0x4268ce,0xfdfd3a971344
0x4268ce,0xfdfd3a9713ac
0x4268f9,0xfdfd3a970980
0x42693e,0xfdfd3a9608c0
0x4268ce,0xfdfd3a971c40
0x4268ce,0xfdfd3a971e00
0x4268f9,0xfdfd3a970f94
0x4268ce,0xfdfd3a9731e4
0x42693e,0xfdfd3a960980
0x4268ce,0xfdfd3a973540
0x4268f9,0xfdfd3a9725c0
0x4268ce,0xfdfd3a973d00
0x4268a7,0xfdfd3a975100
0x4268f9,0xfdfd3a972e9c
0x4268f9,0xfdfd3a972ec0
0x4268f9,0xfdfd3a976400
0x4268a7,0xfdfd3a975240
0x4268f9,0xfdfd3a976740
0x4268f9,0xfdfd3a976c04
0x4268ce,0xfdfd3a97912c
0x426898,0xfdfd3a961c40
0x4268f9,0xfdfd3a978980
0x4268ce,0xfdfd3a979f80
0x4268f9,0xfdfd3a978fec
0x4268ae,0xfdfd3a974700
0x4268f9,0xfdfd3a97a4cc
0x42693e,0xfdfd3a960d40
0x4268ce,0xfdfd3a97bd9c
0x4268ce,0xfdfd3a97bf40
0x4268ce,0xfdfd3a97c500
0x4268f9,0xfdfd3a97dc5c
0x4268f9,0xfdfd3a97e500
0x4268f9,0xfdfd3a97ebcc
0x4268f9,0xfdfd3a97ed6c
0x4268ce,0xfdfd3a983100
0x426898,0xfdfd3a9810c0
0x4268f9,0xfdfd3a9823ec
0x4268f9,0xfdfd3a982740
0x4268ae,0xfdfd3a974f80
0x42693e,0xfdfd3a980180
0x426898,0xfdfd3a981180
0x4268ce,0xfdfd3a987204
0x4268ce,0xfdfd3a987280
0x4268f9,0xfdfd3a986380
0x4268f9,0xfdfd3a986580
0x4268a7,0xfdfd3a985100
0x4268ce,0xfdfd3a987a24
0x4268ce,0xfdfd3a987c40
0x4268ce,0xfdfd3a987cc0
