0x4037aa,0x28e837c87228
0x4037c1,0x28e837cbe520
0x4037ba,0x28e837cfe508
0x4037ba,0x28e837d21c60
0x4037c1,0x28e837d525e8
0x4037c1,0x28e837d52ed8
0x4037c1,0x28e837d62768
0x4037aa,0x28e837d96c28
0x4037ba,0x28e837db9130
0x4037ba,0x28e837dd6c10
0x4037c1,0x28e837c96c28
0x4037ba,0x28e837dec1e8
0x4037c1,0x28e837d8cdb8
0x4037aa,0x28e837e2c668
0x4037ba,0x28e837e325c8
0x4037aa,0x28e837e4c668
0x4037c1,0x28e837e6c1c8
0x4037ba,0x28e837ce11a0
0x4037aa,0xa21321ac668
0x4037aa,0xa21321c7c68
0x4037c1,0x28e837ce7208
0x4037ba,0x28e837cf1398
0x4037c1,0xa2132208bb0
0x4037c1,0x8ad3301bebe8
0x4037aa,0xea2062d1c68
0x4037c1,0xea206301c78
0x4037ba,0x28e837e50f88
0x4037aa,0x28e837cac668
0x4037aa,0x28e837cc7c68
0x4037c1,0xea206318980
0x4037aa,0x28e837d31c68
0x4037ba,0x28e837d3ed58
0x4037aa,0x28e837d6c668
0x4037c1,0xa1abd7fd5278
0x4037ba,0x28e837dc8b90
0x4037c1,0x28e837dad788
0x4037aa,0x28e837da7c68
0x4037ba,0x28e837dcc1f0
0x4037c1,0x28e837dd09b0
0x4037aa,0x28e837e072a8
0x4037ba,0xa1abd8007280
0x4037ba,0xa1abd800c668
0x4037ba,0x28e837e60d78
0x4037c1,0xa1abd801e500
0x4037aa,0x28e837e85aa8
0x4037ba,0x28e837d847d8
0x4037c1,0xa1abd8011340
0x4037ba,0xa1abd8043108
0x4037aa,0x28e837c872a8
0x4037aa,0x28e837d0bca8
0x4037aa,0x28e837d45aa8
0x4037ba,0xd79e62a6cd80
0x4037c1,0x28e837d9dc68
0x4037ba,0x28e837e0e808
0x4037ba,0x28e837cb1e10
0x4037aa,0xfdfd3a8c10e8
0x4037ba,0xd79e62a91c78
0x4037ba,0xa213219bf40
0x4037c1,0xd79e62a99f80
0x4037aa,0xa21321c10e8
0x4037aa,0xa21321c7ce8
0x4037aa,0xa21321c98e8
0x4037aa,0x28e837c898e8
0x4037aa,0x28e837ca08e8
0x4037aa,0x28e837cc7ce8
0x4037aa,0x28e837cc98e8
0x4037aa,0x28e837ce08e8
0x4037ba,0xa21321d5240
0x4037c1,0xea2062cb390
0x4037aa,0x28e837da7ce8
0x4037ba,0x28e837e601b0
0x4037c1,0xd79e62acc640
0x4037aa,0x28e837e35128
0x4037c1,0xd79e62ad6430
0x4037aa,0x28e837e75128
0x4037ba,0xa1abd8036c00
0x4037aa,0xa21321c5728
0x4037ba,0x6c6f1e4c1c58
0x4037c1,0x28e837d02768
0x4037aa,0xa21321e3128
0x4037ba,0x28e837e55258
0x4037ba,0xd79e62ae5118
0x4037c1,0xea206303110
0x4037c1,0x28e837dfebe8
0x4037ba,0x28e837e52eb8
0x4037aa,0x28e837da5728
0x4037ba,0x28e837dd3550
0x4037aa,0x28e837ddc528
0x4037ba,0xd79e62acbcb8
0x4037ba,0xd79e62a54f98
0x4037aa,0x28e837df1368
0x4037ba,0xd79e62b13d28
0x4037aa,0x28e837e76768
0x4037aa,0xfdfd3a8c2768
0x4037ba,0xea2063210c0
0x4037aa,0xa21321a0d68
0x4037aa,0xa21321b3568
0x4037ba,0xa1abd802c1c0
0x4037aa,0xea2062c0d68
0x4037ba,0xd79e62b21190
0x4037aa,0xea2062ded68
0x4037aa,0x28e837c8b568
0x4037aa,0x28e837ccb568
0x4037aa,0x28e837cded68
0x4037ba,0x28e837cd31e8
0x4037ba,0x28e837e298c0
0x4037aa,0x28e837d60d68
0x4037ba,0xd79e62b098d8
0x4037ba,0x28e837d9a4f0
0x4037c1,0xd79e62b22770
0x4037aa,0x28e837dc0d68
0x4037ba,0xa1abd7febcb8
0x403044,0xd79e62b31e38
0x40304c,0xd79e62b32eb8
0x403104,0x28e837c85104
0x403302,0x28e837c85302
0x402c20,0xd79e62a6d7a0
0x403702,0x28e837c85702
0x403702,0xd79e62b4bc98
0x403702,0xd79e62b53558
0x403702,0x28e837d96758
0x403709,0xd79e62b56c30
0x403702,0x28e837d96418
0x403702,0xd79e62b4cd98
0x4037aa,0x28e837de8ba8
0x4037aa,0x28e837df13a8
0x4037c1,0xa2132205328
0x4037aa,0x28e837e28ba8
0x4037aa,0x28e837e30fa8
0x4037ba,0xd79e62ad0f90
0x4037ba,0xa1abd804b3a0
0x4037ba,0x28e837e20d68
0x4037aa,0xfdfd3a8c11a8
0x4037ba,0xea206316418
0x4037aa,0xa21321b09a8
0x4037aa,0xa21321c11a8
0x4037aa,0xa21321f89a8
0x4037aa,0x8ad3301c01a8
0x4037aa,0xea2062d4fa8
0x4037ba,0xea2062d6778
0x4037c1,0x6c6f1e4c7280
0x4037c1,0xd79e62ace808
0x4037aa,0xea2062f4fa8
0x4037ba,0x28e837c95268
0x4037aa,0x28e837ca09a8
0x4037aa,0x28e837cb4fa8
0x4037aa,0x28e837ce09a8
0x4037ba,0xa21321e7ce8
0x4037ba,0xd79e62badfe0
0x4037aa,0x28e837d709a8
0x4037aa,0x28e837db4fa8
0x4037ba,0x28e837d90f90
0x4037aa,0x28e837e0dfe8
0x4037aa,0x28e837e125e8
0x4037ba,0xd79e62b6dfd8
0x4037ba,0x28e837e731d8
0x4037ba,0xa2132196428
0x4037aa,0xa21321a23e8
0x4037aa,0xa21321cdfe8
0x4037ba,0xd79e62bc7a00
0x4037aa,0xa21321edfe8
0x4037ba,0xa1abd8045130
0x4037ba,0xea2062c1190
0x4037aa,0xea2062cc1e8
0x4037ba,0x28e837c9c520
0x4037ba,0xd79e62bd31d8
0x4037aa,0x28e837d2c1e8
0x4037aa,0x28e837d4dfe8
0x4037aa,0x28e837d8dfe8
0x4037ba,0x28e837d85aa0
0x4037c1,0xea2062cbc80
0x4037ba,0xd79e62ac23e8
0x4037aa,0x28e837dee828
0x4037ba,0xd79e62be1c78
0x4037ba,0x28e837c931f0
0x4037c1,0xd79e62a73550
0x4037aa,0xea2062d1e28
0x4037aa,0xea2062e7228
0x4037c1,0xd79e62afa4f0
0x4037ba,0x28e837dc23e8
0x4037c1,0xea20631a4c0
0x4037aa,0x28e837d2e828
0x4037aa,0x28e837d31e28
0x4037ba,0x28e837c90998
0x4029f8,0xd79e62b16748
0x4037ba,0xd79e62a9e528
0x4037aa,0x28e837e35268
0x4037ba,0x28e837e53558
0x4037ba,0xd79e62b96c30
0x4037aa,0x28e837e75268
0x4037c1,0xea20630e828
0x4037ba,0xa21321a47c0
0x4037ba,0x28e837c95130
0x4037aa,0x28e837cbdc68
0x4037aa,0x28e837cec668
0x4037ba,0x28e837dc47d0
0x4037aa,0x28e837d51c68
0x4037ba,0x28e837d98fd0
0x4037aa,0x28e837e45aa8
0x4037ba,0xa1abd803dc40
0x4037ba,0xa1abd801c508
0x4037ba,0x28e837cd0fb0
0x4037ba,0xa1abd8015240
0x4037c1,0xa1abd8038ff0
0x4037ba,0x28e837d3e538
0x4037ba,0xd79e62a67298
0x4037aa,0xea2062e72a8
0x4037ba,0xd79e62b10988
0x4037aa,0x28e837d2bca8
0x4037ba,0x28e837d59128
0x4037ba,0x28e837d61c40
0x4037ba,0x28e837d6e820
0x4037c1,0xd79e62c47c58
0x4037c1,0xd79e62c4c1d0
0x4037ba,0x28e837d5ebd8
0x4037c1,0x28e837e65ab0
0x4037ba,0xea2063309b8
0x4037ba,0xd79e62a5bda8
0x4037aa,0xd79e62c010e8
0x4037c1,0xd79e62a872a8
0x4037ba,0xea20631dc58
0x4037ba,0x28e837cc23e0
0x4037ba,0xa213218c668
0x4037ba,0x28e837d223f8
0x4037ba,0xe8035e463118
0x4037aa,0x28e837dde528
0x4037aa,0x28e837e13d28
0x4037aa,0x28e837e1e528
0x4037aa,0xd79e62be5128
0x4037aa,0x28e837e25728
0x4037aa,0x28e837e33d28
0x4037aa,0x28e837e7c528
0x4037ba,0x28e837cfebf0
0x4037aa,0xa2132194728
0x4037c1,0xa21321a7208
0x4037aa,0xd79e62bf5128
0x4037aa,0xa21321dc528
0x4037c1,0x28e837d36740
0x4037ba,0xa1abd8046398
0x4037ba,0x28e837d39f88
0x4037aa,0xea2062e5728
0x4037aa,0xd79e62c05128
0x4037ba,0xd79e62b010e8
0x4037c1,0xa1abd7fd5278
0x4037aa,0x28e837d93d28
0x4037ba,0xd79e62addc40
0x4037ba,0xea20633dc50
0x4037ba,0x28e837e525c8
0x4037ba,0xa1abd8031c48
0x4037ba,0xa213219e508
0x4037ba,0xd79e62ae5320
0x4037aa,0xa21321c0d68
0x4037ba,0xd79e62bf9fa0
0x4037aa,0xa21321e0d68
0x4037aa,0xa21321f1368
0x4037aa,0xea2062f6768
0x4037ba,0xa1abd80331d8
0x4037ba,0x28e837ce63b8
0x4037c1,0xd79e62bc8b88
0x4037ba,0xd79e62b011b8
0x4037aa,0x28e837d33568
0x4037aa,0x28e837da2768
0x4037ba,0x28e837e51388
0x4037aa,0x28e837deb3a8
0x4037aa,0x28e837df0fa8
0x4037aa,0xd79e62be01a8
0x4037ba,0x28e837e40180
0x4037ba,0xd79e62badfe0
0x4037ba,0xa1abd8007a38
0x4037aa,0x28e837e4b3a8
0x4037ba,0xd79e62c408e8
0x4037aa,0x28e837e663a8
0x4037ba,0xa1abd8023120
0x4037aa,0x28e837e79fa8
0x4037aa,0xa21321ab3a8
0x4037ba,0x28e837e53d10
0x4037c1,0x6c537033a4c8
0x4037aa,0xa21321f13a8
0x4037aa,0xa21321f4fa8
0x4037ba,0xea206325100
0x4037ba,0x28e837e39120
0x4037aa,0xd79e62c011a8
0x4037ba,0xa1abd8007280
0x4037ba,0xea2062d6438
0x4037c1,0xa1abd8032e80
0x4037aa,0x28e837c8cda8
0x4037aa,0x28e837c94fa8
0x4037aa,0x28e837cab3a8
0x4037aa,0x28e837cccda8
0x4037aa,0x28e837d28ba8
0x4037aa,0x28e837d463a8
0x4037aa,0x28e837dbbda8
0x4037aa,0x28e837dcb3a8
0x4037aa,0xd79e62c201a8
0x4037c1,0xa21321e5118
0x4037ba,0xd79e62c3c510
0x4037aa,0x28e837e2dfe8
0x4037aa,0x28e837e4dfe8
0x4037aa,0xd79e62bec1e8
0x4037aa,0x28e837e7ebe8
0x4037aa,0xd79e62bf31e8
0x4037aa,0xa21321adfe8
0x4037c1,0x28e837e5bf50
0x4037aa,0xa21322023e8
0x4037aa,0xea2062d25e8
0x4037ba,0xea2063131c0
0x4037ba,0xa1abd802cd88
0x4037aa,0x28e837d6dfe8
0x4037c1,0xea2062cb390
0x4037aa,0x28e837df6c28
0x4037aa,0x28e837e16428
0x4037c1,0xd79e62ad6430
0x4037c1,0xa1abd801e500
0x4037aa,0x28e837e67a28
0x4037aa,0xa21321ce828
0x4037aa,0xa21321ee828
0x4037ba,0x28e837d32ea8
0x4037ba,0xa7d08ad11e08
0x4037aa,0xd79e62c07228
0x4037c1,0xa7d08ad14708
0x4037aa,0x28e837d47a28
0x4037aa,0x28e837d4e828
0x4037aa,0x28e837d51e28
0x4037c1,0x28e837d62768
0x4037aa,0x28e837d8e828
0x4037c1,0xee30bb9447e8
0x4037ba,0x28e837df31f8
0x402a79,0xa1abd80001a8
0x4037ba,0x28e837d74f80
0x4037aa,0x28e837e5dc68
0x4037c1,0xa1abd7fd2eb8
0x4037aa,0xd79e62bf5268
0x4037ba,0xa213219bda0
0x4037aa,0xa21321ddc68
0x4037ba,0xa21321e1180
0x4037ba,0x28e837d010c0
0x4037aa,0xea2062e1c68
0x4037ba,0x28e837c8dfd0
0x4037ba,0x28e837ce11a0
0x4037aa,0x28e837cfdc68
0x4037aa,0x28e837d0c668
0x4037c1,0xd79e62accd90
0x4037aa,0x28e837d3dc68
0x4037c1,0xd79e62b047f8
0x4037ba,0x28e837cd1e18
0x4037aa,0x28e837d81c68
0x4037ba,0xa1abd7fe47d8
0x4037ba,0x28e837c925f0
0x4037aa,0x28e837e72ea8
0x4037ba,0xa1abd8007c40
0x4037aa,0xa21321c5aa8
0x4037ba,0xa21321e7a10
0x4037aa,0xa21321ebca8
0x4037c1,0x28e837d58998
0x4037ba,0xa1abd8033d38
0x4037ba,0xa1abd8027210
0x4037ba,0x28e837df2ee8
0x4037aa,0xd79e62c072a8
0x4037ba,0x28e837e601b0
0x4037ba,0xd79e62a647f8
0x4037aa,0x28e837d4bca8
0x4037aa,0x28e837da5aa8
0x4037aa,0x28e837dfa4e8
0x4037ba,0xa1abd8007218
0x4037aa,0xa7d08ad010e8
0x4037aa,0x28e837e72ee8
0x4037ba,0xd79e62ada4f8
0x4037aa,0xa213219a4e8
0x4037aa,0xa21321a98e8
0x4037ba,0x28e837dcc1f0
0x4037ba,0xd79e62a91e18
0x4037c1,0xd79e62bf25d8
0x4037aa,0x28e837ca98e8
0x4037ba,0x28e837d9a4f0
0x4037ba,0xa1abd800c1f0
0x4037ba,0xa1abd8045a88
0x4037ba,0x28e837dd3550
0x4037c1,0x28e837d9dc68
0x4029e0,0x5829a6ec6390
0x4037aa,0x6c5370345128
0x4037aa,0xd79e62be5328
0x4037ba,0xd79e62c40198
0x4037ba,0x28e837e73d38
0x4037ba,0x28e837dfbf68
0x4037ba,0x28e837cd1c78
0x4037aa,0xa7d08ad03128
0x4037ba,0xd79e62c42748
0x4037ba,0x28e837e60d78
0x4037ba,0xea206328b80
0x4037aa,0xea2062d3d28
0x4037aa,0xea2062dc528
0x4037aa,0xd79e62c05328
0x4037aa,0xa7d08ad15128
0x4037ba,0xa2132207c50
0x4037aa,0xa7d08ad19128
0x4037ba,0x28e837d85aa0
0x4037aa,0xee30bb943128
0x4037aa,0xee30bb945128
0x4037aa,0x28e837dbe528
0x4037aa,0x28e837deb568
0x4037ba,0xd79e62a67cc0
0x4037aa,0x28e837e4b568
0x4037ba,0xa1abd8019110
0x4037aa,0x28e837e7ed68
0x4037aa,0xa21321a2768
0x4037aa,0xa21321ab568
0x4037c1,0x28e837e56748
0x4037aa,0x28e837ca0d68
0x4037aa,0x28e837cab568
0x4037aa,0x28e837ce0d68
0x4037ba,0xea2063047f0
0x4037aa,0xd79e62c11368
0x4037ba,0xd79e62a6cd80
0x4037aa,0x28e837dbbf68
0x4037aa,0x28e837dcb568
0x4037ba,0xd79e62c2bc80
0x4037ba,0x28e837d11e30
0x4037aa,0x28e837df89a8
0x4037aa,0x28e837df9fa8
0x4037aa,0x28e837e0cda8
0x4037aa,0xd79e62be63a8
0x4037aa,0xa7d08ad001a8
0x4037aa,0x28e837e665a8
0x4037aa,0xa7d08ad011a8
0x4037ba,0xd79e62beb570
0x4037aa,0xa2132199fa8
0x4037aa,0xa21321f0fa8
0x4037c1,0x28e837e80988
0x4037aa,0xea2062e8ba8
0x4037aa,0xd79e62c0b3a8
0x4037aa,0x28e837d189a8
0x4037aa,0xd79e62c113a8
0x4037c1,0x5829a6ed9100
0x4037aa,0x28e837d465a8
0x4037ba,0xea20633dc50
0x4037aa,0xa7d08ad201a8
0x4037c1,0xd79e62c4c648
0x4037aa,0x28e837dacda8
0x4037aa,0x28e837db89a8
0x4037ba,0x28e837dbc538
0x4037aa,0xd79e62be23e8
0x4037aa,0x6c537034c1e8
0x4037ba,0xd79e62afbf50
0x4037ba,0xd79e62ba23d0
0x4037aa,0xa7d08ad0c1e8
0x4037aa,0xea2062c47e8
0x4037aa,0xd79e62c023e8
0x4037ba,0xd79e62bbe510
0x4037aa,0xa7d08ad131e8
0x4037aa,0x28e837cedfe8
0x4037ba,0xa21321fed68
0x4037aa,0x28e837d1ebe8
0x4037ba,0xd79e62b6c1d8
0x4037ba,0xd79e62a92ef8
0x4037aa,0x28e837d7ebe8
0x4037c1,0xd79e62ae7c60
0x4037ba,0xd79e62afdc50
0x4037ba,0xd79e62ac3110
0x4037aa,0x6c5370347228
0x4037aa,0x28e837e2e828
0x4037ba,0xd79e62ab4730
0x4037ba,0xa213218e820
0x4037aa,0x28e837e76c28
0x4037aa,0xa21321ae828
0x4037aa,0xa7d08ad07228
0x4037aa,0xd79e62bf6428
0x4037ba,0x28e837c9c520
0x4037aa,0xd79e62c16428
0x4037ba,0xd79e62ae5730
0x4037aa,0xee30bb947228
0x4037aa,0x28e837dc7a28
0x4029e0,0xd79e62aa2740
0x4037ba,0xd79e62b96750
0x4037aa,0x28e837e67c68
0x4037aa,0xa213219dc68
0x4037aa,0xa21321d1c68
0x4037ba,0xa1abd8041190
0x4037ba,0xe8035e465138
0x4037aa,0xea2062cc668
0x4037aa,0xea2062ddc68
0x4037aa,0x28e837c91c68
0x4037aa,0xa7d08ad15268
0x4037aa,0x28e837cddc68
0x4037aa,0x28e837d2c668
0x4037aa,0x28e837d47c68
0x4037aa,0x28e837d5dc68
0x4037ba,0xd79e62a92e90
0x4037ba,0xd79e62ac7288
0x4037aa,0x6c53703472a8
0x4037aa,0x28e837e25aa8
0x4037ba,0xd79e62a51390
0x4037aa,0xa2132192ea8
0x4037aa,0xa7d08ad072a8
0x4037ba,0xa1abd80410c0
0x4037ba,0x28e837d847d8
0x4037aa,0xea2062e5aa8
0x4037aa,0xea2062f2ea8
0x4037aa,0x28e837cb2ea8
0x4037c1,0xd79e62accd90
0x4037ba,0x28e837d223f8
0x4037aa,0xee30bb9472a8
0x4037aa,0x5829a6ee10e8
0x4037aa,0x28e837e67ce8
0x4037aa,0x28e837e698e8
0x4037aa,0xa2132192ee8
0x4037ba,0x28e837e2b3a8
0x4037ba,0x28e837d989b8
0x4037aa,0xa21321e98e8
0x4037aa,0xd79e62bfa4e8
0x4037c1,0x5829a6ec72b0
0x4037ba,0xd79e62af9f88
0x4037aa,0xa21322098e8
0x4037ba,0xea206312e80
0x4037aa,0xea2062e08e8
0x4037aa,0xea2062f2ee8
0x4037aa,0x28e837cb2ee8
0x4037ba,0x28e837cd5268
0x4037aa,0x28e837d208e8
0x4037ba,0xa1abd8045a88
0x4037aa,0x28e837d47ce8
0x4037aa,0x28e837d498e8
0x4037aa,0x5829a6f010e8
0x4037aa,0xd79e62c1a4e8
0x4037aa,0x28e837d808e8
0x4037ba,0xa21321d5240
0x4037ba,0xd79e62a56c38
0x4037aa,0xd79e62bde528
0x4037aa,0x6c5370345328
0x4037ba,0xd79e62bfbd98
0x4037aa,0x5829a6ee3128
0x4037aa,0x5829a6ee5128
0x4037c1,0xa1abd801e500
0x4037ba,0xd79e62b011b8
0x4037ba,0x28e837e63128
0x4037aa,0xd79e62bfc528
0x4037aa,0x5829a6ef5128
0x4037c1,0xd79e62afa4f0
0x4037aa,0x5829a6ef9128
0x4037ba,0x28e837e36430
0x4037c1,0x28e837dfebe8
0x4037aa,0x28e837d54728
0x4037ba,0x28e837cad7b8
0x4037ba,0xd79e62ac23e8
0x4037aa,0x5829a6f03128
0x4037aa,0x28e837d94728
0x4037aa,0xee30bb945328
0x4037aa,0xd79e62c1e528
0x4037aa,0x5829a6f05128
0x4037c1,0x28e837cbbf78
0x4037aa,0x28e837e16768
0x4037c1,0xd79e62ad6430
0x4037ba,0xa21321f5268
0x4037aa,0xd79e62bf3568
0x4037aa,0xa2132202768
0x4037c1,0x8ad3301bebe8
0x4037aa,0xd79e62c0b568
0x4037aa,0x28e837d1ed68
0x4037ba,0xa2132195118
0x4037aa,0x28e837d7ed68
0x4037aa,0x5829a6ee01a8
0x4037aa,0x5829a6ee11a8
0x4037aa,0x28e837e2cda8
0x4037aa,0xd79e62be65a8
0x4037aa,0x28e837e48ba8
0x4037aa,0x28e837e4cda8
0x4037aa,0xa21321acda8
0x4037aa,0xa7d08ad063a8
0x4037aa,0xa21321b0fa8
0x4037aa,0xa7d08ad0b3a8
0x4037aa,0xea2062c8ba8
0x4037aa,0xea2062e09a8
0x4037aa,0xea2062f09a8
0x4037ba,0xd79e62a81c58
0x4037aa,0x28e837c989a8
0x4037aa,0x28e837cacda8
0x4037aa,0x28e837cb09a8
0x4037c1,0x28e837cbe520
0x4037aa,0x28e837ccd7a8
0x4037c1,0xd79e62ba5128
0x4037aa,0x28e837cf89a8
0x4037aa,0x28e837d209a8
0x4037aa,0x5829a6f001a8
0x4037aa,0x28e837d68ba8
0x4037aa,0x28e837d6cda8
0x4037aa,0x5829a6f011a8
0x4037aa,0x28e837d70fa8
0x4037aa,0x28e837d809a8
0x4037aa,0x28e837d99fa8
0x4037ba,0x6c6f1e4ce830
0x4037aa,0x28e837dd89a8
0x4037aa,0x28e837dd9fa8
0x4037c1,0xea2062ed7a8
0x4037ba,0x28e837decdb0
0x4037aa,0xa7d08ad023e8
0x4037aa,0x5829a6eec1e8
0x4037ba,0x28e837cb1e10
0x4037aa,0xa21321f8fe8
0x4037aa,0x5829a6ef31e8
0x4037c1,0xd79e62ace808
0x4037ba,0x28e837da8b88
0x4037aa,0x28e837d0dfe8
0x4037aa,0xd79e62c125e8
0x4037aa,0xee30bb9423e8
0x4037aa,0x28e837da47e8
0x402c20,0xd79e62b87220
0x403702,0xd79e62b4cd98
0x4037ba,0x28e837d78998
0x4037c1,0x28e837d1a4e0
0x4037aa,0x28e837e07a28
0x4037c1,0x28e837dfe500
0x4037ba,0xd79e62b8b398
0x4037ba,0x28e837dc63b8
0x4037aa,0x5829a6ee7228
0x4037aa,0xa21321d1e28
0x4037ba,0xd79e62a6cd80
0x4037aa,0xea2062f6c28
0x4037aa,0x28e837c87a28
0x4037aa,0x28e837c8e828
0x4037aa,0x28e837c91e28
0x4037aa,0x28e837cee828
0x4037c1,0xd79e62c47230
0x4037c1,0xa1abd80263a0
0x4037ba,0x28e837cc23e0
0x4037aa,0x28e837de1c68
0x4037c1,0x5829a6f410e8
0x4037ba,0xea2062d6438
0x4037ba,0xd79e62ad4720
0x4037aa,0x28e837e31c68
0x4037aa,0xd79e62bec668
0x4037aa,0x28e837e61c68
0x4037aa,0x28e837e71c68
0x4037aa,0xa21321fdc68
0x4037ba,0x28e837dd6c10
0x4037ba,0xd79e62a9c538
0x4037aa,0x5829a6ef5268
0x4037c1,0xd79e62a872a8
0x4037c1,0x28e837ca7c68
0x4037aa,0x28e837dc7c68
0x4037ba,0xd79e62ba01b8
0x4037ba,0xea206321190
0x4037ba,0x28e837c92ee0
0x4037aa,0x5829a6ee72a8
0x4037aa,0xa21321f2ea8
0x4037ba,0x28e837d86380
0x4037ba,0xd79e62bd31d8
0x4037ba,0x28e837d6e820
0x4037aa,0x28e837c8bca8
0x4037aa,0x28e837ccbca8
0x4037ba,0x28e837e52eb8
0x4037aa,0x28e837dd2ea8
0x4037c1,0x28e837e6c1c8
0x4037aa,0x5829a6f210e8
0x4037aa,0xa21321f2ee8
0x4037aa,0x8ad3301c08e8
0x4037ba,0xe8035e463118
0x4037aa,0xa7d08ad1a4e8
0x4037aa,0x28e837d098e8
0x4037ba,0xd79e62ae1c48
0x4037c1,0xea2062cbc80
0x4037aa,0x28e837dc7ce8
0x4037aa,0x28e837dd2ee8
0x4037c1,0x28e837d9dc68
0x4037aa,0x5829a6f19128
0x4037c1,0xa21321e5118
0x4037aa,0xd79e62be5728
0x4037aa,0x5829a6ee5328
0x4037aa,0x5829a6f23128
0x4037ba,0x28e837cf09b8
0x4037aa,0xd79e62bf4728
0x4037ba,0x28e837cb6770
0x4037aa,0x5829a6f25128
0x4037aa,0xa21321b3d28
0x4037ba,0xa1abd7fd6778
0x4037ba,0x28e837e20d68
0x4037aa,0xd79e62c05728
0x4037aa,0x5829a6f35128
0x4037aa,0xa7d08ad1c528
0x4037aa,0xa7d08ad1e528
0x4037aa,0x5829a6f39128
0x4037aa,0xd79e62c14728
0x4037aa,0x5829a6f05328
0x4037c1,0x28e837de5a90
0x4037aa,0xd79e62be2768
0x4037ba,0x28e837d65128
0x4037ba,0x28e837d2dfd8
0x4037aa,0xd79e62bf6768
0x4037aa,0xa7d08ad0b568
0x4037c1,0x5829a6f47208
0x4037ba,0x28e837dc47d0
0x4037aa,0xd79e62c02768
0x4037ba,0x28e837c8d7b0
0x4037aa,0xa7d08ad13568
0x4037c1,0xa2132201c40
0x4037aa,0xd79e62c16768
0x4037ba,0xd79e62a9e528
0x4037aa,0x28e837e19fa8
0x4037ba,0x28e837c90fb0
0x4037aa,0x5829a6f201a8
0x4037aa,0x5829a6ee63a8
0x4037aa,0x5829a6f211a8
0x4037aa,0xa7d08ad065a8
0x4037aa,0x5829a6eeb3a8
0x4037aa,0xa21321c8ba8
0x4037aa,0xa21321d09a8
0x4037ba,0xd79e62ac7288
0x4037ba,0xd79e62af6760
0x4037aa,0x8ad3301c09a8
0x4037c1,0x6c6f1e4c7280
0x4037aa,0xea2062f89a8
0x4037aa,0xea2062f9fa8
0x4037aa,0x28e837cc8ba8
0x4037aa,0x28e837cecda8
0x4037c1,0xea20631a4c0
0x4037aa,0xd79e62c0d7a8
0x4037aa,0x28e837d7bda8
0x4037aa,0x5829a6f063a8
0x4037aa,0x5829a6f401a8
0x4037aa,0x28e837ddebe8
0x4037aa,0x5829a6ee23e8
0x4037aa,0x28e837e1ebe8
0x4037aa,0x5829a6f2c1e8
0x4037ba,0xea20632dfe8
0x4037aa,0xd79e62c047e8
0x4037aa,0xa7d08ad125e8
0x4037aa,0x5829a6f331e8
0x4037ba,0x28e837dc8b90
0x4037aa,0x5829a6f023e8
0x4037ba,0xd79e62a51e20
0x4013a1,0xd79e62b1c520
0x4013a1,0xa1abd7ffc538
0x4013a1,0xa1abd7ffe520
0x4013a7,0xa1abd8033d38
0x401384,0xd79e62ab5248
0x4013a1,0x28e837d3ed58
0x401380,0x28e837e05708
0x40138f,0x5829a6f88b90
0x4013a1,0x28e837d27290
0x4013a1,0xea2063210c0
0x40138f,0x5829a6f96c10
0x401384,0x28e837d27a08
0x4013a1,0x28e837d27228
0x4013a7,0xea206321c50
0x401392,0xd79e62a68bb8
0x4013a1,0x6c5370338998
0x4013ab,0x5829a6fa98d0
0x4013a1,0xd79e62b1bf40
0x4013ab,0x5829a6fb1390
0x4013a1,0x98f5690d9138
0x4013a1,0x28e837e43100
0x4013ab,0x5829a6fce810
0x401380,0x28e837e27a00
0x4013ab,0x5829a6facd90
0x4013a1,0x28e837e11e38
0x4013a1,0xa1abd8005100
0x4013a1,0x6c5370330f80
0x4013a1,0xa21321b4720
0x4013ab,0x5829a7001c50
0x4013ab,0x5829a6ff5250
0x4013a7,0x6c53703331d8
0x4013a1,0xea2063325f0
0x40138f,0x5829a70208d0
0x4013a7,0xd79e62ab4f80
0x4013b5,0xa1abd8045338
0x4013ab,0x5829a6f9bf50
0x4013a1,0x28e837e82768
0x40138f,0x5829a70447d0
0x4013a7,0xea206332ea0
0x40138f,0x5829a7051c50
0x4013a1,0x28e837e823c0
0x4013a1,0x28e837e113a8
0x4013a7,0x28e837cfed58
0x4013a1,0xd79e62b75278
0x40138f,0x5829a708dfd0
0x40138f,0x5829a70925d0
0x4013a1,0xa2132207cc0
0x4013b5,0xd79e62c34738
0x4013a1,0x28e837e3ebd8
0x4013a1,0xd79e62b33d00
0x4013a1,0xd79e62b33548
0x4013a1,0x6c5370333558
0x401380,0x28e837e3e500
0x4013ab,0x71d5f3e223d0
0x401384,0xa2132190988
0x4013a1,0x28e837d27c50
0x4013a1,0xd79e62a8b388
0x4013a1,0xa2132207298
0x4013ab,0x71d5f3e07210
0x4013a1,0x28e837e52ec0
0x4013ab,0x71d5f3e55110
0x4013a1,0xa2132207c50
0x401380,0x6c5370338fc0
0x4013ab,0x71d5f3e725d0
0x4013ab,0x71d5f3e7c510
0x4013ab,0x71d5f3e898d0
0x4013a1,0xa21322047d0
0x401380,0x28e837de5700
0x4013a1,0x28e837cfe508
0x4013a7,0xa2132200998
0x4013a1,0xa21321b4fa8
0x401384,0x28e837de5100
0x4013a1,0xa21321e2740
0x401384,0xa1abd803a4c8
0x401384,0x28e837de5308
0x4013a1,0xa1abd80189a8
0x40138f,0x71d5f3e210d0
0x4013a1,0x28e837cfebf0
0x401384,0xd79e62b0e810
0x4013a7,0x5829a6edbd98
0x4013a1,0x28e837e26388
0x4013ab,0x71d5f3f07290
0x4013a1,0xd79e62a76c00
0x4013ab,0x71d5f3f0b550
0x4013a7,0xd79e62a8b550
0x4013a1,0xd79e62a9bf70
0x401384,0xd79e62ab5110
0x4013ab,0x71d5f3f22750
0x4013a7,0xd79e62bbbf48
0x4013a1,0xa1abd7ffed40
0x4013a1,0xa1abd801bdb8
0x40138f,0x71d5f3f38fd0
0x4013a7,0xd79e62bebc88
0x40138f,0x71d5f3f4dfd0
0x401380,0x28e837d27cc8
0x4013ab,0x71d5f3f00990
0x4013a1,0x28e837e525c8
0x40138f,0x71d5f3f67cd0
0x4013ab,0x71d5f3f6dfd0
0x4013a7,0xa2132200d40
0x4013ab,0x71d5f3f78990
0x401392,0xa21321e23f8
0x401384,0x28e837e05108
0x4013a7,0xa21322008c8
0x4013ab,0x71d5f3f80d50
0x4013a1,0x28e837e3dc78
0x4013ab,0x71d5f3ef5110
0x4013a1,0x6c5370333d10
0x4013a1,0xa2132207230
0x40138f,0x71d5f3f91c50
0x4013a1,0xea206332ee0
0x4013ab,0x71d5f3fb1e10
0x4013ab,0x71d5f3fb1350
0x4013ab,0x71d5f3fcc650
0x4013a1,0xa21321fbf58
0x4013a1,0xd79e62c131c8
0x4013ab,0x71d5f3fe0d50
0x40138f,0x71d5f3e2b390
0x401380,0x28e837e11c40
0x401384,0x28e837e05310
0x401380,0xea206306388
0x4013ab,0xca49da321190
0x4013ab,0xca49da31e510
0x4013a7,0xa1abd8033548
0x4013ab,0xca49da326590
0x4013a1,0x28e837e58fc0
0x4013a1,0xa1abd800dfc0
0x4013a1,0xa2132191360
0x401384,0xa2132191388
0x4013a1,0x28e837d247c0
0x401380,0xa1abd8035100
0x4013a1,0xa21321a65a0
0x4013a1,0x6c6f1e4c0998
0x4013ab,0xca49da356750
0x4013a1,0xd79e62b189a0
0x401392,0x5829a6f125f8
0x40138f,0x8ec426c71350
0x4013a7,0xe8035e467a18
0x40138f,0x8ec426c81190
0x40138f,0x8ec426c847d0
0x4013a7,0xa1abd802b550
0x401380,0x5829a7013540
0x4013a7,0xa1abd8014fa0
0x4013a1,0x5829a6edebc8
0x4013a1,0xd79e62c389a0
0x401384,0xd79e62bd5100
0x4013a7,0xd79e62a8e808
0x40138f,0x71d5f3e88b90
0x4013ab,0x8ec426cac650
0x4013a1,0xd79e62ad5118
0x4013ab,0x8ec426cd5250
0x4013a1,0xd79e62c3bf60
0x4013a7,0xd79e62be1c78
0x4013a1,0xd79e62c265b8
0x4013a7,0xd79e62bae808
0x4013a1,0xa1abd7ffa4c0
0x4013a1,0x28e837e6c648
0x4013a1,0xd79e62c21c68
0x40138f,0x8ec426d03110
0x401380,0x8ec426cebc88
0x4013a1,0xd79e62b6c1d8
0x40138f,0x71d5f3fde510
0x40138f,0x8ec426d45310
0x40138f,0x5829a6fd0f90
0x4013a1,0x28e837e32ec0
0x4013b5,0x28e837e32eb8
0x4013ab,0x8ec426d6e810
0x4013a7,0x28e837d3e500
0x4013a7,0xa1abd80098d0
0x4013a1,0xd79e62b810f8
0x4013ab,0x8ec426d92e90
0x4013a1,0xa1abd8051390
0x4013a1,0xa21321d6428
0x4013a1,0xa21321fa4d0
0x40138f,0x71d5f3fa47d0
0x40138f,0x71d5f3ee1190
0x40138f,0xca49da32cd90
0x40138f,0x8ec426de0990
0x40138f,0x71d5f3eb1c50
0x4013ab,0x8ec426df8990
0x4013a1,0xa1abd804b3a0
0x4013b5,0xa1abd800cdb8
0x4013ab,0x8ec426e16c10
0x40138f,0x5829a7096750
0x4013a1,0xa21321b2ec8
0x4013ab,0x8ec426e298d0
0x401384,0x28e837de7a00
0x4013ab,0x8ec426e33550
0x4013a1,0xd79e62ab9f80
0x4013a1,0xa1abd8019110
0x40138f,0x5829a6f925d0
0x4013a7,0x28e837e14f90
0x4013b5,0xea2063309b8
0x4013a7,0xea206330f98
0x4013ab,0x8ec426e54710
0x4013a7,0xa1abd8007a38
0x4013a1,0x28e837de7220
0x4013ab,0x8ec426e5dc50
0x40138f,0x8ec426e5e510
0x4013a1,0xd79e62b7a4c0
0x4013ab,0x8ec426e66590
0x4013ab,0x49950aa5c510
0x40138f,0x8ec426cb6750
0x4013a1,0xa2132195118
0x4013a1,0xe8035e467cc8
0x4013a1,0xd79e62a94738
0x40138f,0x255430243110
0x401384,0x98f5690dc500
0x401384,0xa1abd80447c0
0x4013ab,0x255430245310
0x401384,0xa21321b2e88
0x4013a7,0xd79e62bf1e20
0x4013a7,0xd79e62be3118
0x40138f,0x5829a7082750
0x4013a7,0xd79e62a91350
0x4013a1,0xa1abd80408f8
0x4013a1,0xd79e62af5138
0x401384,0xa21321d6c08
0x401380,0x28e837ceb548
0x40138f,0x25543029c510
0x4013a7,0xa21321e1c40
0x4013ab,0x255430275250
0x4013a1,0xa1abd8040d70
0x4013ab,0x2554302a5710
0x4013ab,0x255430280990
0x4013ab,0x255430280d50
0x40138f,0x8ec426d54710
0x4013a7,0x28e837e14708
0x40138f,0x9086531a7cd0
0x4013ab,0x9086531adfd0
0x4013a1,0xa1abd800c1f0
0x4013a1,0xd79e62ad3548
0x4013ab,0x9086531b8fd0
0x401384,0xd79e62a94f80
0x401380,0xd79e62aeb388
0x4013a1,0xd79e62b208f8
0x4013b5,0xd79e62a91c78
0x4013a1,0xd79e62bd5278
0x4013a7,0x28e837e73548
0x4013ab,0x9086531ec650
0x4013a1,0x28e837d3ebc0
0x4013ab,0x9086531f0990
0x40138f,0x51a63c4e810
0x4013a1,0xa1abd8003100
0x4013ab,0x51a63c59f90
0x4013a1,0x28e837e53d10
0x401380,0x28e837de7cc0
0x401384,0xd79e62ad31c8
0x4013a7,0x28e837e73d38
0x4013a7,0x28e837ddbf60
0x40138f,0x71d5f3f3a4d0
0x4013a7,0xd79e62a810c0
0x401384,0x5829a6f41180
0x401384,0xd79e62b80d40
0x4013a1,0xd79e62c2d780
0x4013a1,0xa7d08ad05300
0x4013a1,0xea20633bda0
0x4013a1,0x6c6f1e4c5328
0x401392,0xd79e62b7c538
0x4013ab,0x635dff9d0f90
0x4013ab,0x635dff9d6410
0x4013a7,0xea206307208
0x4013a1,0x5829a6efed60
0x4013a1,0xd79e62b7ebe8
0x40138f,0x71d5f3e85310
0x40138f,0x5829a6fb25d0
0x4013a7,0xd79e62ba08d0
0x4013ab,0x635dff9f31d0
0x4013a7,0x6c537033dc40
0x401384,0xd79e62aec650
0x4013a1,0xd79e62a53d18
0x4013a7,0x5829a6f14700
0x4013a7,0x28e837df31f8
0x4013ab,0x635dffa15110
0x40138f,0x635dffa0b550
0x401384,0xee30bb950f90
0x40138f,0x8ec426d847d0
0x0,0xd79e62b32eb8
0x4013a1,0xa1abd7ff4fa8
0x40138f,0x8ec426e047d0
0x401380,0x309dcdc5bd88
0x4013ab,0x309dcdc67290
0x4013a1,0xea206325720
0x401380,0x5829a6ec3100
0x401380,0xd79e62c36740
0x4013a7,0x28e837ca5120
0x40138f,0x309dcdc85a90
0x4013a1,0x5829a6eb9fb8
0x401380,0x5829a6f47c48
0x4013a7,0xd79e62b55118
0x40138f,0x71d5f3f46590
0x4013a1,0x5829a6ecb3b8
0x4013a1,0xd79e62c28b80
0x4013a1,0xea20630c640
0x4013ab,0x41d09e9bdc50
0x4013a7,0xd79e62acb390
0x4013a1,0xd79e62acc1d0
0x40138f,0x41d09e9ce810
0x4013b5,0x5829a6edc538
0x4013ab,0x41d09e9dbf50
0x4013a1,0xea206325310
0x4013a1,0xa1abd7ff09a0
0x4013a1,0xe8035e45c518
0x401384,0x6c5370335250
0x4013a1,0xd79e62b78fe0
0x4013a7,0xa1abd7ff3558
0x4013b5,0xa21321d25f8
0x40138f,0x635dff9e23d0
0x40138f,0x5829a7019f90
0x4013a7,0x5829a6f0c1c8
0x4013a7,0xa1abd7ff3d10
0x401380,0xd79e62b0b548
0x401384,0xd79e62be98c8
0x4013a7,0xd79e62acbcb8
0x4013a1,0xd79e62b423f0
0x4013a1,0xd79e62be8b98
0x4013ab,0x41d09ea2b550
0x40138f,0x5829a707dc50
0x401380,0x6c5370335100
0x4013a1,0xea20630c1c8
0x4013ab,0x41d09ea46390
0x4013ab,0x41d09ea531d0
0x40138f,0x5829a70408d0
0x4013a1,0xd79e62acc640
0x40138f,0x71d5f3eb9110
0x4013a1,0x309dcdc66588
0x4013a7,0x41d09ea0c650
0x40138f,0x71d5f3ed3d10
0x4013ab,0x41d09ea71e10
0x4013a1,0x28e837ca5ab8
0x40138f,0x71d5f3e56c10
0x4013a7,0x41d09ea0c1d8
0x401384,0x41d09e9c98c0
0x4013a1,0x309dcdc66380
0x40138f,0x5829a7055250
0x4013a1,0x28e837d53d10
0x4013a7,0x41d09ea21c58
0x4013a1,0xd79e62b56c30
0x4013ab,0x41d09ea91e10
0x0,0xd79e62b31e38
0x40138f,0x41d09ea98fd0
0x4013a1,0xa1abd80223f8
0x4013a7,0x5829a6f0cd90
0x4013a1,0x6c53703465a8
0x4013a1,0xd79e62ac1c58
0x40138f,0x71d5f3fa3110
0x4013ab,0xfc47cbc3ebd0
0x4013ab,0xfc47cbc31e10
0x40138f,0x255430233550
0x4013a1,0x5829a6f11e38
0x401384,0xd79e62ae98c0
0x40138f,0x79e62eca98d0
0x4013a1,0xe8035e45bda8
0x40138f,0x71d5f3f85a90
0x40138f,0x2554302a1190
0x40138f,0x71d5f3ed3550
0x4013ab,0x28d7cf410990
0x4013ab,0x28d7cf4125d0
0x40138f,0x5829a708bc90
0x4013a1,0xd79e62b56418
0x4013a1,0x28e837d91c58
0x4013a1,0xd79e62c00998
0x401380,0x28e837d91e08
0x4013ab,0x28d7cf41e510
0x40138f,0x5829a7099f90
0x4013ab,0x49950aa67cd0
0x40138f,0x49950aa67a10
0x4013a1,0xd79e62b0b398
0x40138f,0x8ec426d725d0
0x4013a1,0xea2062ed7a8
0x4013a1,0x41d09ea1c510
0x4013a1,0xd79e62b60988
0x40138f,0x635dff9cc1d0
0x4013b5,0x5829a6f0c678
0x4013ab,0x28d7cf44b550
0x4013ab,0x28d7cf44b390
0x4013a1,0xd79e62b0bc88
0x4013ab,0x41d09eaa10d0
0x4013a7,0xa1abd8022760
0x4013a1,0xee30bb9401a0
0x40138f,0x5829a7045710
0x401384,0xa1abd8050990
0x4013a1,0x5829a6f07238
0x4013a1,0xa1abd8000d50
0x4013ab,0xab8966f0c650
0x40138f,0x5829a6fa5110
0x401384,0x28e837de6380
0x4013a1,0x6c5370342768
0x4013ab,0xab8966f36750
0x4013a1,0xd79e62b21198
0x4013ab,0xab8966f40d50
0x40138f,0x5829a6fe10d0
0x4013ab,0xab8966f48b90
0x4013a1,0xd79e62c2e838
0x40138f,0xab8966f5bd90
0x4013a1,0x5829a6f47a30
0x4013a1,0xd79e62b098d8
0x40138f,0xca49da320190
0x40138f,0x51a63c525d0
0x4013ab,0xab8966f45a90
0x4013ab,0xab8966f7e510
0x4013ab,0x41d09ea9ed50
0x4013a7,0x6c537032c640
0x4013a1,0xd79e62b847d0
0x4013a7,0x28e837d531d8
0x4013ab,0xab8966f931d0
0x4013a1,0x28e837ca5300
0x40138f,0x71d5f3feb390
0x401380,0x5829a6f11c40
0x4013a1,0x5829a6ecb558
0x40138f,0x79e62ecb3550
0x4013a1,0xd79e62accd90
0x401380,0xd79e62c3ed48
0x4013a1,0x5829a6ec65a0
0x4013ab,0xab8966fc08d0
0x401384,0xd79e62b047c0
0x40138f,0x635dff9c1c50
0x4013ab,0x5829a702cd90
0x4013a1,0x41d09ea210d0
0x401384,0x28e837e7bf48
0x4013a1,0xa21321d2e88
0x40138f,0x41d09e9e7210
0x4013ab,0xab8966fec1d0
0x401380,0xea2062cb548
0x40138f,0xab8966ff25d0
0x4013a7,0xd79e62ac0198
0x4013a1,0xee30bb94e808
0x4013a1,0xd79e62ac23e8
0x4013a1,0xd79e62ad2ef8
0x4013a7,0xd79e62bd9fa0
0x40138f,0x412e73cb5110
0x4013a1,0xa21321d2ef0
0x4013b5,0xd79e62bd9138
0x401384,0xea206301c40
0x4013a1,0x41d09ea211a0
0x4013a1,0xd79e62b63110
0x4013ab,0xab896705dc50
0x40138f,0x635dffa08b90
0x40138f,0x635dff9c0d50
0x40138f,0x6c5370336410
0x40138f,0x71d5f3fa7c50
0x4013a1,0xd79e62ac6590
0x4013a1,0xa1abd7fe7290
0x4013ab,0xab8967083110
0x4013a1,0xa1abd7fed780
0x4013a1,0xd79e62b56758
0x4013ab,0xab8967087290
0x4013ab,0xab8967087210
0x4013a1,0xd79e62b5ebd8
0x4013a7,0x41d09ea0cda0
0x4013ab,0xab8967091c50
0x4013ab,0xab89670925d0
0x40138f,0xab896709c510
0x40138f,0x5829a6f8c650
0x4013a7,0xd79e62c001a0
0x4013a1,0xd79e62c3e518
0x401384,0xa1abd7fedfc8
0x4013a7,0xd79e62b55250
0x40138f,0x5829a6fb2e90
0x4013a1,0xd79e62b41c70
0x4013ab,0xab89670b1390
0x4013ab,0xab89670b2ed0
0x40138f,0x5829a7042750
0x4013a7,0xd79e62b4dfe0
0x4013a7,0xd79e62ab0990
0x40138f,0x8ec426d15250
0x4013a1,0xd79e62ac5130
0x40138f,0xab89670d1390
0x401384,0x28e837cd8fc0
0x401384,0x28e837db6740
0x4013a1,0x28e837d13558
0x4013ab,0xab89670f4710
0x4013a1,0xea20633ed58
0x4013a7,0xd79e62b8d798
0x4013a7,0xea20631bf48
0x40138f,0x8ec426cab390
0x4013a1,0xa1abd7ff1360
0x4013a7,0xa1abd7ff1388
0x4013a1,0x28e837d23138
0x4013a1,0xea206319118
0x40138f,0xc48ca901ebd0
0x40138f,0x5829a6f71350
0x4013a1,0x5829a6ec5110
0x40138f,0xc48ca902cd90
0x4013a1,0x28e837d5bf70
0x40138f,0x28d7cf463110
0x4013a1,0xd79e62b00998
0x4013a1,0xd79e62ab2ea8
0x401384,0xd79e62ab2ed0
0x4013ab,0xc48ca904b390
0x4013a7,0xa1abd7ff1e18
0x40138f,0xc48ca9051350
0x4013a1,0x28e837cc5730
0x4013a1,0x28e837cc5118
0x401384,0xa21321cbc88
0x4013a1,0xea20631bd80
0x4013b5,0x28e837cc3138
0x4013a1,0xa1abd7ff1c50
0x4013a7,0xd79e62ae63a0
0x4013a7,0x28e837d30fa0
0x4013a7,0x28e837d41180
0x4013a1,0xd79e62ae2758
0x4013ab,0x635dff9c5110
0x4013a1,0x28e837de98e8
0x40138f,0xc48ca90898d0
0x4013a1,0x5829a6ef1e20
0x4013a1,0x28e837cfbf78
0x4013a7,0xd79e62b34fa0
0x4013ab,0xc48ca908e810
0x4013b5,0xd79e62a92ef8
0x4013ab,0x5829a6f94710
0x40138f,0x5829a7062750
0x401380,0xea20633ebc8
0x4013ab,0xc48ca90a7210
0x40138f,0x309dcdc73550
0x4013ab,0xab8966f07cd0
0x4013a1,0x28e837d07200
0x40138f,0x71d5f3f85110
0x401380,0x28e837d131c0
0x4013a7,0xd79e62b71340
0x401384,0xa21321d9110
0x4013a1,0xd79e62ba23d0
0x4013a1,0xe8035e4665b0
0x4013a1,0x28e837cdbdb8
0x4013a1,0xd79e62ab3d10
0x40138f,0xc48ca90e8b90
0x401380,0xe8035e4608c0
0x401380,0x28e837db6c08
0x4013a1,0xd79e62b71380
0x4013ab,0x71d5f3f823d0
0x4013ab,0x5829a6fbbd90
0x4013a1,0xd79e62be7cc0
0x40138f,0x5829a7021c50
0x4013a1,0xd79e62ab3558
0x40138f,0x8ec426dbed50
0x4013a1,0xe8035e463118
0x4013a1,0xa21321cb578
0x40138f,0x71d5f3f423d0
0x4013a1,0x28e837cb8fc0
0x40138f,0x635dff9c5310
0x4013a1,0x28e837cd6770
0x4013ab,0xc48ca906c650
0x4013a1,0xd79e62ac08c0
0x401384,0x28e837cb5240
0x4013a1,0xea2063131c0
0x4013a1,0x28e837cc5320
0x4013a1,0x28e837cb89a8
0x4013a1,0x28e837e22750
0x401380,0xd79e62ab31c0
0x4013a1,0xa21321c6398
0x401380,0x28e837e5c508
0x4013a7,0xd79e62ba2740
0x40138f,0xab8967023110
0x40138f,0x5829a6f647d0
0x40138f,0xc48ca91298d0
0x4013a1,0xe8035e462740
0x401380,0xea206335108
0x4013a1,0xea20631c508
0x4013ab,0x71d5f3e4b550
0x4013a1,0x28e837d42748
0x40138f,0xc48ca9146590
0x4013a1,0x28e837d509a8
0x4013a1,0xea2063298f8
0x401384,0x28e837d423c8
0x40138f,0x8ec426ce7290
0x4013a7,0x28e837d19108
0x4013a1,0xd79e62c35128
0x4013ab,0xab8966f1c510
0x40138f,0x71d5f3ee1c50
0x401380,0xa1abd7fd1380
0x4013a1,0xa1abd7fd1370
0x4013a1,0xd79e62aba4f8
0x4013a7,0xea2062e2758
0x40138f,0xc48ca9080990
0x4013ab,0xc48ca9165710
0x4013a1,0x28e837d8b558
0x4013a1,0xd79e62b447e8
0x4013a1,0xd79e62af6428
0x4013a1,0xea20633e538
0x4013a7,0x28e837d30988
0x4013ab,0xc48ca9174f90
0x4013ab,0xc48ca91808d0
0x401392,0xa1abd7fe5138
0x4013b5,0x28e837dbc538
0x4013a7,0xd79e62b2b3a0
0x4013a1,0xc48ca9045308
0x4013a1,0xea2063272a0
0x40138f,0x5829a7073d10
0x4013ab,0xc48ca91925d0
0x4013ab,0xc48ca9193d10
0x4013a1,0xe8035e4663a8
0x40138f,0x8ec426c94710
0x40138f,0x8ec426e55250
0x4013ab,0xc48ca91b3d10
0x401384,0xea206336410
0x4013ab,0xc48ca91b9110
0x40138f,0x635dff9f1350
0x4013a1,0xa1abd7fe8b98
0x40138f,0xab89670c23d0
0x401384,0x28e837d5bd90
0x4013a7,0x28e837d78fe0
0x4013a1,0xa1abd7fd8fd8
0x4013a7,0xd79e62ae23d8
0x4013ab,0x71d5f3fc08d0
0x401392,0x28e837d50fb8
0x40138f,0xc48ca91d5110
0x4013a1,0x28e837e7dc48
0x4013a7,0xd79e62af6c08
0x40138f,0x9086531f1390
0x40138f,0x5829a6fec650
0x40138f,0x71d5f3fc0190
0x4013a1,0xd79e62ac3118
0x40138f,0x8ec426d86390
0x4013a1,0xa1abd8043110
0x4013ab,0x635dff9febd0
0x4013b5,0xe8035e4623f8
0x4013ab,0xd693286a5310
0x4013b5,0xa1abd7fd89b8
0x401384,0xea206311390
0x4013a1,0xea206311368
0x4013a1,0x28e837d19f80
0x4013ab,0xc48ca9031c50
0x4013a7,0xd79e62b34718
0x4013ab,0xd693286cc1d0
0x4013a1,0xd79e62b05338
0x4013a1,0xa21321e5328
0x4013a1,0xea206331350
0x40138f,0xd693286d5110
0x40138f,0x5829a6fd5110
0x4013a1,0x28e837d79fb8
0x4013ab,0xd693286eb390
0x4013a1,0xd79e62b43108
0x4013a1,0x28e837d1a4e0
0x4013ab,0xd693286f9f90
0x4013a1,0xa1abd7fe63a0
0x40138f,0xd6932870c650
0x40138f,0x71d5f3e96c10
0x401384,0xd79e62b30f80
0x4013a1,0x28e837d76c38
0x401384,0xea206331e08
0x4013a1,0xea2063313b8
0x40138f,0xd69328726390
0x4013a1,0x28e837e6d788
0x4013a1,0xea206327238
0x4013ab,0xd69328740d50
0x4013a7,0xd79e62be7a10
0x4013ab,0xd69328747c50
0x4013a1,0xd79e62b71e10
0x401380,0xea206335240
0x4013a7,0xc48ca9045a80
0x4013a1,0xa1abd7fdbf40
0x401384,0x28e837d9e508
0x4013a1,0xd79e62b8dff8
0x4013ab,0xd69328771c50
0x4013ab,0xd69328772e90
0x4013b5,0x28e837dccdb8
0x4013a7,0xd79e62bd6758
0x4013a1,0xd79e62aee820
0x4013a1,0xd79e62b663b8
0x4013a1,0xa21321e5738
0x4013a1,0xd79e62b309a8
0x40138f,0xca49da347210
0x4013a1,0xd79e62be7c58
0x4013ab,0x2149a6cb4710
0x4013a1,0x28e837ce5720
0x40138f,0x2149a6cbdc50
0x4013ab,0x2149a6cc10d0
0x4013ab,0x2149a6cc1190
0x4013ab,0x2149a6cc47d0
0x40138f,0x2149a6cd0f90
0x4013ab,0x2149a6cd1c50
0x40138f,0x71d5f3f20990
0x4013ab,0x2149a6cc23d0
0x4013a1,0x28e837dad788
0x4013a1,0xea2063098f8
0x4013a1,0x28e837dd09b8
0x4013ab,0xe2032d89dc50
0x4013a1,0x28e837cd9f98
0x4013a1,0xa1abd7fdc500
0x4013a7,0xe8035e45dc40
0x401384,0x28e837d7a4c0
0x4013a1,0x28e837d9ed68
0x4013a7,0xd79e62b2bc90
0x40138f,0xc48ca91647d0
0x4013ab,0xe2032d8cd790
0x40138f,0x8ec426c82750
0x4013ab,0xe2032d8d2ed0
0x4013a1,0xa1abd7fddc58
0x4013ab,0xe2032d8d5250
0x4013a1,0x28e837d76758
0x4013ab,0xab8967032ed0
0x4013a1,0xea206301188
0x4013a1,0x28e837d76418
0x4013ab,0xe2032d8e0d50
0x4013a7,0xd79e62b66580
0x4013ab,0xe2032d8e7cd0
0x4013ab,0x5829a6fbbf50
0x4013a1,0xa21321d9f88
0x4013ab,0xe2032d8eb390
0x40138f,0x257ba86e23d0
0x40138f,0xe2032d8f0990
0x4013a7,0x5829a6ec5a90
0x401380,0xa1abd7fe5700
0x4013ab,0xc48ca91adfd0
0x4013ab,0x71d5f3f9ed50
0x4013a1,0xd79e62ac5338
0x4013ab,0xe2032d90b550
0x4013a1,0xa1abd7fe47e0
0x40138f,0xab8966fe5310
0x4013a7,0xd79e62b45710
0x4013a1,0xe8035e4610c0
0x4013a1,0xd79e62a6d7a0
0x4013a1,0xd79e62af6760
0x4013a7,0xa21321d25f8
0x4013a1,0xa1abd7fd1e00
0x40138f,0x71d5f3f40190
0x4013ab,0xe2032d950990
0x4013a1,0xd79e62b05130
0x4013a1,0xa1abd7fecd80
0x4013ab,0xe2032d95bf50
0x4013ab,0xe2032d95c510
0x4013a1,0xea206339fa8
0x4013a1,0xe8035e461190
0x4013ab,0xe2032d967210
0x40138f,0x5829a6eba4d0
0x4013ab,0xe2032d951c50
0x4013a1,0x28e837dce838
0x4013ab,0xe2032d974f90
0x4013ab,0xe2032d976410
0x401392,0x28e837db6438
0x4013ab,0xe2032d979110
0x4013a1,0x6c537032d780
0x401380,0x28e837cd9108
0x4013a7,0x6c537032dfc8
0x4013a7,0xd79e62b45300
0x4013a1,0xea2062e3138
0x4013a1,0xa1abd8013570
0x40138f,0x5829a70247d0
0x401380,0xa21321e5a88
0x4013a1,0xa1abd7fd1c60
0x4013ab,0x66598a767cd0
0x4013a1,0xea2062e23f0
0x4013ab,0x66598a779110
0x40138f,0x66598a780d50
0x4013a1,0x28e837d07a20
0x4013ab,0x66598a782750
0x40138f,0x71d5f3e67a10
0x4013ab,0x66598a78c1d0
0x4013a1,0xa1abd8013d28
0x4013a1,0xd79e62abed68
0x4013a1,0xd79e62ac47d8
0x4013a1,0xea20630e830
0x4013a1,0xa1abd7fe5a98
0x4013a1,0xd79e62abebc8
0x4013ab,0x66598a7b3d10
0x4013a1,0xd79e62b45138
0x4013a1,0x28e837d79118
0x401380,0xea206314f80
0x4013ab,0x66598a7c7cd0
0x4013a7,0xd79e62b05708
0x40138f,0x66598a7cc650
0x4013ab,0x66598a7d1e10
0x40138f,0x66598a7d31d0
0x4013ab,0x71d5f3e3ed50
0x4013a1,0x28e837cd6430
0x4013a7,0xa1abd7fde508
0x401380,0xa21321cb380
0x40138f,0x8ec426e2e810
0x4013a1,0xd79e62a54fa0
0x4013a1,0xd79e62a698c0
0x4013a1,0xc48ca9045718
0x4013ab,0x66598a7fa4d0
0x401384,0xea206336750
0x4013a1,0xa1abd7fdbda0
0x4013ab,0x66598a80e810
0x4013a1,0x28e837d8b3b8
0x401384,0xa1abd7fe5308
0x40138f,0x66598a8210d0
0x40138f,0x71d5f3ed31d0
0x4013a1,0xea206310fa8
0x4013a1,0x28e837d9ebc8
0x40138f,0x71d5f3f20d50
0x40138f,0x66598a8423d0
0x4013a1,0xd79e62b71c70
0x4013a7,0xd79e62ac5708
0x4013a1,0xea206327c60
0x40138f,0x8ec426d50990
0x4013a1,0x28e837d023c8
0x4013a1,0x28e837ce98c8
0x40138f,0x6af9d6d27cd0
0x401384,0xe8035e460188
0x4013a1,0xea206303118
0x401384,0xd79e62a7e510
0x4013a1,0xea20632c660
0x4013a1,0xa21321a7210
0x401384,0xd79e62af25c8
0x4013a1,0xea20630b390
0x4013b5,0x28e837d989b8
0x4013a1,0x28e837db25c0
0x4013a1,0x28e837cd0fb0
0x401380,0xa1abd8016400
0x4013a1,0xa1abd8016c10
0x4013a1,0xd79e62ac0990
0x4013ab,0xab8966fc47d0
0x4013a7,0xd79e62b19108
0x40138f,0x71d5f3ee98d0
0x4013ab,0x6af9d6d898d0
0x4013a1,0xa21321c47f8
0x4013b5,0xea2063125f8
0x401384,0xea206314710
0x40138f,0x6af9d6d90990
0x40138f,0x71d5f3fe7a10
0x40138f,0x6af9d6d91350
0x4013a1,0xea2062fbf68
0x4013ab,0x6af9d6d94710
0x401380,0x28e837c9ed40
0x4013a1,0x28e837dcc670
0x40138f,0x635dff9fbf50
0x4013a1,0x28e837d07cf8
0x40138f,0x5829a6f66590
0x40138f,0x71d5f3f6c1d0
0x4013a7,0xd79e62ae5aa0
0x4013a1,0xa21321bbd90
0x4013a1,0xea206313570
0x4013a7,0x28e837d05110
0x40138f,0x6af9d6dac650
0x40138f,0xab89670210d0
0x40138f,0x6af9d6db2ed0
0x4013a1,0x28e837d05aa8
0x4013a1,0xa1abd7fded68
0x4013a7,0xd79e62a925d0
0x4013ab,0x6af9d6dd25d0
0x4013a7,0x5829a6ef1c40
0x4013ab,0x6af9d6dd3d10
0x40138f,0x5829a6fb8990
0x4013a1,0xd79e62b008c8
0x4013a1,0xd79e62ae01a8
0x401384,0x28e837cb5108
0x4013a1,0xd79e62ae6580
0x401380,0xa21321a7288
0x40138f,0x8ec426de7210
0x4013a1,0x28e837c99110
0x4013a7,0x28e837d05318
0x4013ab,0x6af9d6e05a90
0x4013a1,0xd79e62b26388
0x4013ab,0x6af9d6db6750
0x40138f,0xab8966f56410
0x4013a1,0xd79e62abbdb0
0x401384,0xea2062ec1c8
0x4013a1,0xd79e62b0d780
0x4013a1,0xa213218e828
0x40138f,0x41d09ea40190
0x4013ab,0x6af9d6e39110
0x4013a1,0xa1abd7fe98e0
0x4013a1,0xd79e62abc500
0x40138f,0x8ec426ce7210
0x4013a1,0xd79e62ac5a88
0x4013a1,0xd79e62ae5328
0x4013ab,0x6af9d6e42750
0x4013ab,0x6af9d6e45110
0x4013b5,0x28e837e7a4f8
0x401384,0x6c6f1e4c3108
0x4013ab,0x6af9d6e4b390
0x4013ab,0x6af9d6e5bf50
0x4013ab,0x6af9d6e20d50
0x4013a7,0xd79e62a9ebd8
0x40138f,0x41d09e9d31d0
0x40138f,0x6af9d6e65310
0x4013a1,0xd79e62a51e20
0x401384,0xd79e62aa98d0
0x4013a1,0xea20632cdb0
0x4013ab,0x6af9d6e88b90
0x4013ab,0x6af9d6e931d0
0x4013ab,0x6af9d6e95110
0x40138f,0x6af9d6e96410
0x4013ab,0xab8966f19110
0x4013ab,0x6af9d6e9bd90
0x4013ab,0x6af9d6e9bf50
0x4013a7,0x28e837cf0f98
0x4013b5,0x28e837e60d78
0x4013a1,0x28e837d623c8
0x4013a1,0xd79e62b27c58
0x4013ab,0x6af9d6eb8990
0x4013b5,0xd79e62c498f8
0x4013a1,0xd79e62bdbdb8
0x4013a1,0xea206311c58
0x401384,0x28e837e223d0
0x40138f,0x6af9d6ee0190
0x401384,0xa1abd7fd5240
0x4013a1,0x28e837d59130
0x4013ab,0x6af9d6ee5710
0x4013a7,0xa21321e7220
0x4013ab,0x6af9d6ee47d0
0x40138f,0x5829a70a1c50
0x40138f,0xab89670c2750
0x401384,0xa1abd8011e00
0x4013a7,0xd79e62c2b560
0x40138f,0x5829a6fc1c50
0x4013a1,0x28e837e51388
0x4013ab,0x6af9d6ee2750
0x4013a1,0xd79e62b25308
0x4013a7,0x28e837cf1c50
0x4013a7,0x28e837dd6420
0x4013a1,0xa21321f3570
0x4013a7,0xd79e62a9c500
0x40138f,0x6af9d6ea5110
0x4013a1,0xea2062d5138
0x40138f,0xc48ca90808d0
0x4013a7,0xea2062e98e0
0x4013a1,0xd79e62c0c650
0x4013a1,0x28e837d2dfd8
0x4013a1,0xea20632b380
0x4013a1,0xa1abd8025130
0x4013a1,0x28e837ca3118
0x40138f,0x8414a34f9f90
0x4013a7,0x28e837dc6380
0x4013a1,0x28e837ce10d8
0x40138f,0x5829a7014710
0x4013ab,0x8414a34ec650
0x4013ab,0x8414a34ec1d0
0x4013ab,0x8414a3500190
0x4013ab,0x8414a350bc90
0x40138f,0x8414a3513d10
0x4013ab,0x8414a3518990
0x4013a1,0x28e837d5ebe0
0x40138f,0x8414a3533550
0x4013a1,0xea2062c5310
0x4013a1,0xd79e62b13578
0x4013a1,0xd79e62ae1c48
0x4013ab,0x8414a35447d0
0x40138f,0x255430228b90
0x4013a1,0xea2062f1e10
0x4013a7,0xea2062f1340
0x4013a1,0xea2062c5108
0x40138f,0x8414a3555110
0x4013ab,0x8414a355a4d0
0x4013a7,0x28e837dc2758
0x4013a7,0xa1abd8027cd0
0x4013ab,0x7ebb3c7b31d0
0x4013b5,0xe8035e45ebf8
0x40138f,0x7ebb3c7c0990
0x401384,0xa21321bdc48
0x4013a1,0x28e837d62770
0x4013a1,0xa1abd80047f0
0x4013a7,0xea20630b558
0x4013a1,0xea2062d5270
0x4013a1,0xe8035e45e518
0x401392,0x28e837d8cdb8
0x401380,0xd79e62b247c0
0x4013ab,0xc2041aa91e10
0x401392,0x28e837e10fb8
0x4013a1,0xd79e62a79fa0
0x4013ab,0x24d6558c3110
0x401392,0xea2062ebcb8
0x40138f,0x41d09ea5bf50
0x4013a1,0xd79e62b85ab0
0x401380,0x6c6f1e4cdfc0
0x4013a1,0xd79e62b07a20
0x401392,0x28e837d3bf78
0x4013a1,0x8ad3301be508
0x4013a1,0xa1abd80465a8
0x4013a1,0x28e837d525f0
0x4013ab,0xd7cc94e54710
0x40138f,0xc2041aa80190
0x4013a1,0x28e837d25a98
0x4013ab,0x7ebb3c7a7210
0x401384,0xd79e62a74710
0x40138f,0x8ec426de7c50
0x4013ab,0xd7cc94e5ed50
0x401384,0x28e837d5c510
0x4013a1,0x28e837d86388
0x4013a1,0x28e837d65130
0x401380,0xa1abd8016740
0x4013ab,0xd7cc94e7bd90
0x4013a1,0xa21321f6c30
0x401384,0x28e837d38fd0
0x4013ab,0x9086531b6410
0x4013a1,0xd79e62aa8b90
0x4013ab,0xdd2838a32ed0
0x4013ab,0xdd2838a3e510
0x4013ab,0xdd2838a45110
0x401384,0xea2062f31c0
0x4013a1,0x28e837d71e30
0x4013a1,0xd79e62c2bc80
0x4013a1,0xd79e62af0fb8
0x4013a7,0x28e837d59f90
0x4013a7,0xa21321ec1d8
0x4013a1,0xea2062d8ff0
0x40138f,0x8ec426ca7210
0x401380,0xea2062fe500
0x4013a1,0xa1abd7fe0990
0x4013a1,0x28e837d725d0
0x401380,0x28e837d3bd88
0x4013a1,0xa1abd7feb570
0x4013a7,0xa1abd7febc80
0x4013a7,0xd79e62bd3548
0x4013a1,0x28e837d38990
0x4013a1,0x28e837d16400
0x4013ab,0xdd2838a81190
0x4013ab,0xdd2838a823d0
0x4013a1,0x28e837ca6588
0x4013a7,0x28e837ce47d8
0x401384,0x28e837d5a4d0
0x4013ab,0xdd2838aa5110
0x4013a7,0xea20632bc98
0x4013ab,0xdd2838aae810
0x4013b5,0xa1abd7fd6438
0x40138f,0x878ddf9d9110
0x4013a1,0xa1abd8048b80
0x40138f,0x878ddf9e10d0
0x40138f,0x8414a34fdc50
0x4013ab,0x878ddf9e47d0
0x40138f,0x8ec426cadfd0
0x4013a1,0xea2062f1c70
0x4013a1,0x28e837cb1388
0x4013ab,0x878ddf9f5110
0x401384,0xd79e62a5a4c0
0x401384,0xd79e62a87208
0x401380,0x28e837ca23c0
0x4013a7,0xea2062c1c50
0x40138f,0x5829a7079f90
0x4013b5,0xd79e62ae11b8
0x4013a7,0xa21321ecda0
0x4013a1,0x28e837ca2758
0x4013b5,0xa1abd7fd6778
0x4013ab,0x8876f30008d0
0x40138f,0x8414a3535110
0x4013a1,0x28e837c92e80
0x40138f,0xe2032d8b3550
0x40138f,0x71d5f3fa7a10
0x4013a1,0x8ad3301bebf0
0x4013ab,0x8876f300e810
0x4013a1,0xea2062c1198
0x40138f,0x71d5f3f67210
0x4013a1,0xd79e62bfbda0
0x40138f,0x635dff9c7a10
0x401392,0xa1abd80325f8
0x4013a1,0xd79e62c0cda0
0x4013a1,0x6c537034b548
0x4013a7,0xa1abd80208c8
0x4013a7,0xd79e62a865a0
0x4013ab,0x8876f303bf50
0x4013ab,0x8876f3035250
0x4013a1,0xa21321f6410
0x4013ab,0x8876f30447d0
0x40138f,0x71d5f3f66390
0x40138f,0x8876f304e810
0x4013a7,0xd79e62b85118
0x4013a1,0x28e837d56c20
0x4013ab,0xab8966fcd790
0x4013a1,0xa1abd803c508
0x4013a7,0x28e837d9bd80
0x401384,0x28e837cf4f90
0x4013a1,0x28e837d56400
0x40138f,0x635dff9edfd0
0x4013ab,0x8876f3071c50
0x4013ab,0x8876f307a4d0
0x40138f,0xd69328752e90
0x4013a1,0x28e837e709a0
0x401380,0xd79e62c45708
0x4013a1,0xd79e62a4e818
0x4013a7,0xa1abd7fd6c20
0x4013a7,0xd79e62a5c518
0x4013a1,0x28e837d36c28
0x4013a1,0xa2132196770
0x401384,0xd79e62a9a4d0
0x40138f,0x1db2ec6d2e90
0x4013a1,0xd79e62af4fa8
0x4013a1,0x28e837cd1e20
0x4013a1,0xa1abd7fe23f8
0x4013a7,0x28e837d210c8
0x4013ab,0xf3453b2098d0
0x40138f,0x71d5f3f91e10
0x401380,0x28e837cba4c0
0x40138f,0xf3453b210f90
0x4013a1,0x28e837c9a4c8
0x4013ab,0x1db2ec6dbd90
0x4013a7,0xd79e62b25a80
0x4013ab,0x8d9869033d10
0x4013b5,0x28e837d2d7b8
0x401384,0xd79e62a62740
0x4013a1,0xd79e62ad1358
0x401384,0xd79e62ad1380
0x40138f,0x5829a6f725d0
0x4013a1,0x28e837cbc528
0x40138f,0x635dff9bebd0
0x4013a1,0x28e837d36748
0x4013a1,0xd79e62a65118
0x40138f,0x8d9869047c50
0x4013a1,0xa21321e7a18
0x4013a7,0x28e837e1bd98
0x4013ab,0x8d986904dfd0
0x4013a1,0xd79e62a67238
0x4013a1,0x28e837dabca0
0x401384,0x28e837cbbf40
0x4013ab,0x8d9869061190
0x4013a1,0xd79e62ae47e0
0x4013a1,0xd79e62c45aa0
0x4013a7,0xea20632d790
0x40138f,0x8d9869085310
0x4013ab,0x8d986908dfd0
0x40138f,0x8d9869090f90
0x4013ab,0x8d9869096750
0x4013ab,0x4d2bb47c0d50
0x401384,0xd79e62b12e88
0x4013ab,0x8876f3078fd0
0x40138f,0xb381a40190
0x4013a1,0x28e837d11340
0x4013a1,0xd79e62a99f88
0x40138f,0x5829a6f67a10
0x40138f,0x255430233d10
0x4013ab,0x11e281dfc510
0x40138f,0x11e281e01190
0x4013a7,0xa2132196c10
0x401384,0xa21321a7cc8
0x4013a1,0x28e837e40188
0x4013ab,0x32bd14b87a10
0x4013ab,0x32bd14b8d790
0x40138f,0x5829a70623d0
0x4013a1,0xd79e62a70f98
0x4013a7,0xe8035e465718
0x4013a7,0xa1abd8036410
0x4013a1,0xa1abd7fd9118
0x4013a1,0x28e837e65300
0x4013ab,0x32bd14bb5110
0x40138f,0x635dff9c10d0
0x4013a1,0xa1abd8015110
0x4013a1,0xd79e62b25718
0x4013a1,0xa21321f9f98
0x401380,0xd79e62c47a00
0x4013a1,0x28e837e001a0
0x4013a1,0x28e837d0e808
0x4013a1,0xd79e62ab1e30
0x40138f,0xab8966ff2ed0
0x4013a7,0x28e837d4c650
0x401380,0x6c6f1e4cc1c0
0x401380,0xa21321f9108
0x401384,0xa1abd803bd90
0x401384,0xd79e62a8c1c8
0x4013a7,0xa21321ec650
0x4013ab,0x32bd14be98d0
0x4013a1,0xd79e62a7a4f0
0x4013ab,0x32bd14bf3550
0x401380,0xd79e62aa0988
0x4013ab,0x32bd14bfbf50
0x401392,0x28e837e009b8
0x4013a1,0xd79e62a87cd8
0x4013a1,0x28e837cb6438
0x4013a7,0xd79e62ab1c50
0x401384,0xd79e62aa08d0
0x4013a7,0xe8035e465308
0x4013ab,0x32bd14c30990
0x4013a7,0xa1abd804dfc0
0x4013a1,0xa1abd8036c08
0x4013a1,0x28e837d66398
0x401392,0xd79e62aa01b8
0x4013ab,0x32bd14c39110
0x40138f,0x32bd14c3a4d0
0x4013a1,0xd79e62c47c60
0x4013a1,0xd79e62a6c1c0
0x40138f,0x5829a7045a90
0x4013a1,0xa21321d4fa8
0x4013a7,0xa21321e7c48
0x4013a1,0x28e837ca8b80
0x40138f,0x32bd14c55250
0x40138f,0x32bd14c5bf50
0x4013ab,0x32bd14c5e510
0x4013a1,0xd79e62ae8ba0
0x40138f,0xe2032d8a7a10
0x4013a1,0x28e837cd1390
0x4013a1,0xd79e62c47cc8
0x4013a1,0xd79e62ae10f0
0x4013ab,0x32bd14c86590
0x401380,0xd79e62a65a80
0x4013a1,0x28e837ded798
0x40138f,0x71d5f3f647d0
0x4013a1,0xd79e62b823c0
0x401384,0xa21321a10d0
0x401392,0xa1abd8011e00
0x40138f,0x8ec426cabc90
0x4013ab,0x32bd14ca0d50
0x4013ab,0x32bd14ca0190
0x4013a7,0xd79e62a86398
0x4013a1,0xa1abd8032ef0
0x401384,0xd79e62b90980
0x40138f,0x8ec426d87cd0
0x4013a1,0x28e837da08c0
0x4013ab,0x32bd14cb0990
0x4013a1,0x6c537034bc98
0x40138f,0x32bd14cb3d10
0x401392,0x28e837d25138
0x4013ab,0x32bd14cb8fd0
0x4013a1,0x28e837e70fb8
0x4013a1,0xd79e62a51398
0x4013ab,0x8876f30847d0
0x4013a7,0xd79e62b85320
0x4013a1,0xd79e62a6bcb0
0x4013a1,0x28e837d52ee0
0x4013a1,0xa21321f3d28
0x4013ab,0x32bd14cc7a10
0x401380,0x28e837d71348
0x40138f,0x32bd14cd5110
0x4013a1,0x28e837d065a0
0x40138f,0x32bd14cec650
0x4013a1,0x28e837cb1c78
0x4013a1,0xea2062c2770
0x4013ab,0x32bd14d07290
0x4013a1,0x28e837e1c518
0x4013a7,0x28e837e247d0
0x4013ab,0x32bd14d13d10
0x4013ab,0x32bd14d05310
0x4013a1,0xea2062c23c8
0x4013a1,0xea20631a4c8
0x4013ab,0x32bd14d1bd90
0x4013a1,0xa1abd8025338
0x4013a1,0x28e837cc10f8
0x4013ab,0x32bd14d210d0
0x4013a1,0x28e837cd4728
0x4013ab,0x32bd14d325d0
0x40138f,0x5829a70731d0
0x4013a1,0x28e837d39f90
0x4013a1,0x28e837e3c510
0x401380,0xa21321d8fc8
0x4013a1,0x28e837d06398
0x4013a1,0xd79e62af1c50
0x4013a1,0x28e837d113a8
0x4013a1,0x28e837c9bf60
0x4013a1,0xd79e62c4e810
0x401380,0x28e837cbbd88
0x4013a1,0xa1abd8028b88
0x4013a1,0xd79e62a59fa0
0x4013a1,0xd79e62a70980
0x4013ab,0x32bd14d86390
0x4013a1,0x6c6f1e4cb3b8
0x401380,0xd79e62ac98c8
0x40138f,0x69dd93b81c50
0x401384,0xd79e62aab550
0x40138f,0x6af9d6d11350
0x4013a1,0x28e837e008f0
0x4013a7,0x28e837e51350
0x40138f,0x69dd93bb1c50
0x4013ab,0x69dd93bb2e90
0x4013a7,0xd79e62b98988
0x4013b5,0x28e837e51c78
0x4013a1,0x28e837c8d7b8
0x4013ab,0xe470055e7210
0x40138f,0x8ec426cd9f90
0x4013ab,0x688775bec1d0
0x40138f,0x71d5f3e9dc50
0x4013ab,0x688775bf2ed0
0x401380,0xd79e62a71c48
0x4013ab,0x688775bf25d0
0x4013a1,0xd79e62c47238
0x4013a1,0x28e837d01198
0x4013a7,0x28e837d01c50
0x4013a1,0xd79e62a713b0
0x40138f,0x5829a7071c50
0x401380,0xea2062f3d08
0x4013a1,0xd79e62a67cc8
0x4013ab,0x688775c05310
0x4013a1,0x28e837e408d8
0x401384,0xd79e62a8c640
0x4013a1,0x28e837d10f80
0x4013ab,0x688775c1a4d0
0x401380,0x6c6f1e4ccd88
0x40138f,0xab8966f1ebd0
0x4013a7,0xa21321b9108
0x4013ab,0xc5e52af65a90
0x4013ab,0x133ad1cadfd0
0x4013a1,0xa1abd8015248
0x4013ab,0x133ad1cb4710
0x4013a1,0xd79e62ad1c48
0x40138f,0x71d5f3ffbf50
0x4013a1,0xd79e62ab13a0
0x4013a7,0x28e837dfbd90
0x40138f,0xc48ca911e510
0x4013a1,0x6c6f1e4c2740
0x4013a1,0xd79e62b25100
0x4013b5,0xe8035e465138
0x4013a1,0xe8035e465a98
0x401384,0x6c6f1e4cc650
0x4013ab,0x133ad1cc5710
0x4013a1,0x28e837cbed48
0x4013ab,0x133ad1cc7c50
0x4013a1,0xd79e62c0e800
0x4013ab,0x133ad1cc8b90
0x4013a1,0x28e837e65710
0x40138f,0x71d5f3efbd90
0x4013ab,0x133ad1cd4710
0x4013a7,0xa1abd8020d40
0x4013a1,0x28e837e1bf78
0x40138f,0x5829a6f71c50
0x4013ab,0x133ad1ce1190
0x4013a1,0xd79e62af09a0
0x4013a1,0xa1abd8032e88
0x40138f,0xab8966fb0990
0x4013a1,0xa1abd8031c50
0x4013a1,0x28e837da0990
0x4013a1,0xd79e62bc1c68
0x40138f,0x133ad1ceb550
0x4013a1,0xd79e62b82768
0x4013ab,0x8414a3511390
0x40138f,0x133ad1cec650
0x4013a1,0xd79e62a5bf50
0x4013a1,0xd79e62a72e98
0x4013a7,0xd79e62a72ec0
0x4013a1,0x28e837d325c0
0x4013a1,0x6c537034b3a8
0x4013a1,0x28e837d872a0
0x4013ab,0xac6d9b8d8fd0
0x401380,0x28e837d87a00
0x4013ab,0xc48ca903c510
0x4013a7,0xa1abd7fd31d0
0x40138f,0xac6d9b8e1190
0x4013a7,0x28e837cf3550
0x4013ab,0x3a0447243110
0x40138f,0x3a0447245310
0x4013ab,0x3a04472447d0
0x4013a1,0x28e837d87238
0x4013a1,0x5829a6f10f90
0x401384,0xd79e62bc10c8
0x40138f,0x71d5f3f725d0
0x4013a7,0xd79e62a663a0
0x4013ab,0xcdaaa6e31390
0x4013ab,0xcdaaa6e34f90
0x401380,0xd79e62b90f80
0x4013ab,0x99d8269d25d0
0x40138f,0x5829a6f71e10
0x4013ab,0x3a0447241c50
0x4013a1,0xa21321fed70
0x4013a1,0x28e837e447c8
0x4013a1,0xd79e62aa5aa8
0x4013a1,0x28e837db31f0
0x4013a1,0xd79e62b12ec8
0x4013a1,0x28e837e409a8
0x4013ab,0xbf7dd5e6dfd0
0x4013a1,0xd79e62bb3570
0x401380,0x28e837dedfc8
0x4013ab,0xbf7dd5e80d50
0x401380,0x5829a6f10988
0x4013a1,0x28e837d125c8
0x4013a1,0xa21321b9f80
0x40138f,0x6c5370336750
0x40138f,0x255430298fd0
0x40138f,0x908653191350
0x4013a1,0x28e837ce8bb0
0x4013a1,0x28e837cb6778
0x401392,0x8876f3039138
0x4013a1,0x28e837cd5138
0x401384,0xa1abd80325f8
0x4013a1,0x28e837cd5270
0x401384,0x28e837cf6750
0x4013ab,0xaf4780c91e10
0x4013a1,0xd79e62c2b398
0x4013ab,0xb6605692b550
0x4013a1,0xa1abd80201b8
0x4013a7,0xa1abd80247d0
0x40138f,0x5829a7056c10
0x4013ab,0xb66056947c50
0x4013a1,0xa1abd8025a88
0x40138f,0x2149a6cb2e90
0x401384,0x28e837e009b8
0x4013ab,0xb66056958990
0x4013ab,0xbcd57edf6410
0x401384,0xea2062c5a88
0x4013a7,0xd79e62a6c660
0x4013a1,0x28e837e647f0
0x4013ab,0xbcd57ee16410
0x40138f,0xc48ca90010d0
0x4013a1,0xd79e62a50fa0
0x4013a1,0x28e837cbe528
0x40138f,0xbcd57ee26390
0x4013a1,0xa1abd80211a8
0x40138f,0x6af9d6dacd90
0x4013a1,0xd79e62a67c60
0x4013ab,0xbcd57ee58990
0x40138f,0xdd2838a41c50
0x4013a1,0xa1abd80125f8
0x40138f,0x5829a6fb8fd0
0x4013ab,0xbcd57ee45310
0x4013a1,0xd79e62a623d8
0x4013a1,0xa1abd8012e80
0x4013a1,0x6c6f1e4cb558
0x40138f,0x51a63c6dfd0
0x40138f,0xbcd57ee7dc50
0x4013a1,0xd79e62a898e8
0x401380,0xa1abd8021c48
0x40138f,0x255430230990
0x401380,0xa1abd8038988
0x4013a1,0xea2063331f0
0x401384,0x28e837cf6410
0x4013a1,0xa1abd803bf70
0x4013a1,0x28e837d12eb8
0x4013a7,0x28e837d12ee0
0x4013ab,0xbcd57eea10d0
0x401384,0xd79e62c45108
0x4013a7,0xa1abd8036750
0x401392,0xd79e62ad1380
0x401384,0xd79e62ad1e10
0x40138f,0xbcd57eeb0990
0x401384,0xd79e62c45310
0x40138f,0xdd2838a7bd90
0x4013b5,0x28e837cd1c78
0x4013a1,0x28e837d611b8
0x4013a1,0x28e837d61c48
0x4013a1,0x28e837d14728
0x4013a7,0xd79e62bd3d00
0x401384,0x28e837ce7cc8
0x4013a1,0x28e837d72ec0
0x401380,0x28e837d1bf48
0x4013b5,0x28e837d72eb8
0x40138f,0xc48ca90823d0
0x40138f,0xbcd57eed1e10
0x401384,0xd79e62a71e00
0x4013a1,0xd79e62a65730
0x401384,0xa1abd8025708
0x4013a7,0x28e837d5e520
0x4013ab,0x90739203bf50
0x4013a1,0xd79e62b13d30
0x4013a1,0xd79e62af4720
0x4013a1,0x28e837e51e20
0x4013a1,0x28e837c8dfd8
0x4013ab,0x90739204b550
0x40138f,0x907392059f90
0x4013a1,0xea206308b80
0x4013a1,0x28e837dab3b0
0x4013a1,0xea2062f1380
0x4013b5,0xea2062f1340
0x4013ab,0x907392060190
0x401384,0xd79e62aa0d48
0x401380,0xd79e62af1e00
0x4013a1,0xd79e62aab388
0x4013a7,0xd79e62b07c50
0x4013a1,0xa21321f5138
0x40138f,0x635dffa06590
0x4013ab,0x907392090990
0x4013a1,0x6c6f1e4cd790
0x4013ab,0x907392098990
0x4013ab,0x90739209ebd0
0x4013a7,0x28e837d11c58
0x4013a1,0x28e837d010c8
0x4013ab,0x9073920b8990
0x4013ab,0xff3c8d5c08d0
0x40138f,0x71d5f3f4cd90
0x4013ab,0xff3c8d5cb550
0x40138f,0x71d5f3ee10d0
0x401384,0x28e837d25308
0x4013a7,0x28e837d39118
0x40138f,0xff3c8d5ed790
0x4013a1,0x28e837ca6380
0x4013ab,0xff3c8d5f5110
0x40138f,0xff3c8d5f8990
0x4013a1,0xd79e62b125d8
0x40138f,0x90865317dc50
0x4013a1,0xd79e62a672a0
0x4013a7,0xd79e62ab1360
0x4013ab,0xff3c8d611390
0x4013a1,0x28e837decdb8
0x40138f,0xab8967032e90
0x4013a1,0xa1abd8038ff8
0x4013ab,0xff3c8d62e810
0x4013a1,0xd79e62a87c70
0x4013a1,0x98f5690dbda0
0x4013a7,0x28e837d4c1d8
0x4013a7,0x28e837d4cda0
0x4013ab,0xd6fa9536dfd0
0x4013a7,0xea206333558
0x4013a1,0x28e837e65ab8
0x40138f,0x8ec426cd31d0
0x4013a1,0xd79e62a71348
0x4013a7,0xea20632b548
0x4013a7,0x28e837cd1350
0x4013a1,0x98f5690dbf40
0x4013ab,0xd6fa953823d0
0x40138f,0x71d5f3f59f90
0x4013a1,0x28e837d87cc8
0x4013a1,0xa1abd80210d8
0x4013ab,0xff3c8d5e08d0
0x401384,0xd79e62a99110
0x40138f,0xd6fa9539dc50
0x40138f,0x8ec426c925d0
0x401392,0x6c6f1e4c23f8
0x401380,0x28e837db3540
0x4013b5,0x6c6f1e4c10f8
0x4013a1,0xd79e62bc6398
0x4013a1,0xd79e62c472a0
0x4013a1,0x28e837dab550
0x401380,0x28e837da0180
0x4013a1,0xd79e62bb3d28
0x4013a1,0x28e837dec668
0x40138f,0x5829a6f67290
0x401384,0xd79e62c1c500
0x401392,0xd79e62b90980
0x4013a7,0x28e837db5110
0x4013a1,0xa1abd8027c40
0x401380,0x28e837da0d48
0x4013a1,0xd79e62ac7228
0x4013ab,0xd6fa953f2ed0
0x40138f,0xd6fa953f5110
0x4013a1,0xd79e62b98fe0
0x4013a1,0x28e837dfbf70
0x4013a7,0x28e837e60d78
0x401384,0xd79e62a58990
0x4013a1,0xd79e62ac7c50
0x4013ab,0xd6fa95413d10
0x401392,0xd79e62a8c640
0x40138f,0xca49da336750
0x4013a1,0xd79e62a872b0
0x4013a1,0x28e837e423e8
0x4013a7,0x28e837d10990
0x4013ab,0xd6fa954247d0
0x4013a1,0xd79e62a58fe8
0x4013a1,0xd79e62a50988
0x4013a7,0xea20633a4c8
0x4013a1,0x28e837e40d50
0x401380,0xd79e62bc1180
0x4013a1,0xea2062f3540
0x40138f,0xd6fa954447d0
0x4013ab,0xd6fa95445a90
0x4013ab,0xd6fa95446590
0x40138f,0x5829a6fa3110
0x4013a7,0xea2062d6740
0x4013a1,0xd79e62bd89b0
0x4013a7,0x28e837cd3d10
0x40138f,0x66598a7cc1d0
0x401384,0x28e837db3d10
0x40138f,0x8ec426ce6390
0x4013a1,0xa21321d4720
0x401380,0x8876f3039f88
0x4013a7,0x28e837e60998
0x40138f,0xbcd57ee1c510
0x4013a1,0xa1abd8011348
0x40138f,0xab8966fe5710
0x4013a1,0xa1abd8012ee8
0x4013a1,0xd79e62bc65a0
0x4013a1,0x28e837d65338
0x40138f,0x8d986906cd90
0x4013a7,0xd79e62c447d8
0x40138f,0x51a63c6c650
0x4013a1,0x28e837cf6c08
0x40138f,0xc48ca91d5250
0x4013a1,0xd79e62bb31c8
0x4013a7,0xa21321e7288
0x4013a7,0x28e837e608c8
0x4013a7,0xd79e62ac7a08
0x4013a1,0xa21321c65a0
0x4013a7,0xd79e62ac7ce0
0x40138f,0xc48ca9147210
0x401384,0x28e837cbebd0
0x4013a1,0x28e837d65a88
0x40138f,0x8ec426cd8990
0x4013a7,0x28e837d65708
0x401380,0x28e837e1dc40
0x40138f,0x71d5f3e67c50
0x4013ab,0xd6fa954cc1d0
0x4013a1,0x28e837c9c528
0x4013ab,0x8414a34ded50
0x4013ab,0xd6fa954dbd90
0x4013a7,0xa21321bbf58
0x4013a1,0xd79e62af3578
0x4013a7,0x28e837dccdb8
0x4013a1,0x28e837ca47d8
0x4013a1,0xd79e62badfe8
0x4013a1,0xd79e62a7dc48
0x40138f,0x8ec426d86590
0x401384,0x28e837d8cdb8
0x401384,0xea2062fbd88
0x4013a7,0xea2062fa4c8
0x4013a7,0xa1abd7fd4f90
0x40138f,0xd6fa955008d0
0x4013a7,0xd79e62a51358
0x4013ab,0xd6fa95506590
0x4013a7,0x28e837d989b8
0x4013a1,0xa21321f5270
0x4013a1,0x28e837e498e0
0x401380,0xea2062d8980
0x4013b5,0x28e837cf09b8
0x4013a1,0x28e837d9bf60
0x401380,0xd79e62afc500
0x4013a7,0xa1abd7fe0198
0x4013b5,0xd79e62a9c500
0x4013a1,0xd79e62afa4f8
0x4013a1,0xd79e62bfbf40
0x401384,0x28e837cc1188
0x40138f,0x71d5f3e73550
0x4013a1,0x28e837d665a0
0x401380,0x28e837ce7288
0x4013a1,0x28e837d75108
0x4013ab,0x32bd14d27c50
0x4013ab,0xd6fa95546590
0x4013a1,0x28e837d34f90
0x4013a1,0x28e837cc0d50
0x4013a1,0xa21321d89a0
0x4013ab,0xd6fa9555ed50
0x4013a1,0xd79e62a65320
0x40138f,0x71d5f3e4c650
0x4013ab,0xd6fa9556dfd0
0x401380,0x6c6f1e4c8b88
0x4013a7,0x28e837cb1348
0x4013a1,0x6c6f1e4cbca8
0x401384,0x28e837cf4708
0x4013ab,0xd6fa9555ebd0
0x40138f,0xab8966fdbd90
0x40138f,0x8ec426d6dfd0
0x40138f,0x90865318e810
0x40138f,0x8ec426de2750
0x4013a1,0x28e837d16740
0x40138f,0x71d5f3e8c1d0
0x4013ab,0xd9e9d65ecd90
0x40138f,0x8ec426d8c650
0x40138f,0x5829a702b550
0x4013a7,0x6c537033bd80
0x4013ab,0xe2032d9023d0
0x40138f,0x41d09ea40990
0x4013b5,0x28e837d5ed78
0x40138f,0xab8966f56c10
0x40138f,0x71d5f3f1e510
0x4013a1,0xd79e62b131d0
0x4013a7,0x28e837cb6c18
0x40138f,0xd6fa95427c50
0x401384,0xd79e62a7c508
0x4013a7,0xd79e62a67a18
0x4013ab,0x18bc3f6bebd0
0x4013a1,0x28e837e00d68
0x4013ab,0xd9e9d6602750
0x4013a1,0x28e837cc1c58
0x401380,0x28e837d25700
0x4013a1,0xd79e62a6b560
0x4013a1,0xa1abd7fe08c0
0x4013a7,0xa1abd7fe0d60
0x4013a1,0x28e837d34708
0x4013a7,0xa1abd7fe2760
0x4013ab,0xd4cb943c5710
0x4013a7,0xa1abd7feb390
0x4013ab,0xd4cb943c5310
0x4013a1,0xa21321f6750
0x40138f,0x5829a6fc7cd0
0x4013a1,0x28e837db9138
0x4013a7,0x28e837db9f98
0x4013ab,0xd4cb943dbf50
0x4013a1,0x28e837d75240
0x401384,0x28e837d15248
0x4013a1,0x28e837d87c60
0x40138f,0xd4cb943edfd0
0x4013a1,0xd79e62a85ab8
0x401380,0x28e837e65108
0x401384,0xd79e62a8cd90
0x40138f,0x91f0d2dc98d0
0x4013a1,0x28e837e601b8
0x4013a1,0x28e837d36408
0x401392,0x28e837c9bdb8
0x4013a1,0x28e837d1bd98
0x4013a1,0xd79e62c0c1d8
0x4013a1,0xd79e62a59100
0x4013ab,0x91f0d2de7210
0x4013a1,0xea20633dc58
0x4013ab,0x91f0d2df5110
0x4013a1,0x28e837d16c20
0x4013a1,0xd79e62bd31e0
0x401384,0xea2062ecd90
0x4013a1,0x28e837db0990
0x4013a1,0x28e837e298c8
0x4013a7,0x28e837d85318
0x401384,0x8ad3301bed50
0x401392,0xd79e62a6b3b8
0x4013ab,0x91f0d2dcdfd0
0x4013ab,0x998897f6bc90
0x4013ab,0x8ec426e65110
0x4013ab,0x998897f74f90
0x4013ab,0x998897f85310
0x4013a1,0x6c537033ebf0
0x4013ab,0x998897f925d0
0x401384,0x6c537033ed50
0x40138f,0x9086531b5250
0x40138f,0x635dff9ed790
0x4013ab,0x998897f99f90
0x4013a1,0xd79e62a85300
0x40138f,0x8ec426d87c50
0x4013a7,0xa1abd8020998
0x4013a1,0xa1abd7fd3d08
0x4013ab,0x998897fa5110
0x4013a1,0x6c6f1e4c1c60
0x4013a7,0x28e837d6bca0
0x4013a1,0xa1abd8027218
0x4013ab,0xd4cb943f31d0
0x40138f,0x71d5f3ec5a90
0x40138f,0x41d09ea2d790
0x4013a1,0x6af9d6ef4f90
0x4013ab,0xd4cb943f3550
0x4013a7,0x28e837dae820
0x401384,0x998897f73d00
0x401380,0xd79e62aa5300
0x4013a1,0xea2062bed40
0x4013ab,0x998897fd1c50
0x4013ab,0x998897fd3550
0x4013a1,0xd79e62a5bdb0
0x4013a1,0xd79e62a66580
0x4013ab,0x5829a6f60190
0x4013ab,0x998897fda4d0
0x40138f,0x5829a700bc90
0x40138f,0x11e281e023d0
0x40138f,0x635dffa1bf50
0x4013a1,0x998897f731e0
0x4013ab,0x99889800cd90
0x401384,0xa980922fc500
0x4013b5,0xd79e62a56c38
0x40138f,0x9086531e47d0
0x4013a1,0xa1abd8027280
0x40138f,0x998898015250
0x4013a7,0x28e837e39f88
0x40138f,0x8ec426cba4d0
0x4013b5,0xea2062d6438
0x4013a7,0x28e837cf3d08
0x4013a1,0x28e837d823e0
0x4013a1,0x5829a6f48ba8
0x4013ab,0x99889802cd90
0x4013a7,0x28e837d6b550
0x4013a7,0x6c6f1e4c1190
0x401380,0xd79e62a85108
0x4013a1,0xd79e62bab398
0x4013a1,0xd79e62babc88
0x4013a1,0x5829a6ebc510
0x4013a1,0xac6d9b8de530
0x40138f,0xc48ca90f1e10
0x4013a7,0x28e837db5248
0x401384,0xee30bb94c1d0
0x40138f,0xc48ca90f1c50
0x401380,0xee30bb94cd80
0x4013a1,0xa1abd7fd3550
0x40138f,0xab8966fe1190
0x40138f,0x5829a6f8dfd0
0x40138f,0x99889807e510
0x401380,0xd79e62bab548
0x4013a1,0x28e837e41c40
0x4013a7,0xea2062d6c20
0x4013ab,0x998898087290
0x401384,0xee30bb94c648
0x401380,0xd79e62aa47c8
0x40138f,0x9086531ae810
0x40138f,0x8ec426c96410
0x4013a1,0x28e837cf13a0
0x4013a7,0x28e837cd3558
0x4013a1,0x28e837d74f88
0x401380,0x5829a6eda4c0
0x4013a1,0x28e837d847e0
0x4013a1,0x28e837e411b0
0x4013a1,0x28e837d32eb0
0x4013a7,0x28e837d32ed8
0x4013ab,0x9988980b4f90
0x40138f,0x6af9d6ec98d0
0x4013a1,0xac6d9b8ded50
0x40138f,0x8ec426d5dc50
0x4013a7,0xa21321fe510
0x4013a1,0x28e837e38ff8
0x401380,0xa1abd8011c48
0x40138f,0x28d7cf43ed50
0x4013a7,0xa1abd8031e18
0x401384,0x28e837e42750
0x4013a1,0x28e837cb3d28
0x4013a1,0xd79e62aa5700
0x4013a7,0xd79e62a725d0
0x4013ab,0x9988980da4d0
0x4013a1,0x28e837e0e810
0x4013a1,0xea2062be520
0x401380,0xac6d9b8debc0
0x4013a1,0x28e837e410e0
0x4013ab,0x9988980e6390
0x401384,0xd79e62aa5110
0x4013a1,0x28e837dec1f0
0x4013ab,0xd4cb943debd0
0x4013a1,0xd79e62bd8fc8
0x4013a1,0xa1abd80113b0
0x4013a1,0xd79e62a85710
0x4013a7,0xd79e62b07290
0x40138f,0x71d5f3e39f90
0x4013a1,0x28e837cc08d8
0x4013a1,0xea2062c10c8
0x401392,0xea2062ec678
0x40138f,0xc48ca9047cd0
0x4013a1,0xd79e62a78fe8
0x4013a1,0x28e837cc23e8
0x4013a7,0xa1abd804d7a0
0x4013ab,0x998898125110
0x4013ab,0x998898136410
0x4013ab,0x998898138fd0
0x40138f,0xca49da347c50
0x40138f,0x908653196750
0x4013a1,0xd79e62a6cd88
0x4013a1,0x28e837c909a0
0x4013ab,0x99889813ebd0
0x40138f,0x71d5f3f91390
0x4013a1,0xa1abd804e808
0x4013a1,0xd79e62b07cf8
0x40138f,0x635dff9f9f90
0x4013a1,0xd79e62b07200
0x401392,0xd79e62a5a4c0
0x4013a7,0xea206333d10
0x40138f,0x5fdc43ecb550
0x401380,0xd79e62aabc88
0x4013a1,0x28e837cadfe0
0x401384,0x28e837d3bf40
0x4013a1,0x28e837ce7a30
0x4013a1,0xd79e62a7ebd0
0x4013a7,0x28e837ce1c60
0x4013a1,0x28e837c92ee8
0x4013ab,0x5fdc43ef4710
0x4013a1,0x28e837ce7210
0x4013a1,0x6af9d6ef4708
0x4013ab,0x5fdc43efdc50
0x4013a1,0x28e837d14fb0
0x4013ab,0x5fdc43f023d0
0x4013a1,0x28e837cd4fb0
0x401380,0x28e837cc47c8
0x40138f,0x71d5f3ec5310
0x40138f,0x635dff9c0190
0x4013a1,0xd79e62c331d8
0x4013a1,0x28e837c9e510
0x4013b5,0xd79e62c33578
0x4013a1,0x28e837ce11a8
0x4013ab,0x5fdc43f15250
0x4013ab,0x5fdc43f15110
0x4013a1,0xea20632dff0
0x4013ab,0x5fdc43f3ed50
0x4013a1,0x28e837dc23f0
0x40138f,0x5fdc43f4b550
0x4013a7,0x28e837d85110
0x4013ab,0x5fdc43f40d50
0x4013a1,0xd79e62afdc58
0x4013a1,0x28e837e109a8
0x4013ab,0x5fdc43f408d0
0x4013a1,0x28e837dd6c18
0x4013a1,0x28e837d8c670
0x401384,0x28e837d71c50
0x4013b5,0x28e837cad7b8
0x4013a1,0xea2062c5720
0x40138f,0x5fdc43f698d0
0x4013a7,0x28e837d5ed78
0x40138f,0xc48ca9080d50
0x40138f,0x5fdc43f8bc90
0x4013ab,0x5fdc43f58fd0
0x4013a1,0xa21321d5248
0x4013a1,0x28e837db2eb0
0x401380,0x28e837db2ec0
0x40138f,0x5fdc43fa0d50
0x4013ab,0x5fdc43fa2750
0x40138f,0x635dff9f8fd0
0x4013a7,0xd79e62bad788
0x4013a1,0xa21321f31c8
0x4013ab,0x5fdc43fb1e10
0x4013a1,0x28e837d21c68
0x4013a1,0xa21321e7cf0
0x4013a7,0x28e837dd6760
0x401384,0x28e837c9bdb8
0x4013a1,0x28e837cdc510
0x4013a7,0x28e837d21198
0x40138f,0x635dff9c1190
0x4013a1,0x28e837d713a0
0x4013a1,0x28e837d86590
0x4013a1,0x28e837db0fa8
0x4013a1,0xd79e62b06598
0x4013a1,0x28e837d9a4f8
0x40138f,0x28d7cf43e510
0x40138f,0x635dffa1ebd0
0x4013a1,0x6c537033bf60
0x4013a1,0xd79e62ac7290
0x4013a1,0xa1abd80298c8
0x4013a7,0xd79e62a51c48
0x4013a1,0xa21321e47c0
0x4013a7,0x28e837c93560
0x4013a1,0x28e837d410f0
0x401384,0xea2062f5250
0x40138f,0x5fdc4400b390
0x4013a1,0xd79e62addc48
0x4013ab,0x5fdc440047d0
0x4013a7,0x28e837cf9100
0x4013a1,0xea2062fc518
0x4013a7,0xe8035e45ed60
0x4013a1,0xa21321d5110
0x40138f,0x907392096750
0x4013a1,0x28e837dba4e0
0x4013ab,0x5fdc4402cd90
0x4013ab,0x5fdc44015110
0x40138f,0x71d5f3f298d0
0x4013ab,0x5fdc44042750
0x4013b5,0xc48ca9045ab8
0x40138f,0x8ec426d0c650
0x4013a1,0xd79e62a9e530
0x4013ab,0x5fdc44013550
0x40138f,0x5fdc440498d0
0x4013a1,0x28e837c96750
0x4013a7,0x28e837d83108
0x4013ab,0x5fdc44051350
0x4013a1,0xd79e62ae08f8
0x401384,0xd79e62b27a10
0x4013a7,0x28e837d447e0
0x4013a1,0x28e837c99fb0
0x4013b5,0x28e837d223f8
0x4013a1,0xd79e62b27298
0x4013a1,0xd79e62b27230
0x4013ab,0x5fdc440131d0
0x4013a1,0x5829a6eccdb8
0x4013a1,0xd79e62af2e90
0x4013a1,0x28e837d05700
0x40138f,0x71d5f3fd9110
0x40138f,0xfc47cbc31390
0x4013ab,0x5fdc440a0990
0x40138f,0x49950aa67210
0x4013ab,0x5fdc440a7a10
0x40138f,0x635dff9bed50
0x4013a1,0x28e837dddc68
0x40138f,0xca49da336410
0x4013a7,0xea2063125c0
0x4013a1,0xd79e62af31d0
0x40138f,0x1a04b576c650
0x401380,0xea206327a00
0x40138f,0x635dff9c98d0
0x4013ab,0x97192ff9ed50
0x401384,0xea2062ebcb8
0x4013a1,0xd79e62af2ef8
0x4013a7,0x28e837dc6588
0x4013a1,0x28e837cc09a8
0x40138f,0x71d5f3f02750
0x40138f,0x8ec426ca7a10
0x4013ab,0x1a64fc5c5710
0x4013ab,0x1a64fc5cb550
0x4013a1,0x28e837d85aa8
0x4013a7,0x28e837de3118
0x4013a1,0xd79e62a79100
0x401380,0xa21321a7c48
0x4013a7,0xa1abd7fd4708
0x4013a1,0xea206312e88
0x401380,0x28e837cfbd80
0x4013a7,0x28e837da6398
0x4013a1,0xea2062eb570
0x4013ab,0xa53a10474710
0x40138f,0xab8966f05110
0x4013a7,0xd79e62ac0d60
0x40138f,0xc48ca9047a10
0x4013b5,0x28e837d411b8
0x4013a1,0x28e837da8b90
0x4013a1,0xd79e62af3d30
0x40138f,0x71d5f3facd90
0x40138f,0xfc47cbc325d0
0x4013a1,0x28e837c95138
0x40138f,0x908653196c10
0x4013a1,0xd79e62b26590
0x4013a1,0xd79e62b27cc0
0x4013a1,0xea20631dc60
0x4013ab,0x71d0d5890990
0x4013ab,0x71d0d5891c50
0x4013a1,0x28e837c96c30
0x4013a1,0x6c6f1e4d0990
0x4013ab,0x71d0d58a8b90
0x4013a1,0xd79e62b00d40
0x4013a1,0x28e837c9ebf8
0x40138f,0x71d5f3e3ebd0
0x401384,0x28e837e6dfd0
0x4013a7,0xd79e62b001a0
0x4013ab,0x71d0d58b31d0
0x40138f,0x8ec426d87210
0x4013a1,0xea206305338
0x4013a1,0xd79e62a92e98
0x4013a7,0xd79e62a92ec0
0x4013a1,0xd79e62ae5738
0x4013a1,0x6c6f1e4d0fa8
0x401380,0xea2062f5100
0x4013a1,0x28e837c96410
0x4013ab,0x71d0d587bf50
0x4013a1,0xd79e62ae5120
0x4013a1,0xea2062febd8
0x4013a1,0xea20632c1e8
0x4013a1,0xea206305130
0x401384,0xd79e62ae0988
0x40138f,0xd69328711e10
0x4013a1,0x28e837d22740
0x4013a7,0x28e837da65a0
0x4013ab,0xa53a10481c50
0x4013a1,0xd79e62c33d38
0x4013ab,0x71d0d58ee810
0x4013a1,0xa21321a1c70
0x4013ab,0xa53a10480d50
0x40138f,0xe2032d9247d0
0x40138f,0x71d5f3fa7cd0
0x4013ab,0x5fdc44085310
0x40138f,0x71d5f3e87210
0x40138f,0x8ec426ca7cd0
0x4013a1,0x28e837cd09a0
0x4013a1,0xea20630bc80
0x40138f,0x8ec426d45710
0x40138f,0x2149a6cc7a10
0x4013a1,0xd79e62bb5130
0x401384,0xd79e62b0dfc8
0x40138f,0x71d0d59131d0
0x4013ab,0x71d0d590c1d0
0x4013ab,0x5fdc4407a4d0
0x401384,0xea2062eb390
0x4013a1,0x28e837c95270
0x40138f,0x8ec426d36750
0x4013a1,0x28e837d8c1f8
0x4013a1,0xd79e62a9ed50
0x4013a1,0x28e837dc8b98
0x4013a1,0x28e837d98fd8
0x4013a1,0x28e837d85700
0x401380,0xa21321a1188
0x4013a1,0xea2063047f8
0x40138f,0xff3c8d5bebd0
0x4013a1,0x28e837c931f8
0x40138f,0x71d0d5954710
0x4013ab,0x5fdc43f9dc50
0x401384,0xa1abd7fd5108
0x401392,0xea2062c3138
0x40138f,0x6af9d6efe510
0x401380,0xd79e62a74f80
0x4013a1,0x28e837d56740
0x4013ab,0xd4cb943d5110
0x4013a7,0xea206315250
0x401380,0x28e837d52e88
0x40138f,0x635dffa0bc90
0x4013ab,0x932ec403ebd0
0x401384,0x28e837e10fb8
0x40138f,0x635dff9c08d0
0x40138f,0x932ec404bc90
0x4013b5,0x6c537033bd80
0x401384,0x28e837d15110
0x4013a1,0xd79e62a87a00
0x4013a1,0xd79e62c3c518
0x401380,0xd79e62a6e808
0x4013ab,0x8ec426cf9f90
0x4013a1,0xd79e62af1360
0x401384,0xd79e62af1388
0x4013a1,0x28e837c925f8
0x4013a1,0x28e837d11e38
0x4013ab,0x932ec407bd90
0x40138f,0x5829a7018990
0x4013a7,0xd79e62a78990
0x4013ab,0xcc2ca36ee810
0x40138f,0x71d5f3febc90
0x401380,0x28e837ce7c48
0x40138f,0x71d5f3e3e510
0x40138f,0x8ec426d36410
0x4013a1,0x28e837cb1e18
0x4013ab,0x932ec40a1c50
0x40138f,0x8ec426e010d0
0x4013a1,0xa2132196430
0x4013a7,0x28e837d72eb8
0x4013a1,0x28e837d88ba0
0x401392,0x28e837cb5278
0x4013a1,0xd79e62a7ed70
0x40138f,0x71d5f3f6c650
0x4013a1,0x28e837cc0188
0x4013a7,0xa1abd7fd6740
0x4013a7,0xea206315118
0x4013a1,0xd79e62b19f80
0x40138f,0x5829a7071350
0x4013a1,0x28e837c90fb8
0x40138f,0x66598a81bd90
0x4013a7,0x28e837cc2750
0x4013ab,0xafd74f936750
0x4013a1,0xa1abd80463a0
0x4013a1,0xd79e62bdbf58
0x40138f,0x51a63c60990
0x4013ab,0xafd74f94cd90
0x4013a1,0xd79e62b06390
0x401384,0x28e837d08b88
0x40138f,0x51a63c52e90
0x4013a1,0x28e837d610e8
0x4013ab,0x5829a7023110
0x4013a7,0x28e837cc3100
0x4013b5,0xa1abd7febcb8
0x4013a1,0x28e837dc98c8
0x40138f,0x71d5f3e87c50
0x40138f,0x41d09e9e5710
0x4013ab,0xafd74f960d50
0x4013a1,0xea2062fed78
0x40138f,0xca49da330990
0x4013a1,0xea206312ef0
0x4013ab,0xafd74f966590
0x4013a7,0x28e837c93d18
0x4013ab,0xafd74f9731d0
0x401384,0xea206305708
0x4013ab,0xafd74f97ed50
0x4013a1,0xd79e62bb5268
0x4013a1,0xd79e62ae0d70
0x4013a1,0xea206305a88
0x40138f,0x5829a708b550
0x401380,0x28e837cc5a80
0x4013a1,0xe8035e460980
0x40138f,0x71d5f3e56750
0x4013a7,0x5829a6ef1350
0x4013a1,0xa1abd7fdebc8
0x4013a1,0x28e837dcc1f8
0x40138f,0x5829a6fb0990
0x401384,0x28e837cd6c10
0x4013a1,0xd79e62bd6c10
0x4013ab,0xd6fa954f6750
0x40138f,0x5829a708cd90
0x4013a1,0xd79e62c35260
0x4013a7,0xd79e62ae3108
0x4013ab,0xafd74f991c50
0x4013a1,0xd79e62b85708
0x4013a7,0x28e837cf9fa0
0x4013a1,0x5829a6ecc668
0x40138f,0x71d5f3e56410
0x40138f,0xafd74f9a23d0
0x4013ab,0xafd74f9a8b90
0x4013a1,0x28e837d41c50
0x40138f,0x71d5f3f0d790
0x4013ab,0xafd74f9b0990
0x4013ab,0xafd74f9b6c10
0x4013a1,0xa21321a7a30
0x4013a1,0x5829a6ecc1f0
0x40138f,0x71d5f3fae810
0x40138f,0x71d5f3fa7210
0x4013ab,0xafd74f9d3d10
0x4013ab,0x66598a835250
0x4013a1,0xd79e62ab0f80
0x4013ab,0xafd74f9e0d50
0x40138f,0xafd74f9e6390
0x40138f,0x635dff9c8b90
0x4013a1,0xea206336c08
0x40138f,0x71d5f3e73d10
0x4013a1,0x28e837d55108
0x4013a1,0x28e837d02770
0x4013a1,0xa21321e5120
0x40138f,0xab8966f87cd0
0x4013a7,0xd79e62bd6418
0x4013a1,0x5829a6ef1390
0x40138f,0x5829a6f95250
0x4013ab,0xafd74f9f2ed0
0x40138f,0xafd74f9f9110
0x401384,0x28e837d07c50
0x4013a1,0xea206327cc8
0x4013a1,0x28e837d55240
0x4013a1,0x28e837cdbf58
0x4013a7,0xd79e62c498f8
0x4013ab,0x66598a834f90
0x40138f,0x5fdc43f35250
0x4013b5,0xd79e62b665b8
0x4013a7,0xd79e62b2b540
0x40138f,0x8ec426e30990
0x4013ab,0xc677dabee810
0x4013a1,0xa1abd7fe3128
0x4013ab,0xc677dac05a90
0x4013a7,0xd79e62abe508
0x4013a1,0xea206331c40
0x4013a1,0x5829a6ec5318
0x40138f,0x8ec426cd8fd0
0x4013a7,0xd79e62ac2758
0x4013dc,0x5829a6ec5120
0x4013a1,0xd79e62b05a88
0x4013a1,0x28e837d898e8
0x4013a1,0xd79e62be7298
0x4013ab,0xc677dac23110
0x4013a1,0xd79e62b03100
0x4013a1,0xa1abd7fda4f8
0x4013ab,0x81c0a28a5a90
0x4013a7,0xe8035e461c48
0x4013a1,0xd79e62abdc78
0x401384,0xa1abd7fe5100
0x4013ab,0xf3bd7d70d790
0x4013ab,0xf3bd7d71a4d0
0x4013a1,0xc48ca9045100
0x4013a1,0xd79e62a6dfc0
0x4013ab,0xf3bd7d731c50
0x4013a1,0xd79e62acb570
0x401380,0xd79e62ab25c8
0x4013ab,0xf3bd7d740190
0x4013ab,0xca49da3331d0
0x401384,0xe8035e460d50
0x40138f,0x8ec426e131d0
0x4013a1,0x98f5690da4f8
0x4013a1,0xa1abd7fd9fb8
0x40138f,0xab8966fdbf50
0x4013a1,0xea206318988
0x4013b5,0x5829a6ef1c78
0x4013a1,0xd79e62abbf50
0x4013a1,0x28e837d13d10
0x4013a1,0x28e837d789a0
0x4013a1,0xd79e62be7230
0x4013ab,0xf3bd7d76c1d0
0x4013a1,0x28e837dbdc78
0x4013a1,0xd79e62bc7a08
0x4013a1,0x5829a6ece820
0x4013a1,0x309dcdc59120
0x4013ab,0x32bd14ba7a10
0x40138f,0x5829a6fa5710
0x401384,0x5829a6f47cc8
0x40138f,0x41d09e9ec1d0
0x40138f,0xd69328768b90
0x4013a1,0xd79e62a80d70
0x4013ab,0x71d5f3e131d0
0x4013a1,0x5829a6f463a0
0x4013a1,0xd79e62c36c10
0x40138f,0x71d5f3e4b390
0x4013a1,0x5829a6f465a8
0x4013a1,0x5829a6f08b80
0x40138f,0x71d5f3ed25d0
0x4013a1,0xd79e62b10fa8
0x40138f,0x71d5f3e67290
0x4013a7,0xd79e62b60d58
0x401392,0x309dcdc5bf78
0x4013ab,0xf3bd7d7dbf50
0x4013ab,0xf3bd7d7e1c50
0x4013ab,0x8ec426e1c510
0x40138f,0x5829a6fe1190
0x401384,0x28e837de6588
0x4013a1,0xd79e62bc7c78
0x401392,0x309dcdc59fb8
0x4013a7,0xea2063223d8
0x4013a1,0xd79e62a808f8
0x4013ab,0xf3bd7d818fd0
0x4013a1,0xd79e62bc7ce0
0x4013a1,0xd79e62ab6c20
0x401392,0x28e837de63b8
0x4013a1,0xea206322758
0x40138f,0xca49da3208d0
0x4013ab,0xf3bd7d83ebd0
0x40138f,0xf3bd7d84c650
0x4013a1,0xd79e62b10990
0x4013ab,0xf3bd7d851c50
0x4013ab,0x32bd14b9bd90
0x40138f,0x71d5f3e67210
0x4013ab,0xf3bd7d8647d0
0x4013a7,0x6c537032cd90
0x4013a1,0x28e837ca5710
0x4013a1,0x5829a6ec5728
0x4013a7,0xd79e62b410d0
0x401380,0xea2063010c8
0x40138f,0xab8966f25a90
0x4013a1,0xea2062cb398
0x4013a1,0xa1abd80131c8
0x4013a1,0x28e837ce5108
0x401380,0x28e837dcd780
0x401384,0x28e837dd0f90
0x4013a1,0x28e837dcdff8
0x4013a7,0xd79e62ac1188
0x4013b5,0xe8035e45dc78
