0x409300,0x28e837c85300
0x4090c3,0x98f5690d89b0
0x409270,0x98f569105a80
0x409270,0x98f569107c50
0x4090c3,0x8ad3301e08c0
0x4090c3,0x8ad3301e3110
0x4090c3,0x8ad330206590
0x4090c3,0x8ad33020dfd0
0x409270,0x8ad330227290
0x409228,0x8ad330239f80
0x4090c3,0x8ad33023e520
0x4090c3,0xea2062c7c40
0x409270,0xa1abd7fd3d10
0x4090c3,0xa1abd7fd9fa0
0x4090c3,0xa1abd7fe98c0
0x409228,0xa1abd800b3b0
0x4090c3,0xa1abd800dfd0
0x409228,0xa1abd8014f90
0x409327,0x28e837c86580
0x4090c3,0xa1abd8025710
0x4090c3,0xa1abd802dff0
0x4090c3,0xa1abd803bf40
0x409228,0xa1abd8045100
0x4090c3,0xa1abd8051c70
0x409270,0xa1abd806d780
0x409270,0xa1abd80713a0
0x409228,0xa1abd80b6420
0x409224,0xa21321925c0
0x409228,0xa1abd80d8fc0
0x4090c3,0xa1abd80f1e30
0x409265,0xa1abd80f5278
0x4090c3,0xa1abd81298d0
0x409265,0xa1abd8152ef8
0x4090c3,0xa1abd8156c10
0x4090c3,0xa1abd8167200
0x4090c3,0xa1abd817e510
0x4090c3,0xa1abd81809a0
0x40924a,0xa213218e800
0x4090c3,0xa1abd81b5250
0x409270,0xa1abd815bf40
0x409228,0x6c6f1e4ce820
0x409270,0x6c6f1e4d13b0
0x409270,0x6c6f1e511c70
0x409270,0x6c6f1e514fb0
0x409270,0x6c6f1e520d40
0x409270,0x6c6f1e522740
0x409270,0x6c6f1e525730
0x4090c3,0x6c6f1e5272a0
0x4090c3,0x6c6f1e541180
0x409270,0x98f569107200
0x409228,0x98f5691131c0
0x4090c3,0x8ad3301c65b0
0x409270,0x8ad3301f25c0
0x409270,0x6c6f1e587ce0
0x409270,0x6c6f1e58b390
0x4090c3,0x6c6f1e592ec0
0x409228,0x8ad33023bd80
0x4090c3,0xa1abd7fd5240
0x4090c3,0x6c6f1e5ac1f0
0x409270,0x6c6f1e5ae820
0x409228,0xa1abd8014700
0x4090c3,0x6c6f1e5d6770
0x409270,0xa1abd8027c40
0x4090c3,0x6c6f1e5f4f80
0x409270,0xa1abd80b3550
0x4090c3,0x6c6f1e611e20
0x4090c3,0x6c6f1e61dc50
0x409270,0xa1abd80e5120
0x409270,0x6c6f1e4d1e20
0x409270,0xa1abd81d1370
0x409270,0xa1abd81d1380
0x409270,0x6c6f1e6713b0
0x409270,0x6c6f1e671360
0x4090c3,0x6c6f1e651360
0x4090c3,0x6c6f1e676750
0x4090c3,0x6c6f1e50c670
0x409270,0x6c6f1e687ce0
0x4090c3,0x6c6f1e696c10
0x4090c3,0x6c6f1e53a4e0
0x4090c3,0x6c6f1e6b1e00
0x409270,0xe8035e4623f0
0x4090c3,0x6c5370336c30
0x409228,0x6c6f1e5808c0
0x409228,0x6c6f1e598980
0x4090c3,0x71d5f3e05120
0x4090c3,0x71d5f3e247d0
0x409228,0x6c6f1e5c7280
0x409270,0x6c6f1e5e0d40
0x409228,0x6c6f1e5f4700
0x409270,0x6c6f1e6011a0
0x409228,0xa1abd8122740
0x409270,0x6c6f1e5e7ce0
0x409270,0x49950aa672b0
0x409270,0xa1abd809e520
0x409270,0x6c6f1e6223c0
0x4090c3,0x6c6f1e62cd80
0x4090c3,0x49950aa91c50
0x409270,0x6c6f1e651380
0x409270,0x6c5370338980
0x409270,0x8ad330211370
0x409270,0x8ad330211380
0x4090c3,0x49950ab0b380
0x4090c3,0x71d5f3e0b3b0
0x4090c3,0x49950ab25710
0x4090c3,0x49950ab27cc0
0x409270,0xa1abd80023d0
0x409270,0x71d5f3e2b560
0x4090c3,0x255430228bb0
0x409270,0x255430227c40
0x409228,0x49950aa51c40
0x4090c3,0x255430247a30
0x4090c3,0x255430248ba0
0x409270,0x49950aa61180
0x4090c3,0x49950aa66390
0x409270,0xa1abd80a7a00
0x409270,0x49950aa75240
0x4090c3,0x944aa635e520
0x409228,0xa1abd81a7c40
0x409270,0xa1abd81647d0
0x409228,0x49950aaa08c0
0x409270,0x6c6f1e671e20
0x4090c3,0x257ba8701c70
0x409270,0x6c6f1e687c50
0x409270,0x49950aac5130
0x409270,0x6c6f1e53bf40
0x409270,0x257ba8727c40
0x409228,0x49950aad6740
0x4090c3,0x49950aaeb3b0
0x409270,0x257ba8748b80
0x4090c3,0x257ba8758990
0x409270,0x8ad330227a30
0x4090c3,0x26713c3c08f0
0x4090c3,0x26713c3c5aa0
0x409270,0x49950ab20d40
0x409270,0xa1abd7ff3d00
0x409270,0x71d5f3e2bc80
0x4090c3,0x26713c4008d0
0x409270,0x6c6f1e5e7a10
0x409270,0x26713c414f80
0x4090c3,0x255430236c10
0x409270,0x26713c422740
0x409228,0xa1abd8147a00
0x409270,0x6c6f1e5e7c40
0x4090c3,0x26713c43bf70
0x409270,0xa1abd81008f0
0x4090c3,0x944aa6367a20
0x4090c3,0x257ba86f6430
0x4090c3,0x257ba8707230
0x409270,0x98f5690e3100
0x409270,0x26713c4b6430
0x409228,0x49950aae0180
0x4090c3,0x26713c4bed70
0x4090c3,0x26713c4ccda0
0x4090c3,0x26713c4da4f0
0x409270,0x71d5f3e063a0
0x409270,0x6c6f1e5c0180
0x4090c3,0x26713c5011b0
0x409270,0x26713c50c1c0
0x409228,0x26713c3febc0
0x409270,0xa1abd8071350
0x409270,0xa1abd80cc640
0x409228,0x26713c415240
0x4090c3,0x26713c5325c0
0x409270,0x26713c438fc0
0x4090c3,0x26713c43dc40
0x409228,0x26713c465700
0x409270,0xa1abd80e5aa0
0x4090c3,0x26713c5a0d70
0x409228,0x257ba871c500
0x4090c3,0x26713c5b9f80
0x4090c3,0x26713c4c10e0
0x4090c3,0xaff50078cdb0
0x409228,0x257ba8747200
0x4090c3,0x71d5f3e01c60
0x4090c3,0xaff5007c63b0
0x409270,0xaff5007c8bb0
0x409270,0x26713c50c640
0x4090c3,0xaff5007fbf70
0x409270,0x26713c520190
0x409270,0x49950ab05120
0x4090c3,0x26713c548b80
0x409228,0x26713c54b540
0x409228,0x26713c5525c0
0x409270,0x6c6f1e616400
0x4090c3,0xaff500827c70
0x409270,0x6c6f1e6411b0
0x4090c3,0xaff500831e20
0x4090c3,0xaff50083dc70
0x409270,0x257ba86ebc90
0x409270,0x6c6f1e641c70
0x409270,0x49950aa909b0
0x409270,0x6c6f1e516420
0x4090c3,0xaff50085bf40
0x409270,0x26713c49bda0
0x4090c3,0xaff500866580
0x4090c3,0xaff50086d780
0x409270,0xaff50087dc50
0x409270,0x6c6f1e55bd90
0x409270,0x257ba8761c70
0x4090c3,0xaff500891c40
0x4090c3,0xaff5008a0190
0x4090c3,0xaff5008a6590
0x409270,0xaff5007a5310
0x409228,0x26713c4e2740
0x4090c3,0xaff5008b09a0
0x4090c3,0xaff5008b1370
0x4090c3,0xaff5008c2770
0x409270,0x26713c418ff0
0x409228,0x26713c53bd80
0x4090c3,0xaff5008e63a0
0x4090c3,0xa1abd80408f0
0x409270,0xa1abd80201b0
0x4090c3,0xaff500900180
0x4090c3,0xaff5009125c0
0x4090c3,0xaff500915120
0x409270,0xa1abd80ded70
0x4090c3,0xaff5009610f0
0x4090c3,0xaff50096b380
0x4090c3,0xaff500976c10
0x409270,0x257ba8743110
0x4090c3,0xaff5008913b0
0x4090c3,0x635dff9bebe0
0x409270,0xaff5008a7c40
0x409270,0xaff5008ab550
0x409228,0xaff5008b1380
0x409228,0xaff5008c7a00
0x409270,0x309dcdc65110
0x4090c3,0x309dcdc66390
0x4090c3,0xaff5008d6c00
0x4090c3,0x309dcdc789b0
0x409270,0xaff5008e47c0
0x409270,0xa1abd80409a0
0x409270,0xaff5008cc1e0
0x4090c3,0x309dcdc91c50
0x4090c3,0x309dcdc93d30
0x4090c3,0xd79e62a50990
0x4090c3,0x309dcdca8bb0
0x4090c3,0x309dcdcadfe0
0x4090c3,0x309dcdcc65b0
0x4090c3,0x41d09e9a5100
0x4090c3,0xfafbfaae0d60
0x409270,0xaff500966380
0x409270,0xaff50096c1c0
0x409228,0xaff500971340
0x409270,0xaff50097c500
0x409270,0xaff500898fe0
0x409270,0xaff5008ac640
0x409270,0x71d5f3e00180
0x409270,0x309dcdc5dc50
0x409270,0xfc47cbc8dfc0
0x4090c3,0xfc47cbc9a4e0
0x409270,0xa1abd80209b0
0x4090c3,0xfc47cbca7ce0
0x4090c3,0x309dcdc7e510
0x409270,0xa1abd80a8b80
0x409270,0x6c6f1e5f6740
0x409270,0x49950ab36c30
0x409228,0x26713c51bf40
0x4090c3,0xfc47cbcddc70
0x4090c3,0xfc47cbce0990
0x4090c3,0xfc47cbce47c0
0x409270,0xaff500912e80
0x4090c3,0xfc47cbcf5260
0x409228,0x79e62eca7cc0
0x409228,0x41d09e9a7280
0x409270,0x6c6f1e4e5aa0
0x4090c3,0xfc47cbd05710
0x409270,0xa21321b6770
0x409270,0xfc47cbd18fc0
0x409270,0x49950aac01b0
0x409270,0x6c6f1e530f90
0x4090c3,0xfc47cbd27220
0x409270,0x26713c49ed40
0x409270,0xfc47cbd2b380
0x409270,0x6c6f1e556740
0x409270,0x26713c4c23c0
0x4090c3,0xfc47cbd45a90
0x409270,0xfc47cbd48bb0
0x4090c3,0xfc47cbd51c40
0x4090c3,0xa21321fe500
0x4090c3,0x6c6f1e6b9100
0x4090c3,0xfc47cbd608f0
0x409270,0x2e06f8c3bd80
0x409270,0x6c6f1e5b4710
0x409270,0xfc47cbd71c40
0x4090c3,0xfc47cbc85120
0x409270,0xaff5008c08e0
0x409270,0xaff5007f6760
0x4090c3,0xfc47cbdab3a0
0x409270,0xa1abd808e810
0x4090c3,0xfc47cbdd6430
0x409270,0x49950aa79fa0
0x4090c3,0xfc47cbdfa4d0
0x409270,0x98f5690eb540
0x4090c3,0xfc47cbd43130
0x409228,0xfc47cbd4dfc0
0x409270,0x26713c3c65a0
0x409270,0x28d7cf405310
0x4090c3,0x28d7cf411e10
0x409228,0xfc47cbc98980
0x409270,0x8ad330214f90
0x4090c3,0xfc47cbda3100
0x409270,0x71d5f3e31c50
0x4090c3,0x28d7cf4601b0
0x409270,0xa1abd804bc80
0x409270,0x6c6f1e621c60
0x409270,0x8ad330219f80
0x4090c3,0x28d7cf46c640
0x4090c3,0xa1abd80e98d0
0x409270,0x2554302272b0
0x409270,0xfc47cbde0d50
0x409270,0x26713c573570
0x4090c3,0xab8966f11e30
0x409270,0x6c6f1e4e5730
0x4090c3,0xc48ca9008b80
0x409270,0xa1abd81bed40
0x409228,0xfc47cbe023c0
0x409270,0x6c6f1e52b570
0x409228,0x6c6f1e535240
0x409228,0x28d7cf3f5100
0x4090c3,0xfc47cbc8b560
0x4090c3,0xc48ca907bd80
0x4090c3,0xc48ca9087290
0x409270,0x28d7cf43a4d0
0x4090c3,0xc48ca9098fd0
0x4090c3,0x28d7cf4210c0
0x4090c3,0xc48ca90acd80
0x4090c3,0xc48ca90b1370
0x4090c3,0xc48ca90bc530
0x409270,0xa1abd8138fd0
0x409228,0xab8966f008c0
0x409270,0x49950aa99f90
0x4090c3,0xc48ca90e01b0
0x409270,0x6c6f1e67bd80
0x409270,0x6c6f1e534700
0x409270,0x8ad330221c60
0x4090c3,0xc48ca9118fc0
0x4090c3,0xc48ca911bf70
0x4090c3,0xc48ca91201b0
0x409270,0x6c6f1e581c60
0x4090c3,0x26713c528ba0
0x4090c3,0x49950aae2750
0x409270,0xc48ca9055130
0x4090c3,0xc48ca9147c40
0x4090c3,0xc48ca9073d20
0x409228,0xc48ca9079f80
0x4090c3,0xc48ca9173d20
0x4090c3,0xc48ca9179fa0
0x409270,0xa1abd80a0d50
0x4090c3,0xc48ca9195110
0x409228,0xc48ca90b1380
0x4090c3,0xc48ca91a1c40
0x4090c3,0xc48ca91a5710
0x409270,0xa1abd8076760
0x4090c3,0xa1abd8096400
0x4090c3,0xc48ca91c47f0
0x409270,0x257ba86e8b80
0x4090c3,0xc48ca91c7cd0
0x409270,0xa1abd81a8b80
0x4090c3,0xc48ca91d3d20
0x409270,0xc48ca91e5310
0x409270,0x8ad330225a80
0x409270,0x8ad3301c98e0
0x409228,0xe8035e45a4c0
0x4090c3,0x2c2cbb432ec0
0x409270,0xc48ca904c670
0x4090c3,0x2c2cbb440990
0x4090c3,0x2c2cbb453d20
0x409270,0xc48ca9154700
0x4090c3,0x2c2cbb471e10
0x409270,0x309dcdc647c0
0x4090c3,0xaff5008c09a0
0x4090c3,0x28d7cf44dfe0
0x4090c3,0xa1abd80e7a10
0x4090c3,0x2c2cbb4c3100
0x4090c3,0x2c2cbb4e7a00
0x409228,0xc48ca90eb380
0x409270,0x6c6f1e523100
0x409270,0x6c6f1e68cd80
0x409270,0x2c2cbb515130
0x409270,0x6c6f1e587c40
0x4090c3,0x5115330c2740
0x409270,0x49950ab15260
0x4090c3,0x5115330c7c60
0x409270,0x71d5f3e125d0
0x4090c3,0x66598a753d20
0x4090c3,0x2c2cbb455250
0x4090c3,0x66598a7610f0
0x4090c3,0x66598a768b90
0x409270,0xc48ca9153540
0x409270,0xaff5007f6c10
0x4090c3,0x309dcdc61c40
0x409270,0xc48ca9093560
0x4090c3,0x66598a794710
0x4090c3,0x66598a794fa0
0x409270,0x309dcdc623f0
0x4090c3,0xc48ca910b540
0x409270,0xaff5008c6390
0x4090c3,0x66598a7a7a30
0x409270,0x6c6f1e5f5250
0x409270,0xa1abd8071c60
0x4090c3,0x66598a7b5120
0x409270,0xa1abd80609b0
0x409270,0x71d5f3e3c500
0x4090c3,0x66598a7bdc70
0x4090c3,0x8ad330203120
0x409270,0xa1abd80fed70
0x4090c3,0x66598a7c23f0
0x409270,0x2c2cbb4cb540
0x4090c3,0x2c2cbb4cc1f0
0x4090c3,0x6af9d6d0c1f0
0x409270,0x2c2cbb4e6580
0x4090c3,0x6af9d6d12e80
0x409270,0x6c6f1e692eb0
0x409270,0x6c6f1e692ec0
0x409270,0x49950aaccda0
0x4090c3,0xa1abd7fd4f90
0x4090c3,0x2c2cbb5131d0
0x4090c3,0x6af9d6d43120
0x409270,0x6c6f1e586380
0x409270,0x2149a6cab540
0x409228,0x2c2cbb44b540
0x409270,0xa1abd7fee800
0x409228,0x66598a750f80
0x409270,0x6af9d6d6b540
0x4090c3,0x6af9d6d7ed60
0x409270,0x8ad330214700
0x4090c3,0x6af9d6d85730
0x409270,0x309dcdc67a00
0x4090c3,0x6af9d6d88b80
0x4090c3,0x6af9d6da5ab0
0x409270,0x28d7cf418980
0x409228,0x66598a7a47c0
0x4090c3,0x6af9d6dc5100
0x409270,0x71d5f3e31340
0x409270,0xa1abd8019f80
0x4090c3,0x6c6f1e5e5aa0
0x409270,0x6af9d6dd8ff0
0x409270,0xa1abd816d780
0x409228,0x6af9d6d08b80
0x4090c3,0xa1abd81c1c70
0x409270,0xa21321c7a00
0x4090c3,0x8414a34e11a0
0x4090c3,0x8414a34e5a80
0x409270,0xaff500870f80
0x4090c3,0xa1abd7fd4700
0x409228,0x6af9d6d3ed40
0x409270,0x2c2cbb435240
0x409270,0xaff5008abca0
0x409228,0x5115330c10c0
0x4090c3,0x8414a3525ab0
0x409270,0x8414a353ed40
0x409228,0x6af9d6d79100
0x4090c3,0xfc47cbd80d70
0x4090c3,0x8414a35698e0
0x409270,0x6af9d6d67a10
0x409270,0x28d7cf418fe0
0x409228,0x6af9d6dbebc0
0x4090c3,0x8414a358b560
0x409270,0x6af9d6dc1180
0x409270,0xa1abd809ebe0
0x409228,0x6af9d6dccd80
0x409270,0x2554302447c0
0x4090c3,0x6c6f1e5e5130
0x409270,0x6c6f1e5e1190
0x4090c3,0x8414a35b2ed0
0x409228,0x6af9d6df25c0
0x409228,0xc48ca90d4700
0x409270,0xa21321a8bb0
0x409270,0x8414a34dc500
0x409270,0x2c2cbb4f1e30
0x4090c3,0x7ebb3c7a3110
0x4090c3,0x7ebb3c7a7cc0
0x409270,0xfc47cbd2b550
0x409228,0x8414a3501c40
0x4090c3,0x7ebb3c7b3d00
0x4090c3,0x8414a35072b0
0x4090c3,0x7ebb3c7bbd80
0x409270,0x8ad3301f09b0
0x409228,0x8414a3510f80
0x409270,0x49950ab23110
0x4090c3,0x7ebb3c7e5700
0x409270,0xaff50089dc40
0x409270,0x6af9d6d7bf40
0x4090c3,0x7ebb3c7febd0
0x4090c3,0xfc47cbe210f0
0x409270,0x2c2cbb47dc40
0x409270,0x8414a3545100
0x409270,0x6af9d6d6b3b0
0x4090c3,0x8414a357dc70
0x4090c3,0x7ebb3c8263b0
0x4090c3,0xc48ca9156c30
0x409270,0x6c6f1e6adfc0
0x4090c3,0x7ebb3c82e800
0x409270,0x309dcdc67c70
0x409270,0x71d5f3e31380
0x409270,0x8414a3596400
0x4090c3,0x7ebb3c84dfd0
0x409270,0x26713c593550
0x409270,0xc48ca9013550
0x4090c3,0x7ebb3c871c40
0x409270,0xfc47cbc3a4c0
0x4090c3,0x7ebb3c891e20
0x409270,0x7ebb3c7bdc40
0x409270,0x6c6f1e58e820
0x409270,0x6c6f1e5bed70
0x4090c3,0x7ebb3c8c3110
0x4090c3,0x7ebb3c8c72b0
0x4090c3,0x7ebb3c8e2750
0x4090c3,0x7ebb3c8e5700
0x409270,0xc48ca91509a0
0x409228,0x7ebb3c821c40
0x409270,0x6c6f1e595270
0x409270,0x7ebb3c840180
0x4090c3,0xc48ca90cbc90
0x4090c3,0x7ebb3c9309b0
0x4090c3,0x7ebb3c93c530
0x409270,0x9086531789b0
0x409270,0xa1abd81ba4d0
0x409228,0x7ebb3c86e800
0x4090c3,0x7ebb3c8713b0
0x409270,0xaff500958980
0x4090c3,0x7ebb3c95e510
0x409270,0x6c6f1e575270
0x409270,0x2c2cbb42d780
0x409228,0x7ebb3c8a0980
0x409270,0xc48ca9127c40
0x4090c3,0x7ebb3c9847e0
0x4090c3,0x7ebb3c98bcb0
0x409270,0xc48ca90698c0
0x409270,0xfc47cbd76c10
0x409270,0x8414a3543100
0x409270,0xc48ca90725c0
0x4090c3,0x24d6558dc530
0x409270,0xc48ca9094fa0
0x4090c3,0x6af9d6d5dc40
0x4090c3,0x24d6558e47e0
0x409270,0xa1abd801dc70
0x4090c3,0x24d6558eb570
0x4090c3,0x24d6558fe520
0x4090c3,0x7ebb3c936400
0x4090c3,0x24d655907ce0
0x409228,0x7ebb3c93ed40
0x4090c3,0xc48ca903a4f0
0x409228,0x7ebb3c839100
0x4090c3,0x24d65595ed50
0x4090c3,0x24d655975120
0x409270,0x7ebb3c7c8b80
0x4090c3,0x26713c52bca0
0x409270,0xc48ca9070f80
0x4090c3,0x24d6559a0d50
0x409270,0x8ad3302131c0
0x409228,0x24d6558c5300
0x409270,0x7ebb3c8a2760
0x409228,0x24d6558ce800
0x4090c3,0x988e0f48b570
0x4090c3,0xd7cc94e15120
0x4090c3,0xd7cc94e2b380
0x4090c3,0xd7cc94e2dfc0
0x4090c3,0x6c6f1e600190
0x4090c3,0xd7cc94e331f0
0x409270,0x6c6f1e5ded60
0x4090c3,0xd7cc94e401b0
0x409270,0xa1abd80e5300
0x409270,0x944aa6360190
0x4090c3,0xd7cc94e60980
0x409270,0x6c6f1e514720
0x4090c3,0xd7cc94e6c1d0
0x4090c3,0xd7cc94e71c40
0x4090c3,0xd7cc94e87cc0
0x4090c3,0xc48ca9187220
0x409228,0x24d655947cc0
0x409228,0x24d6559498c0
0x409270,0xfc47cbd465a0
0x4090c3,0xd7cc94e99110
0x4090c3,0x6c6f1e58b560
0x409270,0x71d5f3e131d0
0x40924a,0xa2132192e80
0x409270,0x24d655978fc0
0x4090c3,0xd7cc94ebbf60
0x4090c3,0x24d6559a3130
0x4090c3,0xd7cc94ece820
0x409270,0x66598a763130
0x409228,0x24d6559a1c40
0x409270,0x24d6559b6c00
0x4090c3,0xd7cc94eeb550
0x409270,0x26713c3f4730
0x4090c3,0x8414a356c1c0
0x409270,0x8414a3545a80
0x4090c3,0xd7cc94ef25e0
0x409270,0x66598a762770
0x409270,0x66598a7647c0
0x409270,0xa1abd803c520
0x409270,0xa1abd80ccd80
0x409270,0xa1abd80208c0
0x409270,0x49950aa67210
0x4090c3,0xd7cc94f34f80
0x409270,0x6c6f1e4e5730
0x4090c3,0xd7cc94f71390
0x4090c3,0xd7cc94f75100
0x4090c3,0xd7cc94ee7cc0
0x4090c3,0xd7cc94f811b0
0x409270,0x8ad330227a30
0x409270,0x49950ab0e810
0x4090c3,0xd7cc94f91c70
0x4090c3,0xd7cc94f9ed70
0x409270,0xd7cc94eb4700
0x4090c3,0xd7cc94fb0990
0x4090c3,0xd7cc94fb2eb0
0x409228,0x24d6559a7cc0
0x409270,0xaff500841c40
0x409270,0xd7cc94ef0f80
0x409270,0x6af9d6d67c40
0x4090c3,0x26713c4dc530
0x409270,0xc48ca914dfd0
0x409270,0xaff5008410e0
0x409270,0xa1abd8100990
0x409270,0xa1abd8116400
0x409270,0x6c6f1e5cbc90
0x409270,0xa1abd8020d70
0x4090c3,0xd7cc9500c650
0x4090c3,0xd7cc94e4b570
0x409270,0xa1abd80e23d0
0x409270,0xa1abd815bda0
0x409228,0xd7cc94f34700
0x4090c3,0x878ddf9e23d0
0x409228,0x24d65591c500
0x409228,0xd7cc94f3ed40
0x4090c3,0x8a4feef4e830
0x409270,0x6c6f1e51a4f0
0x4090c3,0xd7cc94f6b550
0x409270,0x257ba873ed40
0x4090c3,0xcc2ca370bcb0
0x4090c3,0xcc2ca3712ef0
0x409270,0xee30bb941c60
0x409270,0x7ebb3c9023c0
0x40924a,0xa2132192ec0
0x409270,0x24d65597bf70
0x4090c3,0x4741a6416750
0x409228,0xd7cc94fb2ec0
0x409270,0x71d5f3e2b390
0x4090c3,0x4741a64725c0
0x409270,0x26713c5047e0
0x4090c3,0x4741a6491e10
0x409270,0x6c6f1e66c1c0
0x409270,0x6c6f1e656410
0x4090c3,0x24d6559247c0
0x409228,0x26713c5b4700
0x409270,0x8ad3301c8b80
0x4090c3,0x4741a64ce830
0x4090c3,0x6c6f1e547290
0x409270,0x49950ab14fb0
0x4090c3,0xd7cc94eb8fc0
0x4090c3,0x8d9869036c30
0x409270,0x7ebb3c8c1190
0x4090c3,0x11e281df6420
0x4090c3,0x11e281e0c1e0
0x409270,0xa1abd8060d70
0x409270,0xa1abd807bf40
0x409270,0x255430227210
0x409228,0x4741a64a7cc0
0x409270,0x257ba875e530
0x4090c3,0x11e281e35100
0x409270,0x6c6f1e52b570
0x409228,0xa1abd8068b80
0x409270,0x8ad330227200
0x4090c3,0x26713c3c1c40
0x409228,0xd7cc94f87200
0x409270,0x28d7cf405720
0x4090c3,0x11e281e647d0
0x409270,0x4741a6445100
0x409270,0x32bd14b86590
0x409270,0x4741a64fed40
0x4090c3,0x32bd14b96430
0x409228,0x4741a650b380
0x4090c3,0x32bd14ba2770
0x409228,0x4741a6513d00
0x4090c3,0xd7cc94ec5ab0
0x409228,0x8d9869027200
0x4090c3,0x32bd14bb4700
0x409228,0x4741a6447cc0
0x409270,0xd7cc94fa5320
0x409270,0xfc47cbda2760
0x4090c3,0x32bd14bc23f0
0x409270,0x66598a7623d0
0x409270,0x2c2cbb45bd90
0x409270,0xaff5008ccd90
0x4090c3,0x32bd14be7cd0
0x409270,0x6c6f1e5e7280
0x409270,0x4741a647c500
0x4090c3,0xfc47cbd16420
0x4090c3,0x32bd14c25330
0x409228,0x11e281e39f80
0x409228,0x11e281e423c0
0x4090c3,0x98f5690d5250
0x409270,0x6c6f1e539110
0x409270,0xaff5007c3100
0x409270,0xaff50087a4f0
0x409228,0x8414a34eb380
0x4090c3,0xc48ca9131360
0x409228,0x4741a64e7280
0x4090c3,0x32bd14c59110
0x4090c3,0x32bd14c65a80
0x409270,0x4741a641e520
0x4090c3,0xb381a43120
0x409228,0x32bd14ba0d40
0x409270,0x8414a353ebc0
0x4090c3,0x32bd14c865a0
0x4090c3,0xc1b5f01bf70
0x409270,0x28d7cf41c510
0x4090c3,0x32bd14bd6c30
0x409228,0x32bd14bf0f80
0x409228,0x32bd14bf31c0
0x409270,0x6c6f1e5ce820
0x4090c3,0xc1b5f056c10
0x409228,0x32bd14bfbf40
0x409270,0x6c6f1e620d70
0x4090c3,0xc1b5f074f90
0x409270,0xa1abd81a7cc0
0x4090c3,0xc1b5f080d60
0x409270,0xa21321ce800
0x4090c3,0xc1b5f091e00
0x409270,0x98f5690f9130
0x409270,0x6c6f1e54e820
0x409270,0xc48ca9131380
0x4090c3,0xc1b5f0bbdb0
0x4090c3,0x32bd14c611b0
0x409270,0x32bd14c60190
0x4090c3,0xc1b5f0e1c40
0x409270,0x4741a6502740
0x4090c3,0x4741a6506590
0x4090c3,0xc1b5f01dc60
0x409270,0xd7cc94fa2740
0x4090c3,0xc1b5f11bdb0
0x409228,0xc1b5f04cd80
0x409228,0xc1b5f053540
0x409270,0xc1b5f127210
0x4090c3,0xaff50088d780
0x4090c3,0xc1b5f130f80
0x409270,0xa1abd8171e20
0x409228,0xc1b5f0823c0
0x4090c3,0xc1b5f155250
0x409270,0x4741a64c6580
0x409270,0x71d5f3e1bf40
0x409270,0xfc47cbc808d0
0x4090c3,0xc1b5f176750
0x4090c3,0xc1b5f185300
0x4090c3,0xc1b5f0cb380
0x409270,0x7ebb3c8c1c50
0x4090c3,0xc1b5f0dc500
0x409228,0xd7cc94eb4f80
0x409270,0x11e281e71360
0x409270,0x11e281e71380
0x409270,0xc1b5f0b25d0
0x4090c3,0xc1b5f1b0f80
0x4090c3,0xc1b5f1b5240
0x409270,0xd7cc94fa98c0
0x409270,0x24d65597a4d0
0x409270,0xaff50079c500
0x409270,0x6af9d6d67cd0
0x4090c3,0xc1b5f1ddc50
0x4090c3,0xc1b5f1e7c60
0x4090c3,0xc1b5f1ed7a0
0x4090c3,0xc1b5f202750
0x4090c3,0xc1b5f20e830
0x4090c3,0x26713c4223e0
0x409228,0x2c2cbb456c00
0x4090c3,0xfc47cbc45130
0x409270,0xc1b5f17bd80
0x4090c3,0x69dd93ba08e0
0x409270,0x24d655981180
0x4090c3,0x69dd93bb3570
0x4090c3,0xc1b5f1a7230
0x4090c3,0x69dd93bc10c0
0x4090c3,0x69dd93bc47d0
0x409270,0x4741a64410e0
0x4090c3,0x69dd93bd25d0
0x409228,0xc1b5f1c1180
0x4090c3,0x69dd93bdbda0
0x4090c3,0x69dd93bf1e20
0x409228,0xc1b5f1e0d40
0x409228,0xa1abd8160980
0x409270,0xc1b5f1725c0
0x409270,0x69dd93c463a0
0x4090c3,0x69dd93b93570
0x4090c3,0x69dd93c55250
0x409270,0xc1b5f1709b0
0x409228,0x32bd14c5ed40
0x409270,0xc1b5f187a20
0x409270,0x69dd93b83130
0x409270,0x32bd14b91370
0x409270,0x32bd14b91380
0x409270,0xa21321b4700
0x4090c3,0x688775c0d7b0
0x409270,0xc48ca91531d0
0x409270,0xa1abd80325c0
0x409270,0x6c6f1e5de520
0x409270,0xa1abd8112eb0
0x4090c3,0x688775c2c1e0
0x409228,0x69dd93c0bc80
0x409270,0x7ebb3c8a7ce0
0x409270,0x49950aaad780
0x409228,0x69dd93c21180
0x4090c3,0x688775c411a0
0x4090c3,0x4741a64b2ee0
0x409270,0xc1b5f17ed60
0x409270,0x2c2cbb436750
0x4090c3,0x688775c5e520
0x409270,0x69dd93b8e800
0x409270,0xc1b5f187c40
0x409270,0x32bd14c698c0
0x4090c3,0x688775c71c70
0x409270,0xd7cc94ec5700
0x4090c3,0x688775c76750
0x409270,0x32bd14c647c0
0x409270,0xc1b5f181c40
0x4090c3,0x688775c80d60
0x4090c3,0x688775c8c1f0
0x409270,0xd7cc94fa3130
0x409270,0x4741a64201a0
0x409228,0x688775bf3540
0x409270,0x8ad330212ea0
0x409270,0x2c2cbb460d40
0x409270,0xaff5007f8990
0x4090c3,0x688775cb5100
0x409228,0x688775c53540
0x409270,0x69dd93c45110
0x4090c3,0x688775d12ea0
0x409270,0x4741a64fbf50
0x4090c3,0xc1b5f01bdb0
0x4090c3,0x688775d223c0
0x4090c3,0xc1b5f0c5a90
0x409270,0xc1b5f1810e0
0x409270,0xc1b5f17ebd0
0x4090c3,0x688775d33570
0x409270,0xaff5008c6580
0x409270,0x6c6f1e5f6420
0x409270,0x2c2cbb460980
0x4090c3,0x688775d5ed50
0x409270,0xaff5008cc640
0x4090c3,0x688775d65ab0
0x4090c3,0x7ebb3c92cdb0
0x4090c3,0x688775d72ec0
0x4090c3,0x688775ce01a0
0x409270,0xa21321d8980
0x409270,0x688775d9a4d0
0x4090c3,0x688775da5310
0x409228,0x688775d13540
0x409270,0x4741a64f5250
0x4090c3,0x688775d211a0
0x409270,0x688775d41c40
0x409270,0x4741a6441180
0x4090c3,0xc5e52af59100
0x409270,0xfc47cbcb25c0
0x4090c3,0xb1739fbce820
0x409270,0x309dcdc67cc0
0x4090c3,0x688775d60180
0x409228,0x688775cb9100
0x409270,0xaff50079e510
0x4090c3,0x688775d713a0
0x409228,0x688775d71c40
0x409228,0x688775d74700
0x4090c3,0xa1abd817c510
0x409270,0x26713c45c500
0x4090c3,0x464939aedff0
0x409270,0x6c6f1e67ed70
0x4090c3,0x464939af2ed0
0x409270,0x688775d88b80
0x4090c3,0x3a0447251350
0x4090c3,0x3a04472672b0
0x409270,0xc1b5f0b6c10
0x409270,0x32bd14b86380
0x409228,0x688775dbdc40
0x409270,0x24d6559810d0
0x409270,0x688775c56400
0x409270,0x3a04472810f0
0x409270,0xc1b5f17e520
0x4090c3,0x3a04472a5720
0x409270,0xd7cc94ec5100
0x409270,0x24d6559a5700
0x409270,0xc48ca9070990
0x4090c3,0xaff5007f2ef0
0x409228,0xb1739fbde500
0x4090c3,0x278f268098d0
0x4090c3,0xc48ca90e5ab0
0x409270,0x464939af3d00
0x409270,0x6c6f1e51ed50
0x4090c3,0x278f268223d0
0x409270,0x6c6f1e52cda0
0x409270,0x3a0447248b80
0x409270,0x3a0447251380
0x4090c3,0x278f26846380
0x409270,0x278f2684dff0
0x4090c3,0x278f26852e80
0x4090c3,0x278f26856410
0x409270,0x688775d07a20
0x4090c3,0x278f26845a90
0x4090c3,0x688775c56760
0x409270,0xc1b5f17bf70
0x409228,0x3a04472a0980
0x409270,0xfc47cbcb2ed0
0x4090c3,0x278f2688dfc0
0x409270,0x6af9d6d6bc90
0x409270,0xa1abd8099100
0x4090c3,0x278f268b3d10
0x409270,0x6c6f1e665330
0x4090c3,0xaff500920d60
0x409228,0x278f26807200
0x4090c3,0xa1abd819ebf0
0x409270,0x7ebb3c8a7c40
0x4090c3,0xb381a3dc50
0x409228,0x3a0447262740
0x409270,0x4741a64d9f80
0x4090c3,0x278f268f0980
0x4090c3,0x278f268525f0
0x4090c3,0x278f268531f0
0x4090c3,0x278f268fe530
0x4090c3,0x278f26908ba0
0x409270,0x278f26823100
0x409270,0x688775d07200
0x409270,0x688775d07280
0x4090c3,0xf3453b20bc90
0x409270,0x24d65597dc40
0x4090c3,0x278f2693ed70
0x4090c3,0x278f268931f0
0x4090c3,0x278f26942760
0x4090c3,0x6af9d6dab3a0
0x409270,0xfc47cbc8d780
0x409270,0xaff5007cdff0
0x409228,0xaa4eb5de7280
0x409270,0x6c6f1e5d9130
0x409270,0x278f268c6580
0x409270,0x278f26978fc0
0x4090c3,0x278f269809b0
0x409270,0x3a04472525c0
0x409228,0x278f268ecd80
0x4090c3,0x69dd93b7ed60
0x409228,0x278f26911e00
0x4090c3,0x6af9d6d4dff0
0x4090c3,0x278f269c1c60
0x409270,0x7ebb3c8a23c0
0x409270,0xfc47cbcb2e80
0x4090c3,0x278f26951350
0x409270,0x25543022bcb0
0x409270,0x278f2695bd80
0x4090c3,0x6c6f1e65ed70
0x409270,0xa1abd8174f80
0x409270,0xa1abd80debf0
0x4090c3,0x7c533270e820
0x4090c3,0x278f2698e800
0x4090c3,0x7c5332721190
0x4090c3,0x278f269a2760
0x409270,0x69dd93b91340
0x409228,0x32bd14c31340
0x409270,0x24d65597bda0
0x409270,0x278f26932e80
0x409270,0xfc47cbc647c0
0x409270,0x24d65597e530
0x409270,0x24d6559a5300
0x409270,0x6af9d6d72ef0
0x4090c3,0xaf4780c9ed60
0x409270,0x7c53326f1c40
0x409270,0x255430227a00
0x4090c3,0x7c5332705720
0x4398c2,0xb660569298c2
0x4094dd,0x7ebb3c8e5700
0x4094d9,0x28d7cf43a4d0
0x4094dd,0xfc47cbda3100
0x4094dd,0x6c6f1e5f4f80
0x4094dd,0xa1abd80b6410
0x4094dd,0xb66056947200
0x4094d9,0x255430227cd0
0x409538,0xb66056931e38
0x4094dd,0xb660569725d0
0x4094e9,0xb66056980d74
0x4094d9,0xa21321c7c60
0x4094dd,0xb66056996770
0x4094dd,0xb660569b31d0
0x409538,0xb66056931c78
0x4094dd,0xb660569cc640
0x4094d9,0x6c6f1e550980
0x4094d9,0x4741a64c7cc0
0x4094d9,0x98f569115100
0x4094a8,0xb660569e98c0
0x4094dd,0xb660569fe530
0x4094d9,0x257ba8751390
0x4094d9,0x8ad33020cd80
0x438403,0xb66056a16403
0x405832,0xbcd57edf9fb0
0x405832,0xbcd57ee10f90
0x405832,0x55c693e4d7b0
0x405832,0x55c693e80190
0x405832,0x67b1c3402740
0x405832,0x32bd14bd8980
0x405832,0x67b1c34208e0
0x405832,0x67b1c342bca0
0x405832,0x67b1c3448bb0
0x405832,0x67b1c3456770
0x405832,0x67b1c345e520
0x405832,0x67b1c3463110
0x405832,0x67b1c34823e0
0x405832,0x67b1c349dc40
0x405832,0x67b1c349ed60
0x405832,0x67b1c34bebc0
0x405832,0x18bc3f6c3120
0x405828,0x67b1c34725c0
0x405832,0xd4cb943ccd80
0x405832,0xd4cb943f1350
0x405832,0xd4cb943fed70
0x405832,0xd4cb94425130
0x405832,0xd4cb9442e830
0x405832,0xd4cb94433d00
0x405832,0xd4cb944447f0
0x405832,0xd4cb94451e00
0x405828,0x67b1c3472e80
0x405828,0x67b1c3472ec0
0x405832,0xd4cb94486390
0x405832,0xd4cb94499110
0x405832,0xd4cb944b1e10
0x405828,0xd4cb944a0180
0x405832,0xd4cb944ccda0
0x405832,0xd4cb944d2e90
0x405832,0xd4cb944e0180
0x405832,0xd4cb944f6c10
0x405832,0xd4cb9450cdb0
0x405832,0xd4cb94516c10
0x405832,0xa1abd8014f90
0x405832,0xd4cb94525130
0x405832,0xd4cb945265b0
0x405828,0xd4cb944a08c0
0x405828,0xd4cb944a0980
0x405832,0xd4cb94580d70
0x405832,0x7ebb3c91c510
0x405832,0xd4cb9458d790
0x405832,0xd4cb94591380
0x405828,0xd4cb944a0d40
0x405832,0xd4cb945bebc0
0x405832,0xd4cb945c01a0
0x405832,0x91f0d2dcdfd0
0x405832,0x91f0d2dfa4d0
0x405832,0x91f0d2e189a0
0x405832,0x91f0d2e27c50
0x405828,0x91f0d2de6380
0x405832,0xfc47cbd43130
0x405832,0x91f0d2e411b0
0x405832,0x998897f713b0
0x405832,0x998897f71c40
0x405828,0x91f0d2de6580
0x405832,0x998897f92eb0
0x405832,0x7424745c23d0
0x405832,0x7424745c5730
0x405832,0xbdae4aafed40
0x405832,0x71d5f3e247d0
0x405832,0xbdae4ab2cda0
0x405832,0xbdae4ab30990
0x405832,0xbdae4ab73570
0x405832,0xbdae4ab81190
0x405832,0xbdae4aba7280
0x405832,0xbdae4abab3b0
0x405832,0xbdae4abb31e0
0x405832,0xbdae4abd89b0
0x405828,0xbdae4ab7e500
0x405832,0xbdae4abe0190
0x405832,0xbdae4ac11c50
0x405832,0xbdae4ac40d70
0x405832,0xbdae4ac4bcb0
0x405832,0xbdae4ac54fa0
0x405832,0xbdae4ac54710
0x405832,0xbdae4ac65aa0
0x405832,0xbdae4ac67290
0x405828,0xbdae4ab7ebc0
0x405828,0xbdae4ab7ed40
0x405832,0xbdae4acb1e20
0x405832,0xbdae4acc08f0
0x405832,0xbdae4acc7200
0x405832,0xbdae4acebcb0
0x405832,0xbdae4aced780
0x405832,0x5fdc43edebf0
0x405832,0x5fdc43ee47e0
0x405832,0x5fdc43ef3560
0x405832,0x5fdc43f08bb0
0x405832,0x5fdc43f21c60
0x405832,0x5fdc43f45710
0x405832,0x278f2698bcb0
0x405832,0x5fdc43f4bca0
0x405832,0x5fdc43f65330
0x405832,0x5fdc43f725e0
0x0,0xa21321925c0
0x405832,0x5fdc43f87a20
0x405832,0x5fdc43fa1c70
0x405832,0x1a04b5771c50
0x405832,0x97192ffa10c0
0x405832,0x97192ffb13b0
0x405828,0x1a04b5786380
0x405832,0x97192ffc98d0
0x405832,0x97192ffcb3a0
0x405828,0x1a04b5786580
0x405832,0x97192fff4720
0x405832,0x97192fff4fb0
0x405832,0x688775d009a0
0x405832,0x971930000180
0x405832,0x9719300010d0
0x405832,0x9719300023c0
0x405832,0x9719300125c0
0x405832,0x97193001ebd0
0x405832,0x971930027c40
0x405832,0x688775c56c00
0x405832,0x971930042740
0x405832,0x97193004d7b0
0x405832,0xaff50096b380
0x405832,0x971930056c20
0x405832,0x971930067c60
0x405832,0x971930075270
0x405832,0x971930076c20
0x405832,0x971930087230
0x405832,0xf848bcf072b0
0x405832,0x971930081c70
0x405832,0xf848bcf31e10
0x405832,0xc48ca91ddc40
0x405832,0xf848bcf45130
0x405828,0xf848bcf16400
0x405832,0xf848bcf72ee0
0x405828,0xf848bcf16740
0x405832,0xf848bcfd0990
0x405832,0xf848bcfe5130
0x405832,0xf848bcff0980
0x405832,0xf848bcff6750
0x405828,0xf848bcf16c00
0x405832,0x1a64fc5b6770
0x405832,0x1a64fc5b89b0
0x405832,0xd7cc94ec7230
0x405832,0x1a64fc5f4fb0
0x405832,0x1a64fc5f4720
0x405828,0x1a64fc603100
0x405832,0x71d0d5891390
0x405832,0x71d0d588dfd0
0x405832,0x7ebb3c8c63b0
0x405832,0x932ec402cd90
0x405832,0xafd74f939100
0x405832,0xafd74f9611a0
0x405832,0xa1abd800dfd0
0x405832,0x66598a753d20
0x405828,0xafd74f9c10c0
0x405832,0xafd74f9d0990
0x405832,0xafd74f9d1c40
0x405832,0xafd74f9d13b0
0x405828,0xafd74f9c1180
0x405832,0xafd74f9e0d60
0x405832,0xafd74f9e7cf0
0x405832,0xafd74f9ec660
0x405832,0xafd74f9ed780
0x405832,0xafd74f9fbda0
0x405832,0x66598a75dc70
0x405832,0xf5d9bcfc5730
