0x5ed640,0xfdfd3a8c7a10
0x5ed438,0xfdfd3a93ebe0
0x5ed640,0xfdfd3a94e810
0x5ed640,0xfdfd3a956c10
0x5ed431,0xfdfd3a8c2778
0x5ed438,0xfdfd3a96d7b0
0x5ed438,0xfdfd3a971370
0x5ed640,0xfdfd3a971390
0x5ed438,0xfdfd3a972ec0
0x5ed438,0xfdfd3a9a0d60
0x5ed640,0xfdfd3a9a5100
0x5ed438,0xfdfd3a9ba4c0
0x5ecd40,0xfdfd3a9bed40
0x59b9a0,0xa213218dfc0
0x59b9a0,0xa213218e800
0x59b9a0,0xa2132190980
0x59b9a0,0xa2132190f80
0x59b9a0,0xa2132191340
0x59b9a0,0xa2132191380
0x59b9a0,0xa2132191c40
0x59b9a0,0xa2132191e00
0x59b9a0,0xa21321925c0
0x59b9a0,0xa2132192e80
0x59b9a0,0xa2132192ec0
0x59b9a0,0xa21321931c0
0x59b9a0,0xa2132193540
0x59b9a0,0xa2132193d00
0x59b9a0,0xa2132194700
0x59b9a0,0xa2132194f80
0x59b9a0,0xa2132195100
0x59b9a0,0xa2132195240
0x59b9a0,0xa2132196400
0x59b9a0,0xa2132196740
0x59b9a0,0xa2132196c00
0x59b9a0,0xa2132198980
0x59b9a0,0xa2132198fc0
0x59b9a0,0xa2132199100
0x59b9a0,0xa2132199f80
0x59b9a0,0x98f5690d5100
0x59b9a0,0x98f5690d5240
0x59b9a0,0x98f5690d6400
0x59b9a0,0x98f5690d6740
0x59b9a0,0x98f5690d6c00
0x59b9a0,0x98f5690d8980
0x59b9a0,0x98f5690d8fc0
0x59b9a0,0x98f5690d9100
0x59b9a0,0x98f5690d9f80
0x59b9a0,0x98f5690da4c0
0x640fbf,0x98f5690f0fbf
0x654b4a,0x98f5691001a0
0x60b08e,0xa21321898e0
0x5febe9,0x98f569110fa0
0x654bc8,0x98f5690febc8
0x5c2b13,0x98f56912bc80
0x5cb4c8,0x98f569118fd8
0x599120,0x98f569119120
0x78d838,0x98f56914bc80
0x78d8bd,0x98f5690e23c0
0x5ed130,0x28e837c85130
0x5ed51c,0x98f569155248
0x5ed183,0x8ad3301c0d60
0x5ed183,0x8ad3301cdfd0
0x5ed510,0x8ad3301d6400
0x5ed510,0x8ad3301e7a30
0x5ed510,0x8ad3301ebc80
0x5ed510,0xea2062c5ab0
0x5ed183,0xea2062ccd90
0x5ed510,0xea2062d9120
0x5ed510,0xea2062da4e0
0x5ed183,0xa1abd7fda4e0
0x5ed183,0x6c6f1e4c3110
0x5ed510,0x6c6f1e4c7200
0x5ed183,0x6c6f1e4cb550
0x5ed510,0x6c6f1e4ce820
0x5ed51c,0x6c6f1e4d1c48
0x5ed510,0x6c6f1e4d0980
0x5ed179,0x8ad3301f3d38
0x5ed183,0x6c6f1e4ed7b0
0x5ed183,0x6c6f1e4f6420
0x5ed183,0xe8035e45c500
0x5ed510,0x6c537032cd90
0x5ed510,0x6c53703447c0
0x5ed183,0x6c537034b380
0x5ed510,0x6c5370370fa0
0x5ed510,0x6c537037bda0
0x5ed183,0x6c5370381c50
0x5ed51c,0x6c53703847c8
0x5ed183,0x6c5370392e90
0x5ed510,0x6c5370392ee0
0x5ed183,0x6c537039dc60
0x5ed183,0x6c53703a11b0
0x5ed183,0x6c53703ad7b0
0x5ed183,0x6c53703b5100
0x5ed183,0x6c53703b25d0
0x5ed183,0x6c53703bc520
0x5ed510,0x6c53703c5330
0x5ed183,0x6c53703d1c70
0x5ed179,0x8ad3301f3578
0x5ed510,0x6c53703f6750
0x5ed183,0x6c537041dc60
0x5ed510,0x6c537042c670
0x5ed179,0x8ad3301f31f8
0x5ed183,0x6c5370468bb0
0x5ed183,0x6c53704731f0
0x5ed510,0x6c5370491e20
0x5ed183,0x6c5370496740
0x5ed183,0x6c537049ed60
0x5ed510,0x6c53704a8b80
0x5ed51c,0x6c53704bebc8
0x5ed51c,0x6c53704dbf48
0x5ed510,0x6c53704eb540
0x5ed510,0x6c53704ecd90
0x5ed510,0xfdfd3a91bf60
0x5ed510,0xfdfd3a990fa0
0x5ed510,0xfdfd3a99ed40
0x5ed510,0xfdfd3a9a8ba0
0x5ed510,0xfdfd3a9b31c0
0x78eb1a,0x6c5370507cf0
0x78eb1a,0x6c5370507c70
0x78eae2,0x6c5370507a30
0x78eae2,0x6c53705072b0
0x78eae2,0x6c5370507230
0x78eae2,0x6c5370510fb0
0x78eade,0x6c5370511e30
0x78eb16,0x6c5370511c70
0x78eae2,0x6c53705109b0
0x78eade,0x6c53705113b0
0x78eb16,0x6c5370511370
0x78eb1a,0x6c5370512ef0
0x78eae2,0x6c5370512eb0
0x654a37,0xfdfd3a8c11bc
0x78eb08,0x6c5370519fb0
0x78eb08,0x6c5370519130
0x78eb08,0x6c537050cdb0
0x78eb47,0x6c537050c670
0x78eb47,0x6c537050c1f0
0x655eed,0xfdfd3a8c10d8
0x78eb08,0x6c537051ed70
0x78eb08,0x6c537051ebf0
0x78eb47,0x6c537051e530
0x78eb08,0x6c5370518ff0
0x78eb47,0x6c53705189b0
0x76df3a,0x6c53705223c0
0x78eb08,0x6c5370523130
0x78eb47,0x6c53705247f0
0x78eb47,0x6c537051dc70
0x78d86c,0x6c5370520d70
0x78eb08,0x6c53705298f0
0x78eade,0xa7d08ad047f0
0x78eb16,0xa7d08ad05ab0
0x78eb16,0xa7d08ad05730
0x78eb16,0xa7d08ad05330
0x78eb16,0xa7d08ad05130
0x78eb16,0x6c5370528bb0
0x78d908,0xa7d08ad01c70
0x78eb16,0xa7d08ad098f0
0x6552c0,0x98f5690f8980
0x78eb16,0xa7d08ad10fb0
0x78eb16,0xa7d08ad109b0
0x78eade,0xee30bb940d70
0x78eb16,0xee30bb9409b0
0x78eade,0xee30bb9408f0
0x78eb16,0xee30bb9401b0
0x5c2b13,0xa7d08ad00d40
0x78d84b,0x412e73cb09b0
0x76df44,0x412e73cb25d8
0x78eb16,0x412e73cb4730
0x78eade,0x412e73cb5270
0x78eb16,0x412e73cb5130
0x78eb16,0x412e73cae830
0x5ed510,0xea2062da4e0
0x5ed183,0xa1abd7fda4e0
0x5ed510,0x6c53703c5330
0x5ed183,0xfdfd3a9ba4c0
0x78eaec,0x412e73cbc530
0x78eb24,0x412e73cbed70
0x78eb24,0x412e73cbebf0
0x78eaec,0x412e73cbe530
0x78eaec,0x412e73cb4fb0
0x78eafa,0x412e73cc23f0
0x78eb34,0x412e73cc3130
0x78eafa,0x412e73cbdc70
0x78eb08,0x412e73cc72b0
0x78eb08,0x412e73cc7230
0x78eb08,0x412e73cc8bb0
0x78eb47,0x412e73cc2770
0x78eaec,0x412e73ccd7b0
0x78eaec,0x412e73cce830
0x78eb24,0x412e73cc7cf0
0x78eb24,0x412e73cc7c70
0x78eaec,0x412e73cc7a30
0x5c7ea1,0x412e73cb8980
0x76df3a,0x412e73cd1c60
0x78eb34,0x412e73cd3d30
0x78eafa,0x412e73cd3570
0x78eafa,0x412e73cd31f0
0x78eb34,0x412e73cd4fb0
0x78eb34,0x412e73cd4730
0x78eafa,0x412e73ccdff0
0x5ed179,0x8ad3301f31f8
0x5ed183,0x6c5370468bb0
0x5ed183,0x6c53704731f0
0x5ed510,0x6c53704a8b80
0x5ed510,0xfdfd3a9a8ba0
0x5ed510,0xfdfd3a9b31c0
0x78eb08,0x412e73cdc530
0x78eb47,0x412e73cddc70
0x78eb47,0x412e73cd2ef0
0x78eb08,0x412e73cd2eb0
0x78eb47,0x412e73cd25f0
0x78eb16,0x412e73ce1c70
0x78eade,0x412e73ce11b0
0x78eb16,0x412e73ce10f0
0x78eb16,0x412e73ce2770
0x78eb16,0x412e73ce23f0
0x6552c0,0x98f5690f8fc0
0x78eaec,0x412e73ce98f0
0x78eb47,0x71d5f3e00d70
0x78eb08,0x71d5f3e009b0
0x78eb47,0x71d5f3e008f0
0x78eb08,0x71d5f3e001b0
0x78eb08,0x412e73ce8bb0
0x5a2107,0x412e73cd8980
0x78eb24,0x71d5f3e047f0
0x78eaec,0x71d5f3e05ab0
0x78eaec,0x71d5f3e05730
0x78eaec,0x71d5f3e05330
0x78eaec,0x71d5f3e05130
0x78eb08,0x71d5f3e0dff0
0x78eb47,0x71d5f3e0d7b0
0x78eb47,0x71d5f3e0e830
0x78eb34,0x71d5f3e13d30
0x78eafa,0x71d5f3e13570
0x78eafa,0x71d5f3e131f0
0x78eb34,0x71d5f3e0cdb0
0x78eafa,0x71d5f3e0c670
0x78eafa,0x71d5f3e0c1f0
0x78eade,0x71d5f3e18ff0
0x78eb16,0x71d5f3e189b0
0x78eade,0x71d5f3e12ef0
0x78eb16,0x71d5f3e12eb0
0x78eade,0x71d5f3e125f0
0x6552c0,0x412e73ceb380
0x78eb34,0x71d5f3e1dc70
0x78eb34,0x71d5f3e1ed70
0x78eb34,0x71d5f3e1ebf0
0x78eafa,0x71d5f3e1e530
0x76df44,0x71d5f3e1c508
0x76e6e9,0x71d5f3e223d8
0x78eade,0x71d5f3e23130
0x78eb16,0x71d5f3e247f0
0x78eb34,0x71d5f3e2d7b0
0x78eb34,0x71d5f3e2e830
0x78eafa,0x71d5f3e22770
0x6557f7,0x412e73ceb540
0x78eaec,0x71d5f3e325f0
0x78eb24,0x71d5f3e33d30
0x78eaec,0x71d5f3e33570
0x78eaec,0x71d5f3e331f0
0x78eaec,0x71d5f3e2dff0
0x78eade,0x71d5f3e38ff0
0x78eb16,0x71d5f3e389b0
0x78eb16,0x71d5f3e39fb0
0x78eb16,0x71d5f3e39130
0x78eade,0x71d5f3e32ef0
0x78eb16,0x71d5f3e32eb0
0x5c7ea1,0x71d5f3e27c40
0x78d8ec,0x71d5f3e34fb0
0x78eb47,0x71d5f3e3ed70
0x78eb47,0x71d5f3e3ebf0
0x78eb08,0x71d5f3e3e530
0x674b90,0x71d5f3e27cc0
0x76df3a,0x71d5f3e41c60
0x78eb47,0x71d5f3e42770
0x78eb47,0x71d5f3e423f0
0x78eb08,0x71d5f3e43130
0x78eb47,0x71d5f3e3dc70
0x5ed179,0x8ad3301f31f8
0x5ed183,0x6c53704731f0
0x5ed510,0xfdfd3a9b31c0
0x654a29,0x412e73ce3138
0x78eafa,0x71d5f3e4bcb0
0x78eb34,0x71d5f3e4b570
0x78eafa,0x71d5f3e4b3b0
0x78eafa,0x71d5f3e4cdb0
0x78eb34,0x71d5f3e4c670
0x78eb34,0x71d5f3e4c1f0
0x654a37,0x71d5f3e4dffc
0x78eaec,0x71d5f3e513b0
0x78eb24,0x71d5f3e51370
0x78eb24,0x71d5f3e52ef0
0x78eaec,0x71d5f3e52eb0
0x78eb24,0x71d5f3e525f0
0x76df3a,0x71d5f3e54fa0
0x78eb16,0x71d5f3e56770
0x78eade,0x71d5f3e56430
0x78eade,0x71d5f3e51e30
0x78eb16,0x71d5f3e51c70
0x78eb08,0x71d5f3e5dc70
0x78eb08,0x71d5f3e5ed70
0x78eb08,0x71d5f3e5ebf0
0x78eb47,0x71d5f3e5e530
0x78eb47,0x71d5f3e56c30
0x78eb08,0x71d5f3e623f0
0x78eb47,0x71d5f3e63130
0x78eb47,0x71d5f3e5c530
0x5ed179,0x8ad3301f31f8
0x5ed183,0x6c53704731f0
0x5ed510,0xfdfd3a9b31c0
0x78eb08,0x71d5f3e698f0
0x78eb08,0x71d5f3e62770
0x770001,0x71d5f3e663b8
0x78eb47,0x71d5f3e6e830
0x78eb16,0x71d5f3e731f0
0x78eade,0x71d5f3e74fb0
0x78eade,0x71d5f3e74730
0x78eb16,0x71d5f3e75270
0x78eade,0x71d5f3e75130
0x6557d7,0x412e73cebc80
0x78eade,0x71d5f3e79130
0x78eb16,0x71d5f3e7a4f0
0x78eade,0x71d5f3e73d30
0x78eb16,0x71d5f3e73570
0x655ec2,0x71d5f3e4d7b8
0x78eb16,0x71d5f3e7ebf0
0x78eb16,0x71d5f3e7ed70
0x78eade,0x71d5f3e7e530
0x78eade,0x71d5f3e79fb0
0x5ed510,0xea2062da4e0
0x5ed183,0xa1abd7fda4e0
0x5ed179,0x8ad3301f31f8
0x5ed183,0x6c53704731f0
0x5ed510,0xfdfd3a9b31c0
0x5ed183,0xfdfd3a9ba4c0
0x78eb16,0x71d5f3e87cf0
0x78eb16,0x71d5f3e87c70
0x78eade,0x71d5f3e87a30
0x78eade,0x71d5f3e872b0
0x78eade,0x71d5f3e87230
0x78eade,0x71d5f3e88bb0
0x78d86c,0x71d5f3e898f0
0x76df3a,0x71d5f3e8c660
0x78eade,0x71d5f3e8d7b0
0x78eade,0x71d5f3e8e830
0x78eade,0x71d5f3e865b0
0x78f969,0x71d5f3e863b0
0x78eb24,0x71d5f3e925f0
0x78eaec,0x71d5f3e93d30
0x78eb24,0x71d5f3e93570
0x78eb24,0x71d5f3e931f0
0x78eb24,0x71d5f3e8dff0
0x78eafa,0x71d5f3e99fb0
0x78eafa,0x71d5f3e99130
0x78eb34,0x71d5f3e9a4f0
0x78eb34,0x71d5f3e92ef0
0x78eafa,0x71d5f3e92eb0
0x78eb08,0x71d5f3e9e530
0x78eb47,0x71d5f3e98ff0
0x78eb08,0x71d5f3e989b0
0x5ed183,0x6c5370468bb0
0x5ed510,0x6c53704a8b80
0x5ed510,0xfdfd3a9a8ba0
0x78eb24,0x71d5f3ea5ab0
0x78eb24,0x71d5f3ea5730
0x78eb24,0x71d5f3ea5330
0x78eb24,0x71d5f3ea5130
0x78eb24,0x71d5f3ea65b0
0x78eb24,0x71d5f3ea63b0
0x78eaec,0x71d5f3e9ed70
0x78eaec,0x71d5f3e9ebf0
0x78eb34,0x71d5f3eacdb0
0x78eafa,0x71d5f3eac670
0x78eafa,0x71d5f3eac1f0
0x78eafa,0x71d5f3eadff0
0x78eb34,0x71d5f3ead7b0
0x76df44,0x71d5f3ea8bb8
0x78eb47,0x71d5f3eb13b0
0x78eb08,0x71d5f3eb1370
0x78eb08,0x71d5f3eb2ef0
0x78eb47,0x71d5f3eb2eb0
0x78eb08,0x71d5f3eb25f0
0x78eb47,0x71d5f3eabcb0
0x78eb08,0x71d5f3eab570
0x78eb47,0x71d5f3eab3b0
0x654a29,0x71d5f3ea7cf8
0x78eb16,0x71d5f3eb6770
0x78eade,0x71d5f3eb6430
0x78eade,0x71d5f3eb1e30
0x78eb16,0x71d5f3eb1c70
0x655ec2,0x71d5f3ea7c78
0x78f595,0x71d5f3eb8fc0
0x78eaec,0x71d5f3ebc530
0x78eb24,0x71d5f3ebdc70
0x78f969,0x71d5f3eb6c30
0x5ed510,0x8ad3301d6400
0x5ed183,0x6c6f1e4f6420
0x5ed183,0x6c5370468bb0
0x5ed510,0x6c53704a8b80
0x5ed510,0xfdfd3a9a8ba0
0x5a2100,0x71d5f3ec09a0
0x78eb08,0x71d5f3ec5ab0
0x78eb08,0x71d5f3ec5730
0x78eb08,0x71d5f3ec5330
0x78eb08,0x71d5f3ec5130
0x78eb47,0x71d5f3ebbf70
0x78eb08,0x71d5f3ebbdb0
0x655ec2,0x71d5f3ea7a38
0x78d862,0x71d5f3ec11b0
0x78eaec,0x71d5f3ec98f0
0x78eaec,0x71d5f3ec47f0
0x78d8de,0x71d5f3ec63b0
0x78eb47,0x71d5f3ed0fb0
0x78eb47,0x71d5f3ed09b0
0x78f17f,0x71d5f3ecbc80
0x78eb34,0x71d5f3ed5270
0x78eafa,0x71d5f3ed5130
0x78eafa,0x71d5f3ece830
0x6553d3,0x71d5f3e94700
0x76df44,0x71d5f3ed1c78
0x78eb16,0x71d5f3ed9130
0x78eade,0x71d5f3eda4f0
0x78eb16,0x71d5f3ed4fb0
0x78eb16,0x71d5f3ed4730
0x5ed510,0xea2062da4e0
0x5ed183,0xa1abd7fda4e0
0x5ed510,0x6c53703c5330
0x5ed183,0xfdfd3a9ba4c0
0x78f89f,0x71d5f3ed6770
0x78eafa,0x71d5f3ee0d70
0x78eb34,0x71d5f3ee09b0
0x78eafa,0x71d5f3ee08f0
0x78eb34,0x71d5f3ee01b0
0x78eb34,0x71d5f3ed9fb0
0x78eade,0x71d5f3ee5ab0
0x78eade,0x71d5f3ee5730
0x78eade,0x71d5f3ee5330
0x78eade,0x71d5f3ee5130
0x78eade,0x71d5f3ee65b0
0x78eade,0x71d5f3ee63b0
0x654a37,0x71d5f3ea72bc
0x76df44,0x71d5f3ee7cc8
0x78d916,0x71d5f3ee7c70
0x78eb34,0x71d5f3eeb570
0x78eafa,0x71d5f3eeb3b0
0x78eafa,0x71d5f3eecdb0
0x78eb34,0x71d5f3eec670
0x78eb34,0x71d5f3eec1f0
0x78eb34,0x71d5f3ee47f0
0x655ed3,0x71d5f3ea7238
0x78d8bd,0x98f5690e23c0
0x78eb24,0x71d5f3ef09b0
0x78eb24,0x71d5f3ef1e30
0x78eaec,0x71d5f3ef1c70
0x78eb24,0x71d5f3ef13b0
0x78eaec,0x71d5f3ef1370
0x78eb24,0x71d5f3eebcb0
0x78eb16,0x71d5f3ef5270
0x78eade,0x71d5f3ef5130
0x78eade,0x71d5f3ef6c30
0x78eb16,0x71d5f3ef6770
0x78eade,0x71d5f3ef6430
0x78eade,0x71d5f3ef0fb0
0x5ed510,0x8ad3301d6400
0x5ed183,0x6c6f1e4f6420
0x5ed510,0x6c53703c5330
0x654a29,0x71d5f3efbf78
0x78eb47,0xca49da31bdb0
0x78eb47,0xca49da31c530
0x655ed3,0x71d5f3efbdb8
0x78f2b3,0xca49da318fc0
0x78eafa,0xb207126abcb0
0x78eb34,0xb207126ab570
0x78eafa,0xb207126ab3b0
0x78eb34,0xca49da31bf70
0x78eb24,0xb207126b0fb0
0x78eb24,0xb207126b09b0
0x78eaec,0xb207126a98f0
0x78eade,0xb207126b4730
0x78eb16,0xb207126b5270
0x78eade,0xb207126b5130
0x5ed510,0x6c53703c5330
0x78eb47,0xb207126bdc70
0x78eb47,0xb207126bed70
0x78eb47,0xb207126bebf0
0x78eb08,0xb207126be530
0x78eb08,0xb207126b4fb0
0x78eb08,0xb207126c2770
0x78eb08,0xb207126c23f0
0x78eb47,0xb207126c3130
0x78eb47,0xb207126bc530
0x78eb08,0xb207126c7a30
0x78eb47,0xb207126c7cf0
0x78eb47,0xb207126c7c70
0x78eb08,0xb207126c72b0
0x78eb08,0xb207126c7230
0x78eb08,0xb207126c8bb0
0x6557f7,0x71d5f3e94f80
0x78eb08,0xb207126cc1f0
0x78eb08,0xb207126cdff0
0x78eb47,0xb207126cd7b0
0x78eb47,0xb207126ce830
0x78eade,0xb207126d3570
0x78eade,0xb207126d31f0
0x78eb16,0xb207126d4fb0
0x78eb16,0xb207126d4730
0x78eb16,0xb207126ccdb0
0x78eade,0xb207126cc670
0x78eade,0xb207126dbdb0
0x78eade,0xb207126dc530
0x78eade,0xb207126d3d30
0x78eb16,0xb207126e01b0
0x78eade,0xb207126e1c70
0x78eb16,0xb207126e11b0
0x78eade,0xb207126e10f0
0x78eade,0xb207126e2770
0x78eade,0xb207126e23f0
0x78eade,0xb207126dbf70
0x78eade,0xb207126e65b0
0x78eade,0xb207126e63b0
0x78eb16,0xb207126e7cf0
0x78eb16,0xb207126e7c70
0x78eade,0xb207126e7a30
0x78eade,0xb207126e72b0
0x78eade,0xb207126e7230
0x78eb16,0xb207126e0d70
0x78eade,0xb207126e09b0
0x78eb16,0xb207126e08f0
0x76e6e9,0xb207126ecda8
0x78eade,0xb207126ec670
0x78eade,0xb207126ec1f0
0x78eade,0xb207126edff0
0x78eb16,0xb207126ed7b0
0x78eaec,0xb207126f3d30
0x78eb24,0xb207126f3570
0x78eb24,0xb207126f31f0
0x78eaec,0xb207126f4fb0
0x78eaec,0xb207126f4730
0x78eb34,0xb207126fc530
0x78eafa,0xb207126f2ef0
0x78eb34,0xb207126f2eb0
0x78eafa,0xb207126f25f0
0x76df44,0xb207126fe518
0x78eade,0xb20712700d60
0x78eb08,0xb207127009b0
0x78eb47,0xb207127008f0
0x78eb08,0xb207127001b0
0x78eb47,0xb20712701c70
0x78eb08,0xb207127011b0
0x78eb47,0xb207127010f0
0x78eb47,0xb207126fbf70
0x78eb08,0xb207126fbdb0
0x78eaec,0xb20712705130
0x78eaec,0xb207127065b0
0x78eaec,0xb207127063b0
0x78eb24,0xb20712707cf0
0x78eb24,0xb20712707c70
0x78eaec,0xb20712707a30
0x78eaec,0xb207127072b0
0x78eaec,0xb20712707230
0x78eafa,0xb2071270b570
0x78eb34,0xb2071270b3b0
0x78eb34,0xb2071270cdb0
0x78eafa,0xb2071270c670
0x78eafa,0xb2071270c1f0
0x78eb34,0xb20712705ab0
0x78eb34,0xb20712705730
0x78eb34,0xb20712705330
0x78eb08,0xb207127109b0
0x78eb08,0xb20712711e30
0x78eb47,0xb20712711c70
0x78eb08,0xb207127113b0
0x78eb47,0xb20712711370
0x78eb08,0xb2071270bcb0
0x5ed510,0x6c53703c5330
0x78eade,0xb20712719fb0
0x78eade,0xb20712719130
0x78eb16,0xb2071271a4f0
0x78eade,0xb20712710fb0
0x654a2c,0xb207126ee838
0x78eaec,0xb20712720d70
0x78eb24,0xb207127209b0
0x78eaec,0xb207127208f0
0x78eb24,0xb207127201b0
0x78eaec,0xb20712718ff0
0x78eb24,0xb207127189b0
0x5ecde4,0xb20712714f80
0x78eb08,0xb20712725ab0
0x78eb08,0xb20712725730
0x78eb08,0xb20712725330
0x78eb08,0xb20712725130
0x78eb08,0xb207127265b0
0x78eb08,0xb207127263b0
0x78eaec,0x49950aa50fb0
0x78eaec,0x49950aa509b0
0x78eb47,0x49950aa54730
0x78eb08,0x49950aa55270
0x78eb47,0x49950aa55130
0x78eb47,0x8ec426c6bcb0
0x78eb08,0x8ec426c6b570
0x78eb47,0x8ec426c6b3b0
0x5ed510,0x6c53703c5330
0x76df3a,0x49950aa5bdb0
0x78eb34,0x49950aa5c530
0x78eafa,0x49950aa5dc70
0x78eb34,0x49950aa54fb0
0x78eb16,0x49950aa601b0
0x78eade,0x49950aa61c70
0x78eb16,0x49950aa611b0
0x78eade,0x49950aa610f0
0x78eade,0x49950aa62770
0x78eade,0x49950aa623f0
0x78d8de,0x49950aa5ed70
0x78eafa,0x49950aa665b0
0x78eafa,0x49950aa663b0
0x78eb34,0x49950aa67cf0
0x78eb34,0x49950aa67c70
0x78eafa,0x49950aa67a30
0x78eafa,0x49950aa672b0
0x78eafa,0x49950aa67230
0x78eb34,0x49950aa60d70
0x78eafa,0x49950aa609b0
0x78eb34,0x49950aa608f0
0x76df3a,0x49950aa6b390
0x78eade,0x49950aa6cdb0
0x78eb16,0x49950aa6c670
0x78eb16,0x49950aa6c1f0
0x78eb16,0x49950aa6dff0
0x78eade,0x49950aa6d7b0
0x76df44,0x49950aa6e828
0x76e6e9,0x49950aa71348
0x78eafa,0x49950aa72ef0
0x78eb34,0x49950aa72eb0
0x78eafa,0x49950aa725f0
0x78eb34,0x49950aa73d30
0x78eafa,0x49950aa73570
0x78eafa,0x49950aa731f0
0x5ed510,0x6c53703c5330
0x78eb24,0x49950aa79130
0x78eaec,0x49950aa7a4f0
0x78eb24,0x49950aa71e30
0x78eaec,0x49950aa71c70
0x78eb24,0x49950aa713b0
0x78eade,0x49950aa7ed70
0x78eade,0x49950aa7ebf0
0x78eb16,0x49950aa7e530
0x78eb16,0x49950aa79fb0
0x655eed,0x49950aa68b98
0x78eb08,0x49950aa83130
0x78eb47,0x49950aa847f0
0x78eb47,0x49950aa898f0
0x78eb47,0x49950aa82770
0x78eb47,0x49950aa823f0
0x78eafa,0x49950aa8e830
0x78eafa,0x49950aa88bb0
0x5ed183,0x6c5370468bb0
0x5ed510,0x6c53704a8b80
0x5ed510,0xfdfd3a9a8ba0
0x5ed179,0xfdfd3a8c23f8
0x655ec2,0x49950aa68b98
0x78eb24,0x49950aa98ff0
0x78eaec,0x49950aa989b0
0x78eaec,0x49950aa99fb0
0x78eae2,0x49950aa88bb0
0x78eaec,0x49950aa99130
0x78eade,0x49950aa9e530
0x78eb08,0x49950aaa47f0
0x78eb47,0x49950aaa5ab0
0x78eb47,0x49950aaa5730
0x78eb47,0x49950aaa5330
0x78eb47,0x49950aaa5130
0x78eb08,0x49950aa9ed70
0x78eb08,0x49950aa9ebf0
0x78eb47,0x49950aaabcb0
0x78eb08,0x49950aaab570
0x78eb47,0x49950aaab3b0
0x78eb47,0x49950aab0fb0
0x78eb47,0x49950aab09b0
0x78eb08,0x49950aaa98f0
0x5ed510,0x6c53703c5330
0x5ed183,0x6c5370468bb0
0x5ed510,0x6c53704a8b80
0x5ed510,0xfdfd3a9a8ba0
0x78eb47,0x49950aab6c30
0x78eb08,0x49950aab6770
0x78eb47,0x49950aab6430
0x78eade,0x49950aabc530
0x78eb16,0x49950aabdc70
0x78eb16,0x49950aac2770
0x78eb16,0x49950aac23f0
0x78eade,0x49950aac3130
0x78eb16,0x49950aabbf70
