suite,sampling,noise_model,noise_sigma,function,dimension,instance,set_id,lambda,mu,rank_disagreement,topmu_overlap,topmu_disagreement,kendall_pairwise_disagreement
bbob-noisy,es,native,nan,101,40,1,0,15,7,0.04444444444444444,1.0,0.0,0.05714285714285714
bbob-noisy,es,native,nan,101,40,1,1,15,7,0.017777777777777778,1.0,0.0,0.01904761904761905
bbob-noisy,es,native,nan,101,40,1,2,15,7,0.0,1.0,0.0,0.0
bbob-noisy,es,native,nan,101,40,1,3,15,7,0.04444444444444444,0.8571428571428571,0.1428571428571429,0.05714285714285714
bbob-noisy,es,native,nan,101,40,1,4,15,7,0.035555555555555556,1.0,0.0,0.0380952380952381
bbob-noisy,es,native,nan,101,40,1,5,15,7,0.035555555555555556,0.8571428571428571,0.1428571428571429,0.0380952380952381
bbob-noisy,es,native,nan,101,40,1,6,15,7,0.017777777777777778,1.0,0.0,0.02857142857142857
bbob-noisy,es,native,nan,101,40,1,7,15,7,0.05333333333333334,0.8571428571428571,0.1428571428571429,0.06666666666666667
bbob-noisy,es,native,nan,101,40,1,8,15,7,0.06222222222222222,0.8571428571428571,0.1428571428571429,0.06666666666666667
bbob-noisy,es,native,nan,101,40,1,9,15,7,0.017777777777777778,1.0,0.0,0.02857142857142857
bbob-noisy,es,native,nan,101,40,1,10,15,7,0.017777777777777778,1.0,0.0,0.01904761904761905
bbob-noisy,es,native,nan,101,40,1,11,15,7,0.02666666666666667,1.0,0.0,0.02857142857142857
bbob-noisy,es,native,nan,101,40,1,12,15,7,0.0,1.0,0.0,0.0
bbob-noisy,es,native,nan,101,40,1,13,15,7,0.02666666666666667,1.0,0.0,0.02857142857142857
bbob-noisy,es,native,nan,101,40,1,14,15,7,0.02666666666666667,1.0,0.0,0.02857142857142857
bbob-noisy,es,native,nan,101,40,1,15,15,7,0.017777777777777778,1.0,0.0,0.01904761904761905
bbob-noisy,es,native,nan,101,40,1,16,15,7,0.0,1.0,0.0,0.0
bbob-noisy,es,native,nan,101,40,1,17,15,7,0.035555555555555556,1.0,0.0,0.0380952380952381
bbob-noisy,es,native,nan,101,40,1,18,15,7,0.008888888888888889,0.8571428571428571,0.1428571428571429,0.009523809523809525
bbob-noisy,es,native,nan,101,40,1,19,15,7,0.02666666666666667,1.0,0.0,0.02857142857142857
bbob-noisy,es,native,nan,101,40,1,20,15,7,0.02666666666666667,1.0,0.0,0.02857142857142857
bbob-noisy,es,native,nan,101,40,1,21,15,7,0.035555555555555556,1.0,0.0,0.0380952380952381
bbob-noisy,es,native,nan,101,40,1,22,15,7,0.008888888888888889,1.0,0.0,0.009523809523809525
bbob-noisy,es,native,nan,101,40,1,23,15,7,0.02666666666666667,0.8571428571428571,0.1428571428571429,0.02857142857142857
bbob-noisy,es,native,nan,101,40,1,24,15,7,0.07111111111111111,0.8571428571428571,0.1428571428571429,0.08571428571428572
bbob-noisy,es,native,nan,102,40,1,0,15,7,0.04444444444444444,0.8571428571428571,0.1428571428571429,0.05714285714285714
bbob-noisy,es,native,nan,102,40,1,1,15,7,0.06222222222222222,1.0,0.0,0.06666666666666667
bbob-noisy,es,native,nan,102,40,1,2,15,7,0.04444444444444444,1.0,0.0,0.047619047619047616
bbob-noisy,es,native,nan,102,40,1,3,15,7,0.04444444444444444,1.0,0.0,0.047619047619047616
bbob-noisy,es,native,nan,102,40,1,4,15,7,0.07111111111111111,0.8571428571428571,0.1428571428571429,0.09523809523809523
bbob-noisy,es,native,nan,102,40,1,5,15,7,0.07111111111111111,1.0,0.0,0.09523809523809523
bbob-noisy,es,native,nan,102,40,1,6,15,7,0.02666666666666667,1.0,0.0,0.02857142857142857
bbob-noisy,es,native,nan,102,40,1,7,15,7,0.035555555555555556,0.8571428571428571,0.1428571428571429,0.047619047619047616
bbob-noisy,es,native,nan,102,40,1,8,15,7,0.05333333333333334,0.8571428571428571,0.1428571428571429,0.05714285714285714
bbob-noisy,es,native,nan,102,40,1,9,15,7,0.035555555555555556,0.8571428571428571,0.1428571428571429,0.05714285714285714
bbob-noisy,es,native,nan,102,40,1,10,15,7,0.06222222222222222,0.8571428571428571,0.1428571428571429,0.06666666666666667
bbob-noisy,es,native,nan,102,40,1,11,15,7,0.035555555555555556,0.8571428571428571,0.1428571428571429,0.0380952380952381
bbob-noisy,es,native,nan,102,40,1,12,15,7,0.06222222222222222,0.8571428571428571,0.1428571428571429,0.09523809523809523
bbob-noisy,es,native,nan,102,40,1,13,15,7,0.08,1.0,0.0,0.09523809523809523
bbob-noisy,es,native,nan,102,40,1,14,15,7,0.06222222222222222,0.8571428571428571,0.1428571428571429,0.06666666666666667
bbob-noisy,es,native,nan,102,40,1,15,15,7,0.08888888888888888,1.0,0.0,0.12380952380952381
bbob-noisy,es,native,nan,102,40,1,16,15,7,0.08,0.8571428571428571,0.1428571428571429,0.09523809523809523
bbob-noisy,es,native,nan,102,40,1,17,15,7,0.035555555555555556,1.0,0.0,0.047619047619047616
bbob-noisy,es,native,nan,102,40,1,18,15,7,0.035555555555555556,1.0,0.0,0.0380952380952381
bbob-noisy,es,native,nan,102,40,1,19,15,7,0.02666666666666667,1.0,0.0,0.0380952380952381
bbob-noisy,es,native,nan,102,40,1,20,15,7,0.02666666666666667,1.0,0.0,0.02857142857142857
bbob-noisy,es,native,nan,102,40,1,21,15,7,0.035555555555555556,1.0,0.0,0.047619047619047616
bbob-noisy,es,native,nan,102,40,1,22,15,7,0.017777777777777778,1.0,0.0,0.01904761904761905
bbob-noisy,es,native,nan,102,40,1,23,15,7,0.05333333333333334,0.8571428571428571,0.1428571428571429,0.06666666666666667
bbob-noisy,es,native,nan,102,40,1,24,15,7,0.02666666666666667,1.0,0.0,0.02857142857142857
bbob-noisy,es,native,nan,103,40,1,0,15,7,0.0,1.0,0.0,0.0
bbob-noisy,es,native,nan,103,40,1,1,15,7,0.0,1.0,0.0,0.0
bbob-noisy,es,native,nan,103,40,1,2,15,7,0.0,1.0,0.0,0.0
bbob-noisy,es,native,nan,103,40,1,3,15,7,0.0,1.0,0.0,0.0
bbob-noisy,es,native,nan,103,40,1,4,15,7,0.0,1.0,0.0,0.0
bbob-noisy,es,native,nan,103,40,1,5,15,7,0.0,1.0,0.0,0.0
bbob-noisy,es,native,nan,103,40,1,6,15,7,0.0,1.0,0.0,0.0
bbob-noisy,es,native,nan,103,40,1,7,15,7,0.0,1.0,0.0,0.0
bbob-noisy,es,native,nan,103,40,1,8,15,7,0.0,1.0,0.0,0.0
bbob-noisy,es,native,nan,103,40,1,9,15,7,0.0,1.0,0.0,0.0
bbob-noisy,es,native,nan,103,40,1,10,15,7,0.0,1.0,0.0,0.0
bbob-noisy,es,native,nan,103,40,1,11,15,7,0.0,1.0,0.0,0.0
bbob-noisy,es,native,nan,103,40,1,12,15,7,0.0,1.0,0.0,0.0
bbob-noisy,es,native,nan,103,40,1,13,15,7,0.0,1.0,0.0,0.0
bbob-noisy,es,native,nan,103,40,1,14,15,7,0.0,1.0,0.0,0.0
bbob-noisy,es,native,nan,103,40,1,15,15,7,0.0,1.0,0.0,0.0
bbob-noisy,es,native,nan,103,40,1,16,15,7,0.0,1.0,0.0,0.0
bbob-noisy,es,native,nan,103,40,1,17,15,7,0.0,1.0,0.0,0.0
bbob-noisy,es,native,nan,103,40,1,18,15,7,0.0,1.0,0.0,0.0
bbob-noisy,es,native,nan,103,40,1,19,15,7,0.0,1.0,0.0,0.0
bbob-noisy,es,native,nan,103,40,1,20,15,7,0.0,1.0,0.0,0.0
bbob-noisy,es,native,nan,103,40,1,21,15,7,0.0,1.0,0.0,0.0
bbob-noisy,es,native,nan,103,40,1,22,15,7,0.0,1.0,0.0,0.0
bbob-noisy,es,native,nan,103,40,1,23,15,7,0.0,1.0,0.0,0.0
bbob-noisy,es,native,nan,103,40,1,24,15,7,0.0,1.0,0.0,0.0
bbob-noisy,es,native,nan,104,40,1,0,15,7,0.0,1.0,0.0,0.0
bbob-noisy,es,native,nan,104,40,1,1,15,7,0.0,1.0,0.0,0.0
bbob-noisy,es,native,nan,104,40,1,2,15,7,0.008888888888888889,1.0,0.0,0.009523809523809525
bbob-noisy,es,native,nan,104,40,1,3,15,7,0.008888888888888889,0.8571428571428571,0.1428571428571429,0.009523809523809525
bbob-noisy,es,native,nan,104,40,1,4,15,7,0.02666666666666667,1.0,0.0,0.02857142857142857
bbob-noisy,es,native,nan,104,40,1,5,15,7,0.008888888888888889,1.0,0.0,0.009523809523809525
bbob-noisy,es,native,nan,104,40,1,6,15,7,0.017777777777777778,1.0,0.0,0.01904761904761905
bbob-noisy,es,native,nan,104,40,1,7,15,7,0.008888888888888889,1.0,0.0,0.009523809523809525
bbob-noisy,es,native,nan,104,40,1,8,15,7,0.008888888888888889,1.0,0.0,0.009523809523809525
bbob-noisy,es,native,nan,104,40,1,9,15,7,0.008888888888888889,1.0,0.0,0.009523809523809525
bbob-noisy,es,native,nan,104,40,1,10,15,7,0.008888888888888889,1.0,0.0,0.009523809523809525
bbob-noisy,es,native,nan,104,40,1,11,15,7,0.0,1.0,0.0,0.0
bbob-noisy,es,native,nan,104,40,1,12,15,7,0.017777777777777778,1.0,0.0,0.01904761904761905
bbob-noisy,es,native,nan,104,40,1,13,15,7,0.008888888888888889,1.0,0.0,0.009523809523809525
bbob-noisy,es,native,nan,104,40,1,14,15,7,0.008888888888888889,1.0,0.0,0.009523809523809525
bbob-noisy,es,native,nan,104,40,1,15,15,7,0.008888888888888889,1.0,0.0,0.009523809523809525
bbob-noisy,es,native,nan,104,40,1,16,15,7,0.017777777777777778,1.0,0.0,0.01904761904761905
bbob-noisy,es,native,nan,104,40,1,17,15,7,0.008888888888888889,1.0,0.0,0.009523809523809525
bbob-noisy,es,native,nan,104,40,1,18,15,7,0.008888888888888889,1.0,0.0,0.009523809523809525
bbob-noisy,es,native,nan,104,40,1,19,15,7,0.008888888888888889,1.0,0.0,0.009523809523809525
bbob-noisy,es,native,nan,104,40,1,20,15,7,0.008888888888888889,1.0,0.0,0.009523809523809525
bbob-noisy,es,native,nan,104,40,1,21,15,7,0.0,1.0,0.0,0.0
bbob-noisy,es,native,nan,104,40,1,22,15,7,0.0,1.0,0.0,0.0
bbob-noisy,es,native,nan,104,40,1,23,15,7,0.0,1.0,0.0,0.0
bbob-noisy,es,native,nan,104,40,1,24,15,7,0.017777777777777778,1.0,0.0,0.01904761904761905
bbob-noisy,es,native,nan,105,40,1,0,15,7,0.0,1.0,0.0,0.0
bbob-noisy,es,native,nan,105,40,1,1,15,7,0.008888888888888889,1.0,0.0,0.009523809523809525
bbob-noisy,es,native,nan,105,40,1,2,15,7,0.04444444444444444,1.0,0.0,0.047619047619047616
bbob-noisy,es,native,nan,105,40,1,3,15,7,0.017777777777777778,1.0,0.0,0.01904761904761905
bbob-noisy,es,native,nan,105,40,1,4,15,7,0.008888888888888889,1.0,0.0,0.009523809523809525
bbob-noisy,es,native,nan,105,40,1,5,15,7,0.0,1.0,0.0,0.0
bbob-noisy,es,native,nan,105,40,1,6,15,7,0.008888888888888889,1.0,0.0,0.009523809523809525
bbob-noisy,es,native,nan,105,40,1,7,15,7,0.008888888888888889,1.0,0.0,0.009523809523809525
bbob-noisy,es,native,nan,105,40,1,8,15,7,0.0,1.0,0.0,0.0
bbob-noisy,es,native,nan,105,40,1,9,15,7,0.0,1.0,0.0,0.0
bbob-noisy,es,native,nan,105,40,1,10,15,7,0.017777777777777778,1.0,0.0,0.01904761904761905
bbob-noisy,es,native,nan,105,40,1,11,15,7,0.0,1.0,0.0,0.0
bbob-noisy,es,native,nan,105,40,1,12,15,7,0.017777777777777778,1.0,0.0,0.01904761904761905
bbob-noisy,es,native,nan,105,40,1,13,15,7,0.017777777777777778,1.0,0.0,0.01904761904761905
bbob-noisy,es,native,nan,105,40,1,14,15,7,0.035555555555555556,1.0,0.0,0.0380952380952381
bbob-noisy,es,native,nan,105,40,1,15,15,7,0.017777777777777778,0.8571428571428571,0.1428571428571429,0.01904761904761905
bbob-noisy,es,native,nan,105,40,1,16,15,7,0.008888888888888889,1.0,0.0,0.009523809523809525
bbob-noisy,es,native,nan,105,40,1,17,15,7,0.02666666666666667,1.0,0.0,0.02857142857142857
bbob-noisy,es,native,nan,105,40,1,18,15,7,0.008888888888888889,1.0,0.0,0.009523809523809525
bbob-noisy,es,native,nan,105,40,1,19,15,7,0.008888888888888889,1.0,0.0,0.009523809523809525
bbob-noisy,es,native,nan,105,40,1,20,15,7,0.008888888888888889,0.8571428571428571,0.1428571428571429,0.009523809523809525
bbob-noisy,es,native,nan,105,40,1,21,15,7,0.0,1.0,0.0,0.0
bbob-noisy,es,native,nan,105,40,1,22,15,7,0.017777777777777778,1.0,0.0,0.01904761904761905
bbob-noisy,es,native,nan,105,40,1,23,15,7,0.017777777777777778,1.0,0.0,0.01904761904761905
bbob-noisy,es,native,nan,105,40,1,24,15,7,0.02666666666666667,0.8571428571428571,0.1428571428571429,0.0380952380952381
bbob-noisy,es,native,nan,106,40,1,0,15,7,0.0,1.0,0.0,0.0
bbob-noisy,es,native,nan,106,40,1,1,15,7,0.0,1.0,0.0,0.0
bbob-noisy,es,native,nan,106,40,1,2,15,7,0.0,1.0,0.0,0.0
bbob-noisy,es,native,nan,106,40,1,3,15,7,0.0,1.0,0.0,0.0
bbob-noisy,es,native,nan,106,40,1,4,15,7,0.0,1.0,0.0,0.0
bbob-noisy,es,native,nan,106,40,1,5,15,7,0.0,1.0,0.0,0.0
bbob-noisy,es,native,nan,106,40,1,6,15,7,0.0,1.0,0.0,0.0
bbob-noisy,es,native,nan,106,40,1,7,15,7,0.0,1.0,0.0,0.0
bbob-noisy,es,native,nan,106,40,1,8,15,7,0.0,1.0,0.0,0.0
bbob-noisy,es,native,nan,106,40,1,9,15,7,0.0,1.0,0.0,0.0
bbob-noisy,es,native,nan,106,40,1,10,15,7,0.0,1.0,0.0,0.0
bbob-noisy,es,native,nan,106,40,1,11,15,7,0.0,1.0,0.0,0.0
bbob-noisy,es,native,nan,106,40,1,12,15,7,0.0,1.0,0.0,0.0
bbob-noisy,es,native,nan,106,40,1,13,15,7,0.0,1.0,0.0,0.0
bbob-noisy,es,native,nan,106,40,1,14,15,7,0.0,1.0,0.0,0.0
bbob-noisy,es,native,nan,106,40,1,15,15,7,0.0,1.0,0.0,0.0
bbob-noisy,es,native,nan,106,40,1,16,15,7,0.0,1.0,0.0,0.0
bbob-noisy,es,native,nan,106,40,1,17,15,7,0.0,1.0,0.0,0.0
bbob-noisy,es,native,nan,106,40,1,18,15,7,0.0,1.0,0.0,0.0
bbob-noisy,es,native,nan,106,40,1,19,15,7,0.0,1.0,0.0,0.0
bbob-noisy,es,native,nan,106,40,1,20,15,7,0.0,1.0,0.0,0.0
bbob-noisy,es,native,nan,106,40,1,21,15,7,0.0,1.0,0.0,0.0
bbob-noisy,es,native,nan,106,40,1,22,15,7,0.0,1.0,0.0,0.0
bbob-noisy,es,native,nan,106,40,1,23,15,7,0.0,1.0,0.0,0.0
bbob-noisy,es,native,nan,106,40,1,24,15,7,0.0,1.0,0.0,0.0
bbob-noisy,es,native,nan,107,40,1,0,15,7,0.3377777777777778,0.42857142857142855,0.5714285714285714,0.47619047619047616
bbob-noisy,es,native,nan,107,40,1,1,15,7,0.3022222222222222,0.42857142857142855,0.5714285714285714,0.4
bbob-noisy,es,native,nan,107,40,1,2,15,7,0.3555555555555555,0.42857142857142855,0.5714285714285714,0.6
bbob-noisy,es,native,nan,107,40,1,3,15,7,0.3111111111111111,0.42857142857142855,0.5714285714285714,0.49523809523809526
bbob-noisy,es,native,nan,107,40,1,4,15,7,0.3288888888888889,0.42857142857142855,0.5714285714285714,0.5142857142857142
bbob-noisy,es,native,nan,107,40,1,5,15,7,0.29333333333333333,0.5714285714285714,0.4285714285714286,0.4380952380952381
bbob-noisy,es,native,nan,107,40,1,6,15,7,0.3911111111111111,0.2857142857142857,0.7142857142857143,0.6285714285714286
bbob-noisy,es,native,nan,107,40,1,7,15,7,0.3111111111111111,0.5714285714285714,0.4285714285714286,0.5333333333333333
bbob-noisy,es,native,nan,107,40,1,8,15,7,0.29333333333333333,0.5714285714285714,0.4285714285714286,0.44761904761904764
bbob-noisy,es,native,nan,107,40,1,9,15,7,0.2577777777777778,0.5714285714285714,0.4285714285714286,0.4380952380952381
bbob-noisy,es,native,nan,107,40,1,10,15,7,0.2577777777777778,0.5714285714285714,0.4285714285714286,0.4380952380952381
bbob-noisy,es,native,nan,107,40,1,11,15,7,0.36444444444444446,0.42857142857142855,0.5714285714285714,0.5714285714285714
bbob-noisy,es,native,nan,107,40,1,12,15,7,0.38222222222222224,0.42857142857142855,0.5714285714285714,0.5714285714285714
bbob-noisy,es,native,nan,107,40,1,13,15,7,0.23111111111111113,0.7142857142857143,0.2857142857142857,0.37142857142857144
bbob-noisy,es,native,nan,107,40,1,14,15,7,0.3466666666666667,0.42857142857142855,0.5714285714285714,0.5047619047619047
bbob-noisy,es,native,nan,107,40,1,15,15,7,0.32,0.5714285714285714,0.4285714285714286,0.5142857142857142
bbob-noisy,es,native,nan,107,40,1,16,15,7,0.3288888888888889,0.42857142857142855,0.5714285714285714,0.45714285714285713
bbob-noisy,es,native,nan,107,40,1,17,15,7,0.3288888888888889,0.42857142857142855,0.5714285714285714,0.49523809523809526
bbob-noisy,es,native,nan,107,40,1,18,15,7,0.2577777777777778,0.7142857142857143,0.2857142857142857,0.3619047619047619
bbob-noisy,es,native,nan,107,40,1,19,15,7,0.3288888888888889,0.42857142857142855,0.5714285714285714,0.44761904761904764
bbob-noisy,es,native,nan,107,40,1,20,15,7,0.23111111111111113,0.8571428571428571,0.1428571428571429,0.3523809523809524
bbob-noisy,es,native,nan,107,40,1,21,15,7,0.43555555555555553,0.2857142857142857,0.7142857142857143,0.638095238095238
bbob-noisy,es,native,nan,107,40,1,22,15,7,0.4,0.2857142857142857,0.7142857142857143,0.6
bbob-noisy,es,native,nan,107,40,1,23,15,7,0.32,0.5714285714285714,0.4285714285714286,0.49523809523809526
bbob-noisy,es,native,nan,107,40,1,24,15,7,0.28444444444444444,0.42857142857142855,0.5714285714285714,0.38095238095238093
bbob-noisy,es,native,nan,108,40,1,0,15,7,0.3466666666666667,0.42857142857142855,0.5714285714285714,0.5523809523809524
bbob-noisy,es,native,nan,108,40,1,1,15,7,0.3733333333333333,0.42857142857142855,0.5714285714285714,0.6190476190476191
bbob-noisy,es,native,nan,108,40,1,2,15,7,0.3022222222222222,0.5714285714285714,0.4285714285714286,0.44761904761904764
bbob-noisy,es,native,nan,108,40,1,3,15,7,0.3111111111111111,0.5714285714285714,0.4285714285714286,0.4
bbob-noisy,es,native,nan,108,40,1,4,15,7,0.3022222222222222,0.42857142857142855,0.5714285714285714,0.5047619047619047
bbob-noisy,es,native,nan,108,40,1,5,15,7,0.3377777777777778,0.2857142857142857,0.7142857142857143,0.44761904761904764
bbob-noisy,es,native,nan,108,40,1,6,15,7,0.3022222222222222,0.5714285714285714,0.4285714285714286,0.45714285714285713
bbob-noisy,es,native,nan,108,40,1,7,15,7,0.24888888888888888,0.7142857142857143,0.2857142857142857,0.4
bbob-noisy,es,native,nan,108,40,1,8,15,7,0.24000000000000002,0.42857142857142855,0.5714285714285714,0.3238095238095238
bbob-noisy,es,native,nan,108,40,1,9,15,7,0.3111111111111111,0.7142857142857143,0.2857142857142857,0.4666666666666667
bbob-noisy,es,native,nan,108,40,1,10,15,7,0.29333333333333333,0.5714285714285714,0.4285714285714286,0.4095238095238095
bbob-noisy,es,native,nan,108,40,1,11,15,7,0.3288888888888889,0.42857142857142855,0.5714285714285714,0.44761904761904764
bbob-noisy,es,native,nan,108,40,1,12,15,7,0.38222222222222224,0.2857142857142857,0.7142857142857143,0.5619047619047619
bbob-noisy,es,native,nan,108,40,1,13,15,7,0.43555555555555553,0.2857142857142857,0.7142857142857143,0.7047619047619048
bbob-noisy,es,native,nan,108,40,1,14,15,7,0.36444444444444446,0.42857142857142855,0.5714285714285714,0.580952380952381
bbob-noisy,es,native,nan,108,40,1,15,15,7,0.3911111111111111,0.42857142857142855,0.5714285714285714,0.5904761904761905
bbob-noisy,es,native,nan,108,40,1,16,15,7,0.2577777777777778,0.42857142857142855,0.5714285714285714,0.42857142857142855
bbob-noisy,es,native,nan,108,40,1,17,15,7,0.48000000000000004,0.14285714285714285,0.8571428571428572,0.7523809523809524
bbob-noisy,es,native,nan,108,40,1,18,15,7,0.36444444444444446,0.2857142857142857,0.7142857142857143,0.5619047619047619
bbob-noisy,es,native,nan,108,40,1,19,15,7,0.1688888888888889,0.7142857142857143,0.2857142857142857,0.26666666666666666
bbob-noisy,es,native,nan,108,40,1,20,15,7,0.3111111111111111,0.42857142857142855,0.5714285714285714,0.45714285714285713
bbob-noisy,es,native,nan,108,40,1,21,15,7,0.3911111111111111,0.2857142857142857,0.7142857142857143,0.6
bbob-noisy,es,native,nan,108,40,1,22,15,7,0.2755555555555556,0.5714285714285714,0.4285714285714286,0.3904761904761905
bbob-noisy,es,native,nan,108,40,1,23,15,7,0.29333333333333333,0.42857142857142855,0.5714285714285714,0.4666666666666667
bbob-noisy,es,native,nan,108,40,1,24,15,7,0.29333333333333333,0.5714285714285714,0.4285714285714286,0.45714285714285713
bbob-noisy,es,native,nan,109,40,1,0,15,7,0.0,1.0,0.0,0.0
bbob-noisy,es,native,nan,109,40,1,1,15,7,0.008888888888888889,1.0,0.0,0.009523809523809525
bbob-noisy,es,native,nan,109,40,1,2,15,7,0.0,1.0,0.0,0.0
bbob-noisy,es,native,nan,109,40,1,3,15,7,0.008888888888888889,1.0,0.0,0.009523809523809525
bbob-noisy,es,native,nan,109,40,1,4,15,7,0.08,0.8571428571428571,0.1428571428571429,0.09523809523809523
bbob-noisy,es,native,nan,109,40,1,5,15,7,0.017777777777777778,1.0,0.0,0.01904761904761905
bbob-noisy,es,native,nan,109,40,1,6,15,7,0.035555555555555556,0.7142857142857143,0.2857142857142857,0.0380952380952381
bbob-noisy,es,native,nan,109,40,1,7,15,7,0.0,1.0,0.0,0.0
bbob-noisy,es,native,nan,109,40,1,8,15,7,0.02666666666666667,1.0,0.0,0.02857142857142857
bbob-noisy,es,native,nan,109,40,1,9,15,7,0.035555555555555556,1.0,0.0,0.047619047619047616
bbob-noisy,es,native,nan,109,40,1,10,15,7,0.0,1.0,0.0,0.0
bbob-noisy,es,native,nan,109,40,1,11,15,7,0.035555555555555556,0.8571428571428571,0.1428571428571429,0.0380952380952381
bbob-noisy,es,native,nan,109,40,1,12,15,7,0.10666666666666667,1.0,0.0,0.12380952380952381
bbob-noisy,es,native,nan,109,40,1,13,15,7,0.008888888888888889,1.0,0.0,0.009523809523809525
bbob-noisy,es,native,nan,109,40,1,14,15,7,0.0,1.0,0.0,0.0
bbob-noisy,es,native,nan,109,40,1,15,15,7,0.008888888888888889,1.0,0.0,0.009523809523809525
bbob-noisy,es,native,nan,109,40,1,16,15,7,0.02666666666666667,1.0,0.0,0.02857142857142857
bbob-noisy,es,native,nan,109,40,1,17,15,7,0.0,1.0,0.0,0.0
bbob-noisy,es,native,nan,109,40,1,18,15,7,0.02666666666666667,0.8571428571428571,0.1428571428571429,0.02857142857142857
bbob-noisy,es,native,nan,109,40,1,19,15,7,0.08888888888888888,0.8571428571428571,0.1428571428571429,0.09523809523809523
bbob-noisy,es,native,nan,109,40,1,20,15,7,0.035555555555555556,1.0,0.0,0.0380952380952381
bbob-noisy,es,native,nan,109,40,1,21,15,7,0.017777777777777778,1.0,0.0,0.01904761904761905
bbob-noisy,es,native,nan,109,40,1,22,15,7,0.0,1.0,0.0,0.0
bbob-noisy,es,native,nan,109,40,1,23,15,7,0.035555555555555556,1.0,0.0,0.0380952380952381
bbob-noisy,es,native,nan,109,40,1,24,15,7,0.05333333333333334,0.8571428571428571,0.1428571428571429,0.05714285714285714
bbob-noisy,es,native,nan,110,40,1,0,15,7,0.2577777777777778,0.7142857142857143,0.2857142857142857,0.3619047619047619
bbob-noisy,es,native,nan,110,40,1,1,15,7,0.2755555555555556,0.5714285714285714,0.4285714285714286,0.42857142857142855
bbob-noisy,es,native,nan,110,40,1,2,15,7,0.24888888888888888,0.7142857142857143,0.2857142857142857,0.37142857142857144
bbob-noisy,es,native,nan,110,40,1,3,15,7,0.26666666666666666,0.5714285714285714,0.4285714285714286,0.38095238095238093
bbob-noisy,es,native,nan,110,40,1,4,15,7,0.3466666666666667,0.5714285714285714,0.4285714285714286,0.5714285714285714
bbob-noisy,es,native,nan,110,40,1,5,15,7,0.3111111111111111,0.2857142857142857,0.7142857142857143,0.45714285714285713
bbob-noisy,es,native,nan,110,40,1,6,15,7,0.3288888888888889,0.5714285714285714,0.4285714285714286,0.47619047619047616
bbob-noisy,es,native,nan,110,40,1,7,15,7,0.28444444444444444,0.5714285714285714,0.4285714285714286,0.4666666666666667
bbob-noisy,es,native,nan,110,40,1,8,15,7,0.41777777777777775,0.2857142857142857,0.7142857142857143,0.6571428571428571
bbob-noisy,es,native,nan,110,40,1,9,15,7,0.3466666666666667,0.42857142857142855,0.5714285714285714,0.5333333333333333
bbob-noisy,es,native,nan,110,40,1,10,15,7,0.3288888888888889,0.42857142857142855,0.5714285714285714,0.5142857142857142
bbob-noisy,es,native,nan,110,40,1,11,15,7,0.3288888888888889,0.42857142857142855,0.5714285714285714,0.49523809523809526
bbob-noisy,es,native,nan,110,40,1,12,15,7,0.3288888888888889,0.5714285714285714,0.4285714285714286,0.45714285714285713
bbob-noisy,es,native,nan,110,40,1,13,15,7,0.24000000000000002,0.7142857142857143,0.2857142857142857,0.3523809523809524
bbob-noisy,es,native,nan,110,40,1,14,15,7,0.3111111111111111,0.7142857142857143,0.2857142857142857,0.3904761904761905
bbob-noisy,es,native,nan,110,40,1,15,15,7,0.3555555555555555,0.42857142857142855,0.5714285714285714,0.5238095238095238
bbob-noisy,es,native,nan,110,40,1,16,15,7,0.3022222222222222,0.5714285714285714,0.4285714285714286,0.44761904761904764
bbob-noisy,es,native,nan,110,40,1,17,15,7,0.20444444444444446,0.5714285714285714,0.4285714285714286,0.3238095238095238
bbob-noisy,es,native,nan,110,40,1,18,15,7,0.29333333333333333,0.7142857142857143,0.2857142857142857,0.44761904761904764
bbob-noisy,es,native,nan,110,40,1,19,15,7,0.3288888888888889,0.42857142857142855,0.5714285714285714,0.4857142857142857
bbob-noisy,es,native,nan,110,40,1,20,15,7,0.29333333333333333,0.5714285714285714,0.4285714285714286,0.4857142857142857
bbob-noisy,es,native,nan,110,40,1,21,15,7,0.4088888888888889,0.2857142857142857,0.7142857142857143,0.6190476190476191
bbob-noisy,es,native,nan,110,40,1,22,15,7,0.3466666666666667,0.42857142857142855,0.5714285714285714,0.49523809523809526
bbob-noisy,es,native,nan,110,40,1,23,15,7,0.38222222222222224,0.42857142857142855,0.5714285714285714,0.6761904761904762
bbob-noisy,es,native,nan,110,40,1,24,15,7,0.38222222222222224,0.2857142857142857,0.7142857142857143,0.5238095238095238
bbob-noisy,es,native,nan,111,40,1,0,15,7,0.2755555555555556,0.42857142857142855,0.5714285714285714,0.3904761904761905
bbob-noisy,es,native,nan,111,40,1,1,15,7,0.3911111111111111,0.2857142857142857,0.7142857142857143,0.5333333333333333
bbob-noisy,es,native,nan,111,40,1,2,15,7,0.38222222222222224,0.2857142857142857,0.7142857142857143,0.5523809523809524
bbob-noisy,es,native,nan,111,40,1,3,15,7,0.3733333333333333,0.42857142857142855,0.5714285714285714,0.5714285714285714
bbob-noisy,es,native,nan,111,40,1,4,15,7,0.3911111111111111,0.42857142857142855,0.5714285714285714,0.5428571428571428
bbob-noisy,es,native,nan,111,40,1,5,15,7,0.32,0.42857142857142855,0.5714285714285714,0.47619047619047616
bbob-noisy,es,native,nan,111,40,1,6,15,7,0.28444444444444444,0.5714285714285714,0.4285714285714286,0.41904761904761906
bbob-noisy,es,native,nan,111,40,1,7,15,7,0.3466666666666667,0.42857142857142855,0.5714285714285714,0.5333333333333333
bbob-noisy,es,native,nan,111,40,1,8,15,7,0.4088888888888889,0.2857142857142857,0.7142857142857143,0.5714285714285714
bbob-noisy,es,native,nan,111,40,1,9,15,7,0.22222222222222224,0.7142857142857143,0.2857142857142857,0.3238095238095238
bbob-noisy,es,native,nan,111,40,1,10,15,7,0.32,0.5714285714285714,0.4285714285714286,0.5428571428571428
bbob-noisy,es,native,nan,111,40,1,11,15,7,0.24888888888888888,0.5714285714285714,0.4285714285714286,0.41904761904761906
bbob-noisy,es,native,nan,111,40,1,12,15,7,0.3022222222222222,0.5714285714285714,0.4285714285714286,0.47619047619047616
bbob-noisy,es,native,nan,111,40,1,13,15,7,0.3466666666666667,0.42857142857142855,0.5714285714285714,0.5238095238095238
bbob-noisy,es,native,nan,111,40,1,14,15,7,0.24888888888888888,0.7142857142857143,0.2857142857142857,0.37142857142857144
bbob-noisy,es,native,nan,111,40,1,15,15,7,0.3555555555555555,0.5714285714285714,0.4285714285714286,0.5333333333333333
bbob-noisy,es,native,nan,111,40,1,16,15,7,0.2577777777777778,0.7142857142857143,0.2857142857142857,0.42857142857142855
bbob-noisy,es,native,nan,111,40,1,17,15,7,0.3377777777777778,0.42857142857142855,0.5714285714285714,0.4857142857142857
bbob-noisy,es,native,nan,111,40,1,18,15,7,0.3377777777777778,0.5714285714285714,0.4285714285714286,0.42857142857142855
bbob-noisy,es,native,nan,111,40,1,19,15,7,0.2755555555555556,0.5714285714285714,0.4285714285714286,0.44761904761904764
bbob-noisy,es,native,nan,111,40,1,20,15,7,0.3288888888888889,0.42857142857142855,0.5714285714285714,0.49523809523809526
bbob-noisy,es,native,nan,111,40,1,21,15,7,0.38222222222222224,0.42857142857142855,0.5714285714285714,0.6
bbob-noisy,es,native,nan,111,40,1,22,15,7,0.36444444444444446,0.5714285714285714,0.4285714285714286,0.6
bbob-noisy,es,native,nan,111,40,1,23,15,7,0.4266666666666667,0.2857142857142857,0.7142857142857143,0.6666666666666666
bbob-noisy,es,native,nan,111,40,1,24,15,7,0.16,0.7142857142857143,0.2857142857142857,0.2571428571428571
bbob-noisy,es,native,nan,112,40,1,0,15,7,0.0,1.0,0.0,0.0
bbob-noisy,es,native,nan,112,40,1,1,15,7,0.0,1.0,0.0,0.0
bbob-noisy,es,native,nan,112,40,1,2,15,7,0.0,1.0,0.0,0.0
bbob-noisy,es,native,nan,112,40,1,3,15,7,0.0,1.0,0.0,0.0
bbob-noisy,es,native,nan,112,40,1,4,15,7,0.0,1.0,0.0,0.0
bbob-noisy,es,native,nan,112,40,1,5,15,7,0.0,1.0,0.0,0.0
bbob-noisy,es,native,nan,112,40,1,6,15,7,0.0,1.0,0.0,0.0
bbob-noisy,es,native,nan,112,40,1,7,15,7,0.0,1.0,0.0,0.0
bbob-noisy,es,native,nan,112,40,1,8,15,7,0.0,1.0,0.0,0.0
bbob-noisy,es,native,nan,112,40,1,9,15,7,0.0,1.0,0.0,0.0
bbob-noisy,es,native,nan,112,40,1,10,15,7,0.0,1.0,0.0,0.0
bbob-noisy,es,native,nan,112,40,1,11,15,7,0.0,1.0,0.0,0.0
bbob-noisy,es,native,nan,112,40,1,12,15,7,0.0,1.0,0.0,0.0
bbob-noisy,es,native,nan,112,40,1,13,15,7,0.0,1.0,0.0,0.0
bbob-noisy,es,native,nan,112,40,1,14,15,7,0.0,1.0,0.0,0.0
bbob-noisy,es,native,nan,112,40,1,15,15,7,0.0,1.0,0.0,0.0
bbob-noisy,es,native,nan,112,40,1,16,15,7,0.0,1.0,0.0,0.0
bbob-noisy,es,native,nan,112,40,1,17,15,7,0.0,1.0,0.0,0.0
bbob-noisy,es,native,nan,112,40,1,18,15,7,0.0,1.0,0.0,0.0
bbob-noisy,es,native,nan,112,40,1,19,15,7,0.0,1.0,0.0,0.0
bbob-noisy,es,native,nan,112,40,1,20,15,7,0.0,1.0,0.0,0.0
bbob-noisy,es,native,nan,112,40,1,21,15,7,0.0,1.0,0.0,0.0
bbob-noisy,es,native,nan,112,40,1,22,15,7,0.0,1.0,0.0,0.0
bbob-noisy,es,native,nan,112,40,1,23,15,7,0.0,1.0,0.0,0.0
bbob-noisy,es,native,nan,112,40,1,24,15,7,0.0,1.0,0.0,0.0
bbob-noisy,es,native,nan,113,40,1,0,15,7,0.4,0.42857142857142855,0.5714285714285714,0.6
bbob-noisy,es,native,nan,113,40,1,1,15,7,0.3377777777777778,0.42857142857142855,0.5714285714285714,0.49523809523809526
bbob-noisy,es,native,nan,113,40,1,2,15,7,0.32,0.5714285714285714,0.4285714285714286,0.45714285714285713
bbob-noisy,es,native,nan,113,40,1,3,15,7,0.3111111111111111,0.5714285714285714,0.4285714285714286,0.4380952380952381
bbob-noisy,es,native,nan,113,40,1,4,15,7,0.28444444444444444,0.5714285714285714,0.4285714285714286,0.42857142857142855
bbob-noisy,es,native,nan,113,40,1,5,15,7,0.3288888888888889,0.5714285714285714,0.4285714285714286,0.5047619047619047
bbob-noisy,es,native,nan,113,40,1,6,15,7,0.32,0.42857142857142855,0.5714285714285714,0.47619047619047616
bbob-noisy,es,native,nan,113,40,1,7,15,7,0.3377777777777778,0.5714285714285714,0.4285714285714286,0.5714285714285714
bbob-noisy,es,native,nan,113,40,1,8,15,7,0.38222222222222224,0.2857142857142857,0.7142857142857143,0.5619047619047619
bbob-noisy,es,native,nan,113,40,1,9,15,7,0.3911111111111111,0.2857142857142857,0.7142857142857143,0.580952380952381
bbob-noisy,es,native,nan,113,40,1,10,15,7,0.3555555555555555,0.5714285714285714,0.4285714285714286,0.5142857142857142
bbob-noisy,es,native,nan,113,40,1,11,15,7,0.28444444444444444,0.7142857142857143,0.2857142857142857,0.4
bbob-noisy,es,native,nan,113,40,1,12,15,7,0.38222222222222224,0.42857142857142855,0.5714285714285714,0.6666666666666666
bbob-noisy,es,native,nan,113,40,1,13,15,7,0.3555555555555555,0.2857142857142857,0.7142857142857143,0.5142857142857142
bbob-noisy,es,native,nan,113,40,1,14,15,7,0.32,0.42857142857142855,0.5714285714285714,0.5047619047619047
bbob-noisy,es,native,nan,113,40,1,15,15,7,0.36444444444444446,0.42857142857142855,0.5714285714285714,0.5333333333333333
bbob-noisy,es,native,nan,113,40,1,16,15,7,0.4266666666666667,0.2857142857142857,0.7142857142857143,0.6
bbob-noisy,es,native,nan,113,40,1,17,15,7,0.2755555555555556,0.7142857142857143,0.2857142857142857,0.4
bbob-noisy,es,native,nan,113,40,1,18,15,7,0.3111111111111111,0.5714285714285714,0.4285714285714286,0.44761904761904764
bbob-noisy,es,native,nan,113,40,1,19,15,7,0.24888888888888888,0.5714285714285714,0.4285714285714286,0.37142857142857144
bbob-noisy,es,native,nan,113,40,1,20,15,7,0.3466666666666667,0.2857142857142857,0.7142857142857143,0.49523809523809526
bbob-noisy,es,native,nan,113,40,1,21,15,7,0.3555555555555555,0.42857142857142855,0.5714285714285714,0.580952380952381
bbob-noisy,es,native,nan,113,40,1,22,15,7,0.3288888888888889,0.42857142857142855,0.5714285714285714,0.49523809523809526
bbob-noisy,es,native,nan,113,40,1,23,15,7,0.28444444444444444,0.5714285714285714,0.4285714285714286,0.41904761904761906
bbob-noisy,es,native,nan,113,40,1,24,15,7,0.3288888888888889,0.5714285714285714,0.4285714285714286,0.49523809523809526
bbob-noisy,es,native,nan,114,40,1,0,15,7,0.22222222222222224,0.7142857142857143,0.2857142857142857,0.3238095238095238
bbob-noisy,es,native,nan,114,40,1,1,15,7,0.2577777777777778,0.5714285714285714,0.4285714285714286,0.37142857142857144
bbob-noisy,es,native,nan,114,40,1,2,15,7,0.29333333333333333,0.5714285714285714,0.4285714285714286,0.44761904761904764
bbob-noisy,es,native,nan,114,40,1,3,15,7,0.3466666666666667,0.5714285714285714,0.4285714285714286,0.5333333333333333
bbob-noisy,es,native,nan,114,40,1,4,15,7,0.3466666666666667,0.42857142857142855,0.5714285714285714,0.5619047619047619
bbob-noisy,es,native,nan,114,40,1,5,15,7,0.32,0.42857142857142855,0.5714285714285714,0.4666666666666667
bbob-noisy,es,native,nan,114,40,1,6,15,7,0.3466666666666667,0.5714285714285714,0.4285714285714286,0.4666666666666667
bbob-noisy,es,native,nan,114,40,1,7,15,7,0.3377777777777778,0.42857142857142855,0.5714285714285714,0.5333333333333333
bbob-noisy,es,native,nan,114,40,1,8,15,7,0.4088888888888889,0.42857142857142855,0.5714285714285714,0.6285714285714286
bbob-noisy,es,native,nan,114,40,1,9,15,7,0.3111111111111111,0.42857142857142855,0.5714285714285714,0.42857142857142855
bbob-noisy,es,native,nan,114,40,1,10,15,7,0.3022222222222222,0.5714285714285714,0.4285714285714286,0.4666666666666667
bbob-noisy,es,native,nan,114,40,1,11,15,7,0.32,0.5714285714285714,0.4285714285714286,0.5428571428571428
bbob-noisy,es,native,nan,114,40,1,12,15,7,0.36444444444444446,0.42857142857142855,0.5714285714285714,0.5142857142857142
bbob-noisy,es,native,nan,114,40,1,13,15,7,0.38222222222222224,0.42857142857142855,0.5714285714285714,0.5714285714285714
bbob-noisy,es,native,nan,114,40,1,14,15,7,0.32,0.42857142857142855,0.5714285714285714,0.4857142857142857
bbob-noisy,es,native,nan,114,40,1,15,15,7,0.3111111111111111,0.5714285714285714,0.4285714285714286,0.4666666666666667
bbob-noisy,es,native,nan,114,40,1,16,15,7,0.32,0.5714285714285714,0.4285714285714286,0.47619047619047616
bbob-noisy,es,native,nan,114,40,1,17,15,7,0.29333333333333333,0.5714285714285714,0.4285714285714286,0.38095238095238093
bbob-noisy,es,native,nan,114,40,1,18,15,7,0.26666666666666666,0.5714285714285714,0.4285714285714286,0.4
bbob-noisy,es,native,nan,114,40,1,19,15,7,0.24000000000000002,0.5714285714285714,0.4285714285714286,0.3523809523809524
bbob-noisy,es,native,nan,114,40,1,20,15,7,0.3733333333333333,0.42857142857142855,0.5714285714285714,0.5333333333333333
bbob-noisy,es,native,nan,114,40,1,21,15,7,0.3555555555555555,0.42857142857142855,0.5714285714285714,0.5333333333333333
bbob-noisy,es,native,nan,114,40,1,22,15,7,0.32,0.5714285714285714,0.4285714285714286,0.49523809523809526
bbob-noisy,es,native,nan,114,40,1,23,15,7,0.4,0.42857142857142855,0.5714285714285714,0.5619047619047619
bbob-noisy,es,native,nan,114,40,1,24,15,7,0.3111111111111111,0.5714285714285714,0.4285714285714286,0.41904761904761906
bbob-noisy,es,native,nan,115,40,1,0,15,7,0.0,1.0,0.0,0.0
bbob-noisy,es,native,nan,115,40,1,1,15,7,0.0,1.0,0.0,0.0
bbob-noisy,es,native,nan,115,40,1,2,15,7,0.0,1.0,0.0,0.0
bbob-noisy,es,native,nan,115,40,1,3,15,7,0.0,1.0,0.0,0.0
bbob-noisy,es,native,nan,115,40,1,4,15,7,0.0,1.0,0.0,0.0
bbob-noisy,es,native,nan,115,40,1,5,15,7,0.0,1.0,0.0,0.0
bbob-noisy,es,native,nan,115,40,1,6,15,7,0.0,1.0,0.0,0.0
bbob-noisy,es,native,nan,115,40,1,7,15,7,0.0,1.0,0.0,0.0
bbob-noisy,es,native,nan,115,40,1,8,15,7,0.0,1.0,0.0,0.0
bbob-noisy,es,native,nan,115,40,1,9,15,7,0.0,1.0,0.0,0.0
bbob-noisy,es,native,nan,115,40,1,10,15,7,0.0,1.0,0.0,0.0
bbob-noisy,es,native,nan,115,40,1,11,15,7,0.0,1.0,0.0,0.0
bbob-noisy,es,native,nan,115,40,1,12,15,7,0.0,1.0,0.0,0.0
bbob-noisy,es,native,nan,115,40,1,13,15,7,0.0,1.0,0.0,0.0
bbob-noisy,es,native,nan,115,40,1,14,15,7,0.0,1.0,0.0,0.0
bbob-noisy,es,native,nan,115,40,1,15,15,7,0.0,1.0,0.0,0.0
bbob-noisy,es,native,nan,115,40,1,16,15,7,0.0,1.0,0.0,0.0
bbob-noisy,es,native,nan,115,40,1,17,15,7,0.0,1.0,0.0,0.0
bbob-noisy,es,native,nan,115,40,1,18,15,7,0.0,1.0,0.0,0.0
bbob-noisy,es,native,nan,115,40,1,19,15,7,0.0,1.0,0.0,0.0
bbob-noisy,es,native,nan,115,40,1,20,15,7,0.0,1.0,0.0,0.0
bbob-noisy,es,native,nan,115,40,1,21,15,7,0.0,1.0,0.0,0.0
bbob-noisy,es,native,nan,115,40,1,22,15,7,0.0,1.0,0.0,0.0
bbob-noisy,es,native,nan,115,40,1,23,15,7,0.008888888888888889,0.8571428571428571,0.1428571428571429,0.009523809523809525
bbob-noisy,es,native,nan,115,40,1,24,15,7,0.0,1.0,0.0,0.0
bbob-noisy,es,native,nan,116,40,1,0,15,7,0.4088888888888889,0.2857142857142857,0.7142857142857143,0.6476190476190476
bbob-noisy,es,native,nan,116,40,1,1,15,7,0.23111111111111113,0.7142857142857143,0.2857142857142857,0.3523809523809524
bbob-noisy,es,native,nan,116,40,1,2,15,7,0.3111111111111111,0.42857142857142855,0.5714285714285714,0.45714285714285713
bbob-noisy,es,native,nan,116,40,1,3,15,7,0.3111111111111111,0.5714285714285714,0.4285714285714286,0.41904761904761906
bbob-noisy,es,native,nan,116,40,1,4,15,7,0.24888888888888888,0.5714285714285714,0.4285714285714286,0.3333333333333333
bbob-noisy,es,native,nan,116,40,1,5,15,7,0.3111111111111111,0.42857142857142855,0.5714285714285714,0.4095238095238095
bbob-noisy,es,native,nan,116,40,1,6,15,7,0.4088888888888889,0.2857142857142857,0.7142857142857143,0.6095238095238096
bbob-noisy,es,native,nan,116,40,1,7,15,7,0.4533333333333333,0.14285714285714285,0.8571428571428572,0.7047619047619048
bbob-noisy,es,native,nan,116,40,1,8,15,7,0.29333333333333333,0.5714285714285714,0.4285714285714286,0.44761904761904764
bbob-noisy,es,native,nan,116,40,1,9,15,7,0.2755555555555556,0.5714285714285714,0.4285714285714286,0.41904761904761906
bbob-noisy,es,native,nan,116,40,1,10,15,7,0.24888888888888888,0.8571428571428571,0.1428571428571429,0.41904761904761906
bbob-noisy,es,native,nan,116,40,1,11,15,7,0.3111111111111111,0.5714285714285714,0.4285714285714286,0.49523809523809526
bbob-noisy,es,native,nan,116,40,1,12,15,7,0.22222222222222224,0.5714285714285714,0.4285714285714286,0.29523809523809524
bbob-noisy,es,native,nan,116,40,1,13,15,7,0.24888888888888888,0.42857142857142855,0.5714285714285714,0.3619047619047619
bbob-noisy,es,native,nan,116,40,1,14,15,7,0.2755555555555556,0.7142857142857143,0.2857142857142857,0.41904761904761906
bbob-noisy,es,native,nan,116,40,1,15,15,7,0.24000000000000002,0.5714285714285714,0.4285714285714286,0.3523809523809524
bbob-noisy,es,native,nan,116,40,1,16,15,7,0.36444444444444446,0.42857142857142855,0.5714285714285714,0.49523809523809526
bbob-noisy,es,native,nan,116,40,1,17,15,7,0.23111111111111113,0.5714285714285714,0.4285714285714286,0.3523809523809524
bbob-noisy,es,native,nan,116,40,1,18,15,7,0.3022222222222222,0.42857142857142855,0.5714285714285714,0.44761904761904764
bbob-noisy,es,native,nan,116,40,1,19,15,7,0.3022222222222222,0.2857142857142857,0.7142857142857143,0.4380952380952381
bbob-noisy,es,native,nan,116,40,1,20,15,7,0.3911111111111111,0.42857142857142855,0.5714285714285714,0.6190476190476191
bbob-noisy,es,native,nan,116,40,1,21,15,7,0.3111111111111111,0.5714285714285714,0.4285714285714286,0.47619047619047616
bbob-noisy,es,native,nan,116,40,1,22,15,7,0.43555555555555553,0.2857142857142857,0.7142857142857143,0.780952380952381
bbob-noisy,es,native,nan,116,40,1,23,15,7,0.24000000000000002,0.7142857142857143,0.2857142857142857,0.29523809523809524
bbob-noisy,es,native,nan,116,40,1,24,15,7,0.26666666666666666,0.7142857142857143,0.2857142857142857,0.42857142857142855
bbob-noisy,es,native,nan,117,40,1,0,15,7,0.3022222222222222,0.5714285714285714,0.4285714285714286,0.4857142857142857
bbob-noisy,es,native,nan,117,40,1,1,15,7,0.3377777777777778,0.42857142857142855,0.5714285714285714,0.49523809523809526
bbob-noisy,es,native,nan,117,40,1,2,15,7,0.3555555555555555,0.42857142857142855,0.5714285714285714,0.4857142857142857
bbob-noisy,es,native,nan,117,40,1,3,15,7,0.28444444444444444,0.42857142857142855,0.5714285714285714,0.42857142857142855
bbob-noisy,es,native,nan,117,40,1,4,15,7,0.3733333333333333,0.42857142857142855,0.5714285714285714,0.6190476190476191
bbob-noisy,es,native,nan,117,40,1,5,15,7,0.3377777777777778,0.42857142857142855,0.5714285714285714,0.5047619047619047
bbob-noisy,es,native,nan,117,40,1,6,15,7,0.3466666666666667,0.42857142857142855,0.5714285714285714,0.45714285714285713
bbob-noisy,es,native,nan,117,40,1,7,15,7,0.26666666666666666,0.5714285714285714,0.4285714285714286,0.37142857142857144
bbob-noisy,es,native,nan,117,40,1,8,15,7,0.3377777777777778,0.2857142857142857,0.7142857142857143,0.4857142857142857
bbob-noisy,es,native,nan,117,40,1,9,15,7,0.3377777777777778,0.42857142857142855,0.5714285714285714,0.5238095238095238
bbob-noisy,es,native,nan,117,40,1,10,15,7,0.26666666666666666,0.5714285714285714,0.4285714285714286,0.37142857142857144
bbob-noisy,es,native,nan,117,40,1,11,15,7,0.3288888888888889,0.5714285714285714,0.4285714285714286,0.5047619047619047
bbob-noisy,es,native,nan,117,40,1,12,15,7,0.28444444444444444,0.5714285714285714,0.4285714285714286,0.38095238095238093
bbob-noisy,es,native,nan,117,40,1,13,15,7,0.3022222222222222,0.42857142857142855,0.5714285714285714,0.42857142857142855
bbob-noisy,es,native,nan,117,40,1,14,15,7,0.2755555555555556,0.5714285714285714,0.4285714285714286,0.41904761904761906
bbob-noisy,es,native,nan,117,40,1,15,15,7,0.4444444444444445,0.14285714285714285,0.8571428571428572,0.6190476190476191
bbob-noisy,es,native,nan,117,40,1,16,15,7,0.3733333333333333,0.42857142857142855,0.5714285714285714,0.5523809523809524
bbob-noisy,es,native,nan,117,40,1,17,15,7,0.3022222222222222,0.5714285714285714,0.4285714285714286,0.4
bbob-noisy,es,native,nan,117,40,1,18,15,7,0.3288888888888889,0.42857142857142855,0.5714285714285714,0.5047619047619047
bbob-noisy,es,native,nan,117,40,1,19,15,7,0.3555555555555555,0.42857142857142855,0.5714285714285714,0.5428571428571428
bbob-noisy,es,native,nan,117,40,1,20,15,7,0.2755555555555556,0.42857142857142855,0.5714285714285714,0.4095238095238095
bbob-noisy,es,native,nan,117,40,1,21,15,7,0.28444444444444444,0.42857142857142855,0.5714285714285714,0.4380952380952381
bbob-noisy,es,native,nan,117,40,1,22,15,7,0.29333333333333333,0.5714285714285714,0.4285714285714286,0.4095238095238095
bbob-noisy,es,native,nan,117,40,1,23,15,7,0.4088888888888889,0.2857142857142857,0.7142857142857143,0.6666666666666666
bbob-noisy,es,native,nan,117,40,1,24,15,7,0.3733333333333333,0.42857142857142855,0.5714285714285714,0.638095238095238
bbob-noisy,es,native,nan,118,40,1,0,15,7,0.0,1.0,0.0,0.0
bbob-noisy,es,native,nan,118,40,1,1,15,7,0.0,1.0,0.0,0.0
bbob-noisy,es,native,nan,118,40,1,2,15,7,0.0,1.0,0.0,0.0
bbob-noisy,es,native,nan,118,40,1,3,15,7,0.0,1.0,0.0,0.0
bbob-noisy,es,native,nan,118,40,1,4,15,7,0.0,1.0,0.0,0.0
bbob-noisy,es,native,nan,118,40,1,5,15,7,0.0,1.0,0.0,0.0
bbob-noisy,es,native,nan,118,40,1,6,15,7,0.0,1.0,0.0,0.0
bbob-noisy,es,native,nan,118,40,1,7,15,7,0.0,1.0,0.0,0.0
bbob-noisy,es,native,nan,118,40,1,8,15,7,0.0,1.0,0.0,0.0
bbob-noisy,es,native,nan,118,40,1,9,15,7,0.0,1.0,0.0,0.0
bbob-noisy,es,native,nan,118,40,1,10,15,7,0.0,1.0,0.0,0.0
bbob-noisy,es,native,nan,118,40,1,11,15,7,0.0,1.0,0.0,0.0
bbob-noisy,es,native,nan,118,40,1,12,15,7,0.0,1.0,0.0,0.0
bbob-noisy,es,native,nan,118,40,1,13,15,7,0.0,1.0,0.0,0.0
bbob-noisy,es,native,nan,118,40,1,14,15,7,0.0,1.0,0.0,0.0
bbob-noisy,es,native,nan,118,40,1,15,15,7,0.0,1.0,0.0,0.0
bbob-noisy,es,native,nan,118,40,1,16,15,7,0.0,1.0,0.0,0.0
bbob-noisy,es,native,nan,118,40,1,17,15,7,0.0,1.0,0.0,0.0
bbob-noisy,es,native,nan,118,40,1,18,15,7,0.0,1.0,0.0,0.0
bbob-noisy,es,native,nan,118,40,1,19,15,7,0.0,1.0,0.0,0.0
bbob-noisy,es,native,nan,118,40,1,20,15,7,0.0,1.0,0.0,0.0
bbob-noisy,es,native,nan,118,40,1,21,15,7,0.0,1.0,0.0,0.0
bbob-noisy,es,native,nan,118,40,1,22,15,7,0.0,1.0,0.0,0.0
bbob-noisy,es,native,nan,118,40,1,23,15,7,0.0,1.0,0.0,0.0
bbob-noisy,es,native,nan,118,40,1,24,15,7,0.0,1.0,0.0,0.0
bbob-noisy,es,native,nan,119,40,1,0,15,7,0.24000000000000002,0.7142857142857143,0.2857142857142857,0.3523809523809524
bbob-noisy,es,native,nan,119,40,1,1,15,7,0.24888888888888888,0.7142857142857143,0.2857142857142857,0.3333333333333333
bbob-noisy,es,native,nan,119,40,1,2,15,7,0.24888888888888888,0.7142857142857143,0.2857142857142857,0.3619047619047619
bbob-noisy,es,native,nan,119,40,1,3,15,7,0.3466666666666667,0.42857142857142855,0.5714285714285714,0.4857142857142857
bbob-noisy,es,native,nan,119,40,1,4,15,7,0.24888888888888888,0.7142857142857143,0.2857142857142857,0.37142857142857144
bbob-noisy,es,native,nan,119,40,1,5,15,7,0.4,0.2857142857142857,0.7142857142857143,0.5904761904761905
bbob-noisy,es,native,nan,119,40,1,6,15,7,0.3466666666666667,0.42857142857142855,0.5714285714285714,0.5142857142857142
bbob-noisy,es,native,nan,119,40,1,7,15,7,0.3911111111111111,0.42857142857142855,0.5714285714285714,0.6285714285714286
bbob-noisy,es,native,nan,119,40,1,8,15,7,0.4,0.2857142857142857,0.7142857142857143,0.5904761904761905
bbob-noisy,es,native,nan,119,40,1,9,15,7,0.3466666666666667,0.42857142857142855,0.5714285714285714,0.49523809523809526
bbob-noisy,es,native,nan,119,40,1,10,15,7,0.29333333333333333,0.5714285714285714,0.4285714285714286,0.4095238095238095
bbob-noisy,es,native,nan,119,40,1,11,15,7,0.32,0.42857142857142855,0.5714285714285714,0.45714285714285713
bbob-noisy,es,native,nan,119,40,1,12,15,7,0.4088888888888889,0.14285714285714285,0.8571428571428572,0.5714285714285714
bbob-noisy,es,native,nan,119,40,1,13,15,7,0.3733333333333333,0.42857142857142855,0.5714285714285714,0.5428571428571428
bbob-noisy,es,native,nan,119,40,1,14,15,7,0.24888888888888888,0.5714285714285714,0.4285714285714286,0.3238095238095238
bbob-noisy,es,native,nan,119,40,1,15,15,7,0.2755555555555556,0.5714285714285714,0.4285714285714286,0.3619047619047619
bbob-noisy,es,native,nan,119,40,1,16,15,7,0.3466666666666667,0.42857142857142855,0.5714285714285714,0.5047619047619047
bbob-noisy,es,native,nan,119,40,1,17,15,7,0.3377777777777778,0.2857142857142857,0.7142857142857143,0.5333333333333333
bbob-noisy,es,native,nan,119,40,1,18,15,7,0.3466666666666667,0.42857142857142855,0.5714285714285714,0.5333333333333333
bbob-noisy,es,native,nan,119,40,1,19,15,7,0.3022222222222222,0.42857142857142855,0.5714285714285714,0.4
bbob-noisy,es,native,nan,119,40,1,20,15,7,0.46222222222222226,0.14285714285714285,0.8571428571428572,0.580952380952381
bbob-noisy,es,native,nan,119,40,1,21,15,7,0.3733333333333333,0.2857142857142857,0.7142857142857143,0.5142857142857142
bbob-noisy,es,native,nan,119,40,1,22,15,7,0.26666666666666666,0.42857142857142855,0.5714285714285714,0.37142857142857144
bbob-noisy,es,native,nan,119,40,1,23,15,7,0.29333333333333333,0.42857142857142855,0.5714285714285714,0.45714285714285713
bbob-noisy,es,native,nan,119,40,1,24,15,7,0.3733333333333333,0.42857142857142855,0.5714285714285714,0.580952380952381
bbob-noisy,es,native,nan,120,40,1,0,15,7,0.4533333333333333,0.2857142857142857,0.7142857142857143,0.6952380952380952
bbob-noisy,es,native,nan,120,40,1,1,15,7,0.2577777777777778,0.5714285714285714,0.4285714285714286,0.3619047619047619
bbob-noisy,es,native,nan,120,40,1,2,15,7,0.3111111111111111,0.42857142857142855,0.5714285714285714,0.4857142857142857
bbob-noisy,es,native,nan,120,40,1,3,15,7,0.2577777777777778,0.5714285714285714,0.4285714285714286,0.37142857142857144
bbob-noisy,es,native,nan,120,40,1,4,15,7,0.2577777777777778,0.5714285714285714,0.4285714285714286,0.3619047619047619
bbob-noisy,es,native,nan,120,40,1,5,15,7,0.3466666666666667,0.2857142857142857,0.7142857142857143,0.5428571428571428
bbob-noisy,es,native,nan,120,40,1,6,15,7,0.3911111111111111,0.2857142857142857,0.7142857142857143,0.5142857142857142
bbob-noisy,es,native,nan,120,40,1,7,15,7,0.3288888888888889,0.42857142857142855,0.5714285714285714,0.4666666666666667
bbob-noisy,es,native,nan,120,40,1,8,15,7,0.3111111111111111,0.42857142857142855,0.5714285714285714,0.45714285714285713
bbob-noisy,es,native,nan,120,40,1,9,15,7,0.26666666666666666,0.7142857142857143,0.2857142857142857,0.41904761904761906
bbob-noisy,es,native,nan,120,40,1,10,15,7,0.32,0.42857142857142855,0.5714285714285714,0.44761904761904764
bbob-noisy,es,native,nan,120,40,1,11,15,7,0.23111111111111113,0.5714285714285714,0.4285714285714286,0.37142857142857144
bbob-noisy,es,native,nan,120,40,1,12,15,7,0.4,0.42857142857142855,0.5714285714285714,0.5428571428571428
bbob-noisy,es,native,nan,120,40,1,13,15,7,0.3377777777777778,0.5714285714285714,0.4285714285714286,0.5142857142857142
bbob-noisy,es,native,nan,120,40,1,14,15,7,0.3733333333333333,0.42857142857142855,0.5714285714285714,0.6476190476190476
bbob-noisy,es,native,nan,120,40,1,15,15,7,0.28444444444444444,0.5714285714285714,0.4285714285714286,0.44761904761904764
bbob-noisy,es,native,nan,120,40,1,16,15,7,0.36444444444444446,0.42857142857142855,0.5714285714285714,0.49523809523809526
bbob-noisy,es,native,nan,120,40,1,17,15,7,0.22222222222222224,0.5714285714285714,0.4285714285714286,0.3142857142857143
bbob-noisy,es,native,nan,120,40,1,18,15,7,0.24000000000000002,0.5714285714285714,0.4285714285714286,0.37142857142857144
bbob-noisy,es,native,nan,120,40,1,19,15,7,0.28444444444444444,0.7142857142857143,0.2857142857142857,0.37142857142857144
bbob-noisy,es,native,nan,120,40,1,20,15,7,0.3911111111111111,0.2857142857142857,0.7142857142857143,0.5428571428571428
bbob-noisy,es,native,nan,120,40,1,21,15,7,0.3555555555555555,0.42857142857142855,0.5714285714285714,0.5523809523809524
bbob-noisy,es,native,nan,120,40,1,22,15,7,0.4088888888888889,0.42857142857142855,0.5714285714285714,0.580952380952381
bbob-noisy,es,native,nan,120,40,1,23,15,7,0.3733333333333333,0.42857142857142855,0.5714285714285714,0.5428571428571428
bbob-noisy,es,native,nan,120,40,1,24,15,7,0.32,0.42857142857142855,0.5714285714285714,0.5619047619047619
bbob-noisy,es,native,nan,121,40,1,0,15,7,0.0,1.0,0.0,0.0
bbob-noisy,es,native,nan,121,40,1,1,15,7,0.0,1.0,0.0,0.0
bbob-noisy,es,native,nan,121,40,1,2,15,7,0.02666666666666667,0.8571428571428571,0.1428571428571429,0.02857142857142857
bbob-noisy,es,native,nan,121,40,1,3,15,7,0.017777777777777778,1.0,0.0,0.01904761904761905
bbob-noisy,es,native,nan,121,40,1,4,15,7,0.0,1.0,0.0,0.0
bbob-noisy,es,native,nan,121,40,1,5,15,7,0.02666666666666667,0.8571428571428571,0.1428571428571429,0.047619047619047616
bbob-noisy,es,native,nan,121,40,1,6,15,7,0.017777777777777778,1.0,0.0,0.01904761904761905
bbob-noisy,es,native,nan,121,40,1,7,15,7,0.0,1.0,0.0,0.0
bbob-noisy,es,native,nan,121,40,1,8,15,7,0.017777777777777778,1.0,0.0,0.01904761904761905
bbob-noisy,es,native,nan,121,40,1,9,15,7,0.0,1.0,0.0,0.0
bbob-noisy,es,native,nan,121,40,1,10,15,7,0.0,1.0,0.0,0.0
bbob-noisy,es,native,nan,121,40,1,11,15,7,0.07111111111111111,0.8571428571428571,0.1428571428571429,0.0761904761904762
bbob-noisy,es,native,nan,121,40,1,12,15,7,0.008888888888888889,1.0,0.0,0.009523809523809525
bbob-noisy,es,native,nan,121,40,1,13,15,7,0.06222222222222222,0.8571428571428571,0.1428571428571429,0.06666666666666667
bbob-noisy,es,native,nan,121,40,1,14,15,7,0.017777777777777778,1.0,0.0,0.01904761904761905
bbob-noisy,es,native,nan,121,40,1,15,15,7,0.008888888888888889,1.0,0.0,0.009523809523809525
bbob-noisy,es,native,nan,121,40,1,16,15,7,0.02666666666666667,1.0,0.0,0.0380952380952381
bbob-noisy,es,native,nan,121,40,1,17,15,7,0.06222222222222222,0.8571428571428571,0.1428571428571429,0.06666666666666667
bbob-noisy,es,native,nan,121,40,1,18,15,7,0.11555555555555556,0.8571428571428571,0.1428571428571429,0.14285714285714285
bbob-noisy,es,native,nan,121,40,1,19,15,7,0.04444444444444444,0.8571428571428571,0.1428571428571429,0.047619047619047616
bbob-noisy,es,native,nan,121,40,1,20,15,7,0.017777777777777778,1.0,0.0,0.01904761904761905
bbob-noisy,es,native,nan,121,40,1,21,15,7,0.017777777777777778,1.0,0.0,0.01904761904761905
bbob-noisy,es,native,nan,121,40,1,22,15,7,0.08888888888888888,1.0,0.0,0.10476190476190476
bbob-noisy,es,native,nan,121,40,1,23,15,7,0.06222222222222222,0.8571428571428571,0.1428571428571429,0.08571428571428572
bbob-noisy,es,native,nan,121,40,1,24,15,7,0.04444444444444444,0.8571428571428571,0.1428571428571429,0.047619047619047616
bbob-noisy,es,native,nan,122,40,1,0,15,7,0.3733333333333333,0.2857142857142857,0.7142857142857143,0.580952380952381
bbob-noisy,es,native,nan,122,40,1,1,15,7,0.26666666666666666,0.42857142857142855,0.5714285714285714,0.37142857142857144
bbob-noisy,es,native,nan,122,40,1,2,15,7,0.38222222222222224,0.42857142857142855,0.5714285714285714,0.5142857142857142
bbob-noisy,es,native,nan,122,40,1,3,15,7,0.2577777777777778,0.5714285714285714,0.4285714285714286,0.4
bbob-noisy,es,native,nan,122,40,1,4,15,7,0.21333333333333335,0.8571428571428571,0.1428571428571429,0.3523809523809524
bbob-noisy,es,native,nan,122,40,1,5,15,7,0.3288888888888889,0.42857142857142855,0.5714285714285714,0.4380952380952381
bbob-noisy,es,native,nan,122,40,1,6,15,7,0.2577777777777778,0.7142857142857143,0.2857142857142857,0.3523809523809524
bbob-noisy,es,native,nan,122,40,1,7,15,7,0.32,0.5714285714285714,0.4285714285714286,0.4857142857142857
bbob-noisy,es,native,nan,122,40,1,8,15,7,0.36444444444444446,0.42857142857142855,0.5714285714285714,0.49523809523809526
bbob-noisy,es,native,nan,122,40,1,9,15,7,0.3377777777777778,0.5714285714285714,0.4285714285714286,0.49523809523809526
bbob-noisy,es,native,nan,122,40,1,10,15,7,0.29333333333333333,0.5714285714285714,0.4285714285714286,0.42857142857142855
bbob-noisy,es,native,nan,122,40,1,11,15,7,0.3288888888888889,0.5714285714285714,0.4285714285714286,0.47619047619047616
bbob-noisy,es,native,nan,122,40,1,12,15,7,0.3466666666666667,0.42857142857142855,0.5714285714285714,0.5428571428571428
bbob-noisy,es,native,nan,122,40,1,13,15,7,0.2577777777777778,0.7142857142857143,0.2857142857142857,0.3619047619047619
bbob-noisy,es,native,nan,122,40,1,14,15,7,0.3022222222222222,0.5714285714285714,0.4285714285714286,0.4666666666666667
bbob-noisy,es,native,nan,122,40,1,15,15,7,0.24000000000000002,0.8571428571428571,0.1428571428571429,0.34285714285714286
bbob-noisy,es,native,nan,122,40,1,16,15,7,0.3022222222222222,0.7142857142857143,0.2857142857142857,0.3904761904761905
bbob-noisy,es,native,nan,122,40,1,17,15,7,0.28444444444444444,0.5714285714285714,0.4285714285714286,0.41904761904761906
bbob-noisy,es,native,nan,122,40,1,18,15,7,0.23111111111111113,0.7142857142857143,0.2857142857142857,0.3619047619047619
bbob-noisy,es,native,nan,122,40,1,19,15,7,0.4,0.14285714285714285,0.8571428571428572,0.638095238095238
bbob-noisy,es,native,nan,122,40,1,20,15,7,0.3911111111111111,0.42857142857142855,0.5714285714285714,0.5619047619047619
bbob-noisy,es,native,nan,122,40,1,21,15,7,0.38222222222222224,0.2857142857142857,0.7142857142857143,0.5428571428571428
bbob-noisy,es,native,nan,122,40,1,22,15,7,0.3466666666666667,0.2857142857142857,0.7142857142857143,0.45714285714285713
bbob-noisy,es,native,nan,122,40,1,23,15,7,0.32,0.42857142857142855,0.5714285714285714,0.4857142857142857
bbob-noisy,es,native,nan,122,40,1,24,15,7,0.3733333333333333,0.2857142857142857,0.7142857142857143,0.5333333333333333
bbob-noisy,es,native,nan,123,40,1,0,15,7,0.4,0.42857142857142855,0.5714285714285714,0.5619047619047619
bbob-noisy,es,native,nan,123,40,1,1,15,7,0.19555555555555554,0.7142857142857143,0.2857142857142857,0.3238095238095238
bbob-noisy,es,native,nan,123,40,1,2,15,7,0.38222222222222224,0.42857142857142855,0.5714285714285714,0.47619047619047616
bbob-noisy,es,native,nan,123,40,1,3,15,7,0.38222222222222224,0.2857142857142857,0.7142857142857143,0.5047619047619047
bbob-noisy,es,native,nan,123,40,1,4,15,7,0.18666666666666665,0.7142857142857143,0.2857142857142857,0.24761904761904763
bbob-noisy,es,native,nan,123,40,1,5,15,7,0.36444444444444446,0.42857142857142855,0.5714285714285714,0.5619047619047619
bbob-noisy,es,native,nan,123,40,1,6,15,7,0.29333333333333333,0.5714285714285714,0.4285714285714286,0.44761904761904764
bbob-noisy,es,native,nan,123,40,1,7,15,7,0.29333333333333333,0.5714285714285714,0.4285714285714286,0.44761904761904764
bbob-noisy,es,native,nan,123,40,1,8,15,7,0.3022222222222222,0.5714285714285714,0.4285714285714286,0.4095238095238095
bbob-noisy,es,native,nan,123,40,1,9,15,7,0.3288888888888889,0.5714285714285714,0.4285714285714286,0.5238095238095238
bbob-noisy,es,native,nan,123,40,1,10,15,7,0.3555555555555555,0.42857142857142855,0.5714285714285714,0.49523809523809526
bbob-noisy,es,native,nan,123,40,1,11,15,7,0.4533333333333333,0.0,1.0,0.6666666666666666
bbob-noisy,es,native,nan,123,40,1,12,15,7,0.3466666666666667,0.42857142857142855,0.5714285714285714,0.44761904761904764
bbob-noisy,es,native,nan,123,40,1,13,15,7,0.32,0.5714285714285714,0.4285714285714286,0.4095238095238095
bbob-noisy,es,native,nan,123,40,1,14,15,7,0.3733333333333333,0.42857142857142855,0.5714285714285714,0.5714285714285714
bbob-noisy,es,native,nan,123,40,1,15,15,7,0.36444444444444446,0.2857142857142857,0.7142857142857143,0.5619047619047619
bbob-noisy,es,native,nan,123,40,1,16,15,7,0.3111111111111111,0.42857142857142855,0.5714285714285714,0.45714285714285713
bbob-noisy,es,native,nan,123,40,1,17,15,7,0.3555555555555555,0.42857142857142855,0.5714285714285714,0.5714285714285714
bbob-noisy,es,native,nan,123,40,1,18,15,7,0.3111111111111111,0.42857142857142855,0.5714285714285714,0.44761904761904764
bbob-noisy,es,native,nan,123,40,1,19,15,7,0.3733333333333333,0.2857142857142857,0.7142857142857143,0.6095238095238096
bbob-noisy,es,native,nan,123,40,1,20,15,7,0.36444444444444446,0.5714285714285714,0.4285714285714286,0.6095238095238096
bbob-noisy,es,native,nan,123,40,1,21,15,7,0.3377777777777778,0.42857142857142855,0.5714285714285714,0.4666666666666667
bbob-noisy,es,native,nan,123,40,1,22,15,7,0.32,0.42857142857142855,0.5714285714285714,0.4666666666666667
bbob-noisy,es,native,nan,123,40,1,23,15,7,0.3288888888888889,0.42857142857142855,0.5714285714285714,0.49523809523809526
bbob-noisy,es,native,nan,123,40,1,24,15,7,0.3555555555555555,0.42857142857142855,0.5714285714285714,0.5047619047619047
bbob-noisy,es,native,nan,124,40,1,0,15,7,0.0,1.0,0.0,0.0
bbob-noisy,es,native,nan,124,40,1,1,15,7,0.017777777777777778,1.0,0.0,0.01904761904761905
bbob-noisy,es,native,nan,124,40,1,2,15,7,0.05333333333333334,1.0,0.0,0.0761904761904762
bbob-noisy,es,native,nan,124,40,1,3,15,7,0.0,1.0,0.0,0.0
bbob-noisy,es,native,nan,124,40,1,4,15,7,0.06222222222222222,1.0,0.0,0.06666666666666667
bbob-noisy,es,native,nan,124,40,1,5,15,7,0.09777777777777777,0.8571428571428571,0.1428571428571429,0.11428571428571428
bbob-noisy,es,native,nan,124,40,1,6,15,7,0.07111111111111111,0.8571428571428571,0.1428571428571429,0.08571428571428572
bbob-noisy,es,native,nan,124,40,1,7,15,7,0.02666666666666667,1.0,0.0,0.02857142857142857
bbob-noisy,es,native,nan,124,40,1,8,15,7,0.06222222222222222,0.8571428571428571,0.1428571428571429,0.08571428571428572
bbob-noisy,es,native,nan,124,40,1,9,15,7,0.08888888888888888,0.8571428571428571,0.1428571428571429,0.10476190476190476
bbob-noisy,es,native,nan,124,40,1,10,15,7,0.0,1.0,0.0,0.0
bbob-noisy,es,native,nan,124,40,1,11,15,7,0.19555555555555554,0.5714285714285714,0.4285714285714286,0.23809523809523808
bbob-noisy,es,native,nan,124,40,1,12,15,7,0.05333333333333334,1.0,0.0,0.05714285714285714
bbob-noisy,es,native,nan,124,40,1,13,15,7,0.20444444444444446,0.5714285714285714,0.4285714285714286,0.26666666666666666
bbob-noisy,es,native,nan,124,40,1,14,15,7,0.07111111111111111,0.8571428571428571,0.1428571428571429,0.08571428571428572
bbob-noisy,es,native,nan,124,40,1,15,15,7,0.09777777777777777,0.8571428571428571,0.1428571428571429,0.10476190476190476
bbob-noisy,es,native,nan,124,40,1,16,15,7,0.1511111111111111,0.8571428571428571,0.1428571428571429,0.18095238095238095
bbob-noisy,es,native,nan,124,40,1,17,15,7,0.13333333333333333,0.8571428571428571,0.1428571428571429,0.1619047619047619
bbob-noisy,es,native,nan,124,40,1,18,15,7,0.12444444444444444,0.8571428571428571,0.1428571428571429,0.1523809523809524
bbob-noisy,es,native,nan,124,40,1,19,15,7,0.13333333333333333,0.8571428571428571,0.1428571428571429,0.1523809523809524
bbob-noisy,es,native,nan,124,40,1,20,15,7,0.18666666666666665,0.7142857142857143,0.2857142857142857,0.22857142857142856
bbob-noisy,es,native,nan,124,40,1,21,15,7,0.04444444444444444,0.8571428571428571,0.1428571428571429,0.047619047619047616
bbob-noisy,es,native,nan,124,40,1,22,15,7,0.12444444444444444,0.8571428571428571,0.1428571428571429,0.14285714285714285
bbob-noisy,es,native,nan,124,40,1,23,15,7,0.1511111111111111,0.7142857142857143,0.2857142857142857,0.1619047619047619
bbob-noisy,es,native,nan,124,40,1,24,15,7,0.09777777777777777,0.8571428571428571,0.1428571428571429,0.14285714285714285
bbob-noisy,es,native,nan,125,40,1,0,15,7,0.19555555555555554,0.7142857142857143,0.2857142857142857,0.3333333333333333
bbob-noisy,es,native,nan,125,40,1,1,15,7,0.3555555555555555,0.42857142857142855,0.5714285714285714,0.5714285714285714
bbob-noisy,es,native,nan,125,40,1,2,15,7,0.3111111111111111,0.42857142857142855,0.5714285714285714,0.4380952380952381
bbob-noisy,es,native,nan,125,40,1,3,15,7,0.2577777777777778,0.7142857142857143,0.2857142857142857,0.41904761904761906
bbob-noisy,es,native,nan,125,40,1,4,15,7,0.23111111111111113,0.5714285714285714,0.4285714285714286,0.3333333333333333
bbob-noisy,es,native,nan,125,40,1,5,15,7,0.48000000000000004,0.14285714285714285,0.8571428571428572,0.7047619047619048
bbob-noisy,es,native,nan,125,40,1,6,15,7,0.38222222222222224,0.42857142857142855,0.5714285714285714,0.580952380952381
bbob-noisy,es,native,nan,125,40,1,7,15,7,0.3377777777777778,0.5714285714285714,0.4285714285714286,0.5047619047619047
bbob-noisy,es,native,nan,125,40,1,8,15,7,0.36444444444444446,0.42857142857142855,0.5714285714285714,0.580952380952381
bbob-noisy,es,native,nan,125,40,1,9,15,7,0.2755555555555556,0.5714285714285714,0.4285714285714286,0.41904761904761906
bbob-noisy,es,native,nan,125,40,1,10,15,7,0.3733333333333333,0.2857142857142857,0.7142857142857143,0.49523809523809526
bbob-noisy,es,native,nan,125,40,1,11,15,7,0.32,0.42857142857142855,0.5714285714285714,0.4857142857142857
bbob-noisy,es,native,nan,125,40,1,12,15,7,0.3022222222222222,0.5714285714285714,0.4285714285714286,0.45714285714285713
bbob-noisy,es,native,nan,125,40,1,13,15,7,0.3288888888888889,0.42857142857142855,0.5714285714285714,0.4857142857142857
bbob-noisy,es,native,nan,125,40,1,14,15,7,0.3288888888888889,0.42857142857142855,0.5714285714285714,0.5238095238095238
bbob-noisy,es,native,nan,125,40,1,15,15,7,0.29333333333333333,0.5714285714285714,0.4285714285714286,0.5333333333333333
bbob-noisy,es,native,nan,125,40,1,16,15,7,0.3022222222222222,0.42857142857142855,0.5714285714285714,0.45714285714285713
bbob-noisy,es,native,nan,125,40,1,17,15,7,0.36444444444444446,0.42857142857142855,0.5714285714285714,0.5238095238095238
bbob-noisy,es,native,nan,125,40,1,18,15,7,0.3466666666666667,0.5714285714285714,0.4285714285714286,0.47619047619047616
bbob-noisy,es,native,nan,125,40,1,19,15,7,0.3466666666666667,0.42857142857142855,0.5714285714285714,0.5047619047619047
bbob-noisy,es,native,nan,125,40,1,20,15,7,0.21333333333333335,0.7142857142857143,0.2857142857142857,0.29523809523809524
bbob-noisy,es,native,nan,125,40,1,21,15,7,0.3555555555555555,0.2857142857142857,0.7142857142857143,0.5523809523809524
bbob-noisy,es,native,nan,125,40,1,22,15,7,0.41777777777777775,0.2857142857142857,0.7142857142857143,0.580952380952381
bbob-noisy,es,native,nan,125,40,1,23,15,7,0.4088888888888889,0.42857142857142855,0.5714285714285714,0.638095238095238
bbob-noisy,es,native,nan,125,40,1,24,15,7,0.32,0.5714285714285714,0.4285714285714286,0.42857142857142855
bbob-noisy,es,native,nan,126,40,1,0,15,7,0.28444444444444444,0.5714285714285714,0.4285714285714286,0.37142857142857144
bbob-noisy,es,native,nan,126,40,1,1,15,7,0.2755555555555556,0.7142857142857143,0.2857142857142857,0.4380952380952381
bbob-noisy,es,native,nan,126,40,1,2,15,7,0.3288888888888889,0.5714285714285714,0.4285714285714286,0.4380952380952381
bbob-noisy,es,native,nan,126,40,1,3,15,7,0.29333333333333333,0.5714285714285714,0.4285714285714286,0.3904761904761905
bbob-noisy,es,native,nan,126,40,1,4,15,7,0.3111111111111111,0.42857142857142855,0.5714285714285714,0.4666666666666667
bbob-noisy,es,native,nan,126,40,1,5,15,7,0.3377777777777778,0.42857142857142855,0.5714285714285714,0.5238095238095238
bbob-noisy,es,native,nan,126,40,1,6,15,7,0.3555555555555555,0.42857142857142855,0.5714285714285714,0.5142857142857142
bbob-noisy,es,native,nan,126,40,1,7,15,7,0.38222222222222224,0.42857142857142855,0.5714285714285714,0.6
bbob-noisy,es,native,nan,126,40,1,8,15,7,0.3466666666666667,0.42857142857142855,0.5714285714285714,0.49523809523809526
bbob-noisy,es,native,nan,126,40,1,9,15,7,0.20444444444444446,0.7142857142857143,0.2857142857142857,0.3142857142857143
bbob-noisy,es,native,nan,126,40,1,10,15,7,0.38222222222222224,0.2857142857142857,0.7142857142857143,0.580952380952381
bbob-noisy,es,native,nan,126,40,1,11,15,7,0.3555555555555555,0.42857142857142855,0.5714285714285714,0.5333333333333333
bbob-noisy,es,native,nan,126,40,1,12,15,7,0.4,0.42857142857142855,0.5714285714285714,0.6190476190476191
bbob-noisy,es,native,nan,126,40,1,13,15,7,0.3022222222222222,0.5714285714285714,0.4285714285714286,0.45714285714285713
bbob-noisy,es,native,nan,126,40,1,14,15,7,0.3288888888888889,0.42857142857142855,0.5714285714285714,0.5142857142857142
bbob-noisy,es,native,nan,126,40,1,15,15,7,0.3466666666666667,0.5714285714285714,0.4285714285714286,0.5619047619047619
bbob-noisy,es,native,nan,126,40,1,16,15,7,0.3111111111111111,0.5714285714285714,0.4285714285714286,0.4666666666666667
bbob-noisy,es,native,nan,126,40,1,17,15,7,0.19555555555555554,0.8571428571428571,0.1428571428571429,0.2857142857142857
bbob-noisy,es,native,nan,126,40,1,18,15,7,0.28444444444444444,0.5714285714285714,0.4285714285714286,0.38095238095238093
bbob-noisy,es,native,nan,126,40,1,19,15,7,0.3733333333333333,0.42857142857142855,0.5714285714285714,0.6
bbob-noisy,es,native,nan,126,40,1,20,15,7,0.2577777777777778,0.5714285714285714,0.4285714285714286,0.3904761904761905
bbob-noisy,es,native,nan,126,40,1,21,15,7,0.3555555555555555,0.2857142857142857,0.7142857142857143,0.5142857142857142
bbob-noisy,es,native,nan,126,40,1,22,15,7,0.32,0.42857142857142855,0.5714285714285714,0.5238095238095238
bbob-noisy,es,native,nan,126,40,1,23,15,7,0.2755555555555556,0.7142857142857143,0.2857142857142857,0.4666666666666667
bbob-noisy,es,native,nan,126,40,1,24,15,7,0.38222222222222224,0.42857142857142855,0.5714285714285714,0.6571428571428571
bbob-noisy,es,native,nan,127,40,1,0,15,7,0.12444444444444444,0.8571428571428571,0.1428571428571429,0.18095238095238095
bbob-noisy,es,native,nan,127,40,1,1,15,7,0.13333333333333333,0.8571428571428571,0.1428571428571429,0.18095238095238095
bbob-noisy,es,native,nan,127,40,1,2,15,7,0.16,0.8571428571428571,0.1428571428571429,0.21904761904761905
bbob-noisy,es,native,nan,127,40,1,3,15,7,0.08,1.0,0.0,0.10476190476190476
bbob-noisy,es,native,nan,127,40,1,4,15,7,0.12444444444444444,0.8571428571428571,0.1428571428571429,0.18095238095238095
bbob-noisy,es,native,nan,127,40,1,5,15,7,0.14222222222222222,0.7142857142857143,0.2857142857142857,0.18095238095238095
bbob-noisy,es,native,nan,127,40,1,6,15,7,0.23111111111111113,0.7142857142857143,0.2857142857142857,0.3142857142857143
bbob-noisy,es,native,nan,127,40,1,7,15,7,0.17777777777777776,0.7142857142857143,0.2857142857142857,0.19047619047619047
bbob-noisy,es,native,nan,127,40,1,8,15,7,0.19555555555555554,0.5714285714285714,0.4285714285714286,0.3523809523809524
bbob-noisy,es,native,nan,127,40,1,9,15,7,0.26666666666666666,0.5714285714285714,0.4285714285714286,0.4380952380952381
bbob-noisy,es,native,nan,127,40,1,10,15,7,0.18666666666666665,0.8571428571428571,0.1428571428571429,0.26666666666666666
bbob-noisy,es,native,nan,127,40,1,11,15,7,0.16,0.7142857142857143,0.2857142857142857,0.22857142857142856
bbob-noisy,es,native,nan,127,40,1,12,15,7,0.08888888888888888,1.0,0.0,0.14285714285714285
bbob-noisy,es,native,nan,127,40,1,13,15,7,0.08888888888888888,0.8571428571428571,0.1428571428571429,0.09523809523809523
bbob-noisy,es,native,nan,127,40,1,14,15,7,0.14222222222222222,0.8571428571428571,0.1428571428571429,0.1619047619047619
bbob-noisy,es,native,nan,127,40,1,15,15,7,0.14222222222222222,0.8571428571428571,0.1428571428571429,0.26666666666666666
bbob-noisy,es,native,nan,127,40,1,16,15,7,0.14222222222222222,0.8571428571428571,0.1428571428571429,0.17142857142857143
bbob-noisy,es,native,nan,127,40,1,17,15,7,0.24888888888888888,0.5714285714285714,0.4285714285714286,0.4380952380952381
bbob-noisy,es,native,nan,127,40,1,18,15,7,0.28444444444444444,0.5714285714285714,0.4285714285714286,0.38095238095238093
bbob-noisy,es,native,nan,127,40,1,19,15,7,0.19555555555555554,0.7142857142857143,0.2857142857142857,0.26666666666666666
bbob-noisy,es,native,nan,127,40,1,20,15,7,0.1511111111111111,0.8571428571428571,0.1428571428571429,0.21904761904761905
bbob-noisy,es,native,nan,127,40,1,21,15,7,0.16,0.8571428571428571,0.1428571428571429,0.18095238095238095
bbob-noisy,es,native,nan,127,40,1,22,15,7,0.18666666666666665,0.7142857142857143,0.2857142857142857,0.2761904761904762
bbob-noisy,es,native,nan,127,40,1,23,15,7,0.1511111111111111,0.8571428571428571,0.1428571428571429,0.20952380952380953
bbob-noisy,es,native,nan,127,40,1,24,15,7,0.11555555555555556,0.8571428571428571,0.1428571428571429,0.18095238095238095
bbob-noisy,es,native,nan,128,40,1,0,15,7,0.3466666666666667,0.42857142857142855,0.5714285714285714,0.5142857142857142
bbob-noisy,es,native,nan,128,40,1,1,15,7,0.3911111111111111,0.2857142857142857,0.7142857142857143,0.6761904761904762
bbob-noisy,es,native,nan,128,40,1,2,15,7,0.23111111111111113,0.7142857142857143,0.2857142857142857,0.3904761904761905
bbob-noisy,es,native,nan,128,40,1,3,15,7,0.24000000000000002,0.5714285714285714,0.4285714285714286,0.3523809523809524
bbob-noisy,es,native,nan,128,40,1,4,15,7,0.28444444444444444,0.7142857142857143,0.2857142857142857,0.4857142857142857
bbob-noisy,es,native,nan,128,40,1,5,15,7,0.23111111111111113,0.5714285714285714,0.4285714285714286,0.3523809523809524
bbob-noisy,es,native,nan,128,40,1,6,15,7,0.3288888888888889,0.42857142857142855,0.5714285714285714,0.49523809523809526
bbob-noisy,es,native,nan,128,40,1,7,15,7,0.2755555555555556,0.5714285714285714,0.4285714285714286,0.3904761904761905
bbob-noisy,es,native,nan,128,40,1,8,15,7,0.4088888888888889,0.42857142857142855,0.5714285714285714,0.580952380952381
bbob-noisy,es,native,nan,128,40,1,9,15,7,0.3288888888888889,0.42857142857142855,0.5714285714285714,0.45714285714285713
bbob-noisy,es,native,nan,128,40,1,10,15,7,0.3377777777777778,0.42857142857142855,0.5714285714285714,0.5142857142857142
bbob-noisy,es,native,nan,128,40,1,11,15,7,0.32,0.5714285714285714,0.4285714285714286,0.4666666666666667
bbob-noisy,es,native,nan,128,40,1,12,15,7,0.28444444444444444,0.5714285714285714,0.4285714285714286,0.44761904761904764
bbob-noisy,es,native,nan,128,40,1,13,15,7,0.32,0.5714285714285714,0.4285714285714286,0.4857142857142857
bbob-noisy,es,native,nan,128,40,1,14,15,7,0.36444444444444446,0.2857142857142857,0.7142857142857143,0.5619047619047619
bbob-noisy,es,native,nan,128,40,1,15,15,7,0.3555555555555555,0.42857142857142855,0.5714285714285714,0.5333333333333333
bbob-noisy,es,native,nan,128,40,1,16,15,7,0.3288888888888889,0.42857142857142855,0.5714285714285714,0.49523809523809526
bbob-noisy,es,native,nan,128,40,1,17,15,7,0.3377777777777778,0.5714285714285714,0.4285714285714286,0.49523809523809526
bbob-noisy,es,native,nan,128,40,1,18,15,7,0.3466666666666667,0.42857142857142855,0.5714285714285714,0.5904761904761905
bbob-noisy,es,native,nan,128,40,1,19,15,7,0.26666666666666666,0.5714285714285714,0.4285714285714286,0.37142857142857144
bbob-noisy,es,native,nan,128,40,1,20,15,7,0.28444444444444444,0.5714285714285714,0.4285714285714286,0.41904761904761906
bbob-noisy,es,native,nan,128,40,1,21,15,7,0.32,0.42857142857142855,0.5714285714285714,0.5047619047619047
bbob-noisy,es,native,nan,128,40,1,22,15,7,0.24888888888888888,0.5714285714285714,0.4285714285714286,0.38095238095238093
bbob-noisy,es,native,nan,128,40,1,23,15,7,0.3111111111111111,0.42857142857142855,0.5714285714285714,0.4095238095238095
bbob-noisy,es,native,nan,128,40,1,24,15,7,0.3377777777777778,0.5714285714285714,0.4285714285714286,0.47619047619047616
bbob-noisy,es,native,nan,129,40,1,0,15,7,0.3022222222222222,0.42857142857142855,0.5714285714285714,0.44761904761904764
bbob-noisy,es,native,nan,129,40,1,1,15,7,0.22222222222222224,0.7142857142857143,0.2857142857142857,0.3142857142857143
bbob-noisy,es,native,nan,129,40,1,2,15,7,0.38222222222222224,0.2857142857142857,0.7142857142857143,0.5619047619047619
bbob-noisy,es,native,nan,129,40,1,3,15,7,0.3111111111111111,0.42857142857142855,0.5714285714285714,0.4857142857142857
bbob-noisy,es,native,nan,129,40,1,4,15,7,0.3555555555555555,0.42857142857142855,0.5714285714285714,0.638095238095238
bbob-noisy,es,native,nan,129,40,1,5,15,7,0.24000000000000002,0.8571428571428571,0.1428571428571429,0.3333333333333333
bbob-noisy,es,native,nan,129,40,1,6,15,7,0.4,0.42857142857142855,0.5714285714285714,0.6
bbob-noisy,es,native,nan,129,40,1,7,15,7,0.3466666666666667,0.42857142857142855,0.5714285714285714,0.47619047619047616
bbob-noisy,es,native,nan,129,40,1,8,15,7,0.26666666666666666,0.5714285714285714,0.4285714285714286,0.3904761904761905
bbob-noisy,es,native,nan,129,40,1,9,15,7,0.3733333333333333,0.42857142857142855,0.5714285714285714,0.580952380952381
bbob-noisy,es,native,nan,129,40,1,10,15,7,0.2755555555555556,0.5714285714285714,0.4285714285714286,0.4095238095238095
bbob-noisy,es,native,nan,129,40,1,11,15,7,0.36444444444444446,0.42857142857142855,0.5714285714285714,0.49523809523809526
bbob-noisy,es,native,nan,129,40,1,12,15,7,0.36444444444444446,0.42857142857142855,0.5714285714285714,0.580952380952381
bbob-noisy,es,native,nan,129,40,1,13,15,7,0.38222222222222224,0.42857142857142855,0.5714285714285714,0.5523809523809524
bbob-noisy,es,native,nan,129,40,1,14,15,7,0.3288888888888889,0.42857142857142855,0.5714285714285714,0.5619047619047619
bbob-noisy,es,native,nan,129,40,1,15,15,7,0.3733333333333333,0.42857142857142855,0.5714285714285714,0.5619047619047619
bbob-noisy,es,native,nan,129,40,1,16,15,7,0.3555555555555555,0.42857142857142855,0.5714285714285714,0.5523809523809524
bbob-noisy,es,native,nan,129,40,1,17,15,7,0.4266666666666667,0.2857142857142857,0.7142857142857143,0.7142857142857143
bbob-noisy,es,native,nan,129,40,1,18,15,7,0.3555555555555555,0.42857142857142855,0.5714285714285714,0.5428571428571428
bbob-noisy,es,native,nan,129,40,1,19,15,7,0.3111111111111111,0.42857142857142855,0.5714285714285714,0.47619047619047616
bbob-noisy,es,native,nan,129,40,1,20,15,7,0.3022222222222222,0.42857142857142855,0.5714285714285714,0.42857142857142855
bbob-noisy,es,native,nan,129,40,1,21,15,7,0.4088888888888889,0.2857142857142857,0.7142857142857143,0.5714285714285714
bbob-noisy,es,native,nan,129,40,1,22,15,7,0.28444444444444444,0.5714285714285714,0.4285714285714286,0.4
bbob-noisy,es,native,nan,129,40,1,23,15,7,0.41777777777777775,0.2857142857142857,0.7142857142857143,0.5904761904761905
bbob-noisy,es,native,nan,129,40,1,24,15,7,0.3733333333333333,0.2857142857142857,0.7142857142857143,0.5333333333333333
bbob-noisy,es,native,nan,130,40,1,0,15,7,0.10666666666666667,0.8571428571428571,0.1428571428571429,0.14285714285714285
bbob-noisy,es,native,nan,130,40,1,1,15,7,0.10666666666666667,0.8571428571428571,0.1428571428571429,0.11428571428571428
bbob-noisy,es,native,nan,130,40,1,2,15,7,0.08,0.8571428571428571,0.1428571428571429,0.10476190476190476
bbob-noisy,es,native,nan,130,40,1,3,15,7,0.19555555555555554,0.7142857142857143,0.2857142857142857,0.21904761904761905
bbob-noisy,es,native,nan,130,40,1,4,15,7,0.07111111111111111,0.8571428571428571,0.1428571428571429,0.10476190476190476
bbob-noisy,es,native,nan,130,40,1,5,15,7,0.10666666666666667,0.7142857142857143,0.2857142857142857,0.14285714285714285
bbob-noisy,es,native,nan,130,40,1,6,15,7,0.04444444444444444,0.8571428571428571,0.1428571428571429,0.047619047619047616
bbob-noisy,es,native,nan,130,40,1,7,15,7,0.19555555555555554,0.7142857142857143,0.2857142857142857,0.26666666666666666
bbob-noisy,es,native,nan,130,40,1,8,15,7,0.035555555555555556,1.0,0.0,0.047619047619047616
bbob-noisy,es,native,nan,130,40,1,9,15,7,0.035555555555555556,1.0,0.0,0.0380952380952381
bbob-noisy,es,native,nan,130,40,1,10,15,7,0.08,0.8571428571428571,0.1428571428571429,0.10476190476190476
bbob-noisy,es,native,nan,130,40,1,11,15,7,0.06222222222222222,1.0,0.0,0.08571428571428572
bbob-noisy,es,native,nan,130,40,1,12,15,7,0.04444444444444444,0.8571428571428571,0.1428571428571429,0.047619047619047616
bbob-noisy,es,native,nan,130,40,1,13,15,7,0.06222222222222222,0.8571428571428571,0.1428571428571429,0.06666666666666667
bbob-noisy,es,native,nan,130,40,1,14,15,7,0.0,1.0,0.0,0.0
bbob-noisy,es,native,nan,130,40,1,15,15,7,0.035555555555555556,1.0,0.0,0.047619047619047616
bbob-noisy,es,native,nan,130,40,1,16,15,7,0.008888888888888889,1.0,0.0,0.009523809523809525
bbob-noisy,es,native,nan,130,40,1,17,15,7,0.0,1.0,0.0,0.0
bbob-noisy,es,native,nan,130,40,1,18,15,7,0.06222222222222222,0.8571428571428571,0.1428571428571429,0.0761904761904762
bbob-noisy,es,native,nan,130,40,1,19,15,7,0.10666666666666667,0.8571428571428571,0.1428571428571429,0.11428571428571428
bbob-noisy,es,native,nan,130,40,1,20,15,7,0.19555555555555554,0.7142857142857143,0.2857142857142857,0.2571428571428571
bbob-noisy,es,native,nan,130,40,1,21,15,7,0.017777777777777778,1.0,0.0,0.01904761904761905
bbob-noisy,es,native,nan,130,40,1,22,15,7,0.008888888888888889,1.0,0.0,0.009523809523809525
bbob-noisy,es,native,nan,130,40,1,23,15,7,0.008888888888888889,1.0,0.0,0.009523809523809525
bbob-noisy,es,native,nan,130,40,1,24,15,7,0.06222222222222222,1.0,0.0,0.06666666666666667
