algorithm,seed,budget,evaluations,best_observed,post_mean_best_observed,post_median_best_observed,post_cvar20_best_observed,post_mean,post_median,post_cvar20,postselect_k
BERW-HeteroRobust,1,800,800,1949.3086519568683,4321.754549873533,3411.7604398561725,8673.273739684106,3272.9073366113735,2986.368335872474,5048.147517197123,5
BERW-HeteroRobust,2,800,800,2480.134724353545,6376.527432142751,5826.708078064865,10420.004699422092,4579.052933755499,4035.3011727024486,7788.948893550686,5
BERW-HeteroRobust,3,800,800,2611.914050108601,6321.933917552408,5240.303952760392,11300.95752440803,5877.109916120389,5037.838139585391,10325.253544394463,5
BERW-HeteroRobust,4,800,800,1935.3240430774965,4023.4846058578833,3456.043349928402,7099.437928615676,4268.937737886852,3322.2808831530438,8806.233197977475,5
BERW-HeteroRobust,5,800,800,2498.1417307520387,30118.01158546089,6161.360172031562,125991.78957262626,5547.589412451723,4405.5238574477335,11033.184002310018,5
BERW-HeteroRobust,6,800,800,2533.913513580548,110106.2289993055,4651.283174211585,524730.4744440468,7581.650352963565,5267.163890778649,17895.760738531702,5
BERW-HeteroRobust,7,800,800,1816.845701359877,9169.911118330561,3474.054161863274,32470.661595373876,3723.084721819214,3237.8209597006435,6282.882071267424,5
BERW-HeteroRobust,8,800,800,2671.9234570999433,4831.93851813231,4208.724844083566,8416.287568438394,4584.5225410608855,4023.4107356709046,7578.166431070431,5
BERW-HeteroRobust,9,800,800,1770.055765546691,4174.14940046714,3095.2465508728774,8988.303594556393,5837.783467587817,3039.704770008631,17479.710482261256,5
BERW-HeteroRobust,10,800,800,2603.181625194669,9007.557774883178,8095.771608165048,15198.128368394575,7089.647268360393,6138.340161443608,12757.357098875746,5
BERW-HeteroRobust,11,800,800,1538.604039651856,3429.5434501055624,3159.7308460989443,5209.289680947057,3317.6064081734603,2857.353827803433,5662.615661238596,5
BERW-HeteroRobust,12,800,800,1875.0650667833556,3229.1690668347746,2805.234971902888,5349.377697641516,78987.05623800115,3065.8928668383296,377591.3548215398,5
BERW-HeteroRobust,13,800,800,3009.164398194701,7340.650249467449,6219.273878438442,13450.639878321248,6706.481328241152,6000.371259431155,11305.274608989042,5
BERW-HeteroRobust,14,800,800,2305.6118015211105,4840.273218467695,4394.0422120062385,7646.545959851293,5033.808223571748,4631.791636899534,8142.7027099230945,5
BERW-HeteroRobust,15,800,800,3205.873880072615,877775.2648357642,5077.941979664771,4302629.2282429105,7188.630335196105,5195.482233584467,16333.257144970006,5
BERW-HeteroRobust,16,800,800,1762.016749567682,3207.4105024057035,2733.209085171655,5516.859346984364,3005.6022178577437,2710.190372898088,4559.889576542975,5
BERW-HeteroRobust,17,800,800,2307.444040441059,4340.014714541292,4068.0997782901522,6288.073260096599,3976.6622191241713,3628.9909601447735,6069.5987866174055,5
BERW-HeteroRobust,18,800,800,3007.5469766942165,119663.77102502799,14325.055319429975,523314.8511811704,38923.33642485405,9142.587585612151,156896.80328892136,5
BERW-HeteroRobust,19,800,800,3110.2305264054567,8474.32073188742,5946.368745887061,19557.50987020297,26091.513208690496,5649.363458597128,107518.50215976416,5
BERW-HeteroRobust,20,800,800,2748.1565197895416,12884.821795112617,5366.8852748705185,43171.21950104565,6199.169700811659,5483.375767860734,10941.914872418758,5
BERW-HeteroRobust,21,800,800,2724.9875305591186,5456.124661193517,4787.800496032662,8926.630684960823,5441.573727856128,4728.9595752286605,9424.744291246587,5
BERW-HeteroRobust,22,800,800,2117.010961754451,3594.1149125403754,3340.9049082905785,5285.239300998723,3697.9604752605683,3352.425312988502,5684.818419358344,5
BERW-HeteroRobust,23,800,800,3468.2220707543884,15511.622538886377,12261.781878662565,32733.650857909925,9231.865080396183,6773.885600007572,20544.20172130782,5
BERW-HeteroRobust,24,800,800,8405.178836616684,192776.4094580149,22205.256606479394,863680.3696411228,41536.092988362274,22079.61453818896,120462.00692869816,5
BERW-HeteroRobust,25,800,800,2882.8067675776065,7345.989109320817,5599.369103924475,14990.141278456676,7123.791436999127,5604.329188002368,14418.782246579869,5
BERW-HeteroRobust,26,800,800,2068.863035240209,12828.523137724645,3432.5857031685446,50232.75502672267,5179.601772350812,3543.780577454081,12379.133592225648,5
BERW-HeteroRobust,27,800,800,2903.903791759399,229758.6944768099,7508.676599114417,1103800.472279841,27920.08595919593,7595.2501593993675,110134.07173257394,5
BERW-HeteroRobust,28,800,800,5731.142337227151,121274.93859725734,10320.755340074447,556734.3725097422,594423.5879266476,11233.659573538669,2883187.255910868,5
BERW-HeteroRobust,29,800,800,2338.068376189772,4295.790379287152,3614.5679852964545,7700.274892092387,3798.3042536893854,3526.647462114305,5524.554435035703,5
BERW-HeteroRobust,30,800,800,2085.015781598485,8014.883701168705,4031.799175865909,24310.655613001327,11039.955083680212,3961.801509625693,39680.04557329609,5
BERW-HeteroRobust,31,800,800,1698.6583209385467,7301.953862010748,5049.908359397814,18003.46979862606,6987.541507172318,4938.980367468197,16909.20251367932,5
BERW-HeteroRobust,32,800,800,3010.6935822176592,107739.4198955776,7846.723933010435,500877.4640289728,74483.64583044077,6474.086580638823,342651.2404366142,5
BERW-HeteroRobust,33,800,800,2524.9194332352827,6807.1739560631895,5219.118567363249,13964.329264340802,5657.973010944363,5146.192789930252,9053.702669504371,5
BERW-HeteroRobust,34,800,800,3197.061076614275,9007.716934485024,7512.633254723145,16721.16792247476,7901.673231369038,6247.029045814505,15946.051171851197,5
BERW-HeteroRobust,35,800,800,2234.2554194488544,5240.354482684193,4174.563090445878,10351.226771015612,4902.301129324914,3959.3671686949415,9067.20134636781,5
BERW-HeteroRobust,36,800,800,2622.835958225505,5145.718295916149,4501.780362210865,8507.234039544928,4803.787694488542,4426.620204677638,7272.66110952746,5
BERW-HeteroRobust,37,800,800,3020.459904447435,34591.11933536493,6370.81306663302,145562.90874462982,12588.820643669545,5921.627272181774,39830.0259874132,5
BERW-HeteroRobust,38,800,800,1932.8554800310458,3615.375718520013,3222.026230303147,5758.8649047960025,3633.6633243323317,3175.235625895739,6113.426711820444,5
BERW-HeteroRobust,39,800,800,1525.31124231993,3187.6888232294154,2896.482313264889,4748.9095504244115,3174.091539691059,2902.0877977349755,4722.957501614935,5
BERW-HeteroRobust,40,800,800,3747.7403333467673,17113.019067244546,9780.301289624067,48626.78269241709,11108.298380069416,8937.944588439794,22497.80383911862,5
BERW-HeteroRobust,41,800,800,1688.865265846551,5861.415512434181,3653.3709106857928,15274.081326235211,4805.917124379669,3399.029138216071,10941.355871869127,5
BERW-HeteroRobust,42,800,800,2125.509019699622,5453.982803057598,3819.021059290675,12526.198537172688,3938.0182895264525,3605.7945231364592,5994.349075464716,5
BERW-HeteroRobust,43,800,800,2220.0076851242547,10888.972226745893,3554.91795840749,40421.92221384353,16979.498048620215,3616.4245154685723,69850.11071436433,5
BERW-HeteroRobust,44,800,800,2390.724281359284,5233.018716803603,4390.9795682550375,9423.953190926923,4281.007490815855,3811.844780538424,6823.123325427864,5
BERW-HeteroRobust,45,800,800,2193.2298635069883,3983.9717124830786,3673.4610778910182,5816.491064161401,3849.5239041145255,3686.5200843787275,5460.163119610608,5
BERW-HeteroRobust,46,800,800,6680.466556952562,1054998.4262628474,91113.83596451751,4669700.596646077,1165566.5141324373,65583.61694872692,5074334.030667012,5
BERW-HeteroRobust,47,800,800,3173.412000011666,171223.67051436665,6372.311908082752,819182.4926446651,17390.640486964694,7600.162899591671,57453.6194252503,5
BERW-HeteroRobust,48,800,800,4760.081303432304,12054.350551229916,10406.621952395684,22179.6597262788,12425.858170880967,9613.74608663638,25365.69280937526,5
BERW-HeteroRobust,49,800,800,2068.312199355216,8392.367860516948,3460.4414722461406,28467.98692372599,59097.972842312716,3561.010965077093,277521.186587544,5
BERW-HeteroRobust,50,800,800,2310.4181399059567,7709.526242338842,3695.832873158446,23886.31673499162,6199.804524230984,4110.01740425766,15304.876071183106,5
CMA-ES-Resample(k=10),1,800,800,2187.974326306337,5151.015504750771,4126.191241767695,10255.052093109327,3782.947326479273,3521.346164615064,5745.8319088416565,5
CMA-ES-Resample(k=10),2,800,800,4091.7691563725843,9117.633036703133,8373.032850987885,14362.88214668417,6992.042139874277,6295.039424196515,10961.155076761315,5
CMA-ES-Resample(k=10),3,800,800,3604.9296624093854,7492.269673229496,6289.522179353176,13749.544856122866,8117.533601310799,6823.3970742121555,14465.021468068571,5
CMA-ES-Resample(k=10),4,800,800,3388.4076494632122,6667.25780490014,5970.909455543604,10892.964353302206,6493.7201011728375,5415.685898908845,11899.736339874982,5
CMA-ES-Resample(k=10),5,800,800,3016.488292498683,16257.573671215037,7763.460771433751,51986.830171746595,8750.00559489195,6743.096520516198,17842.350698256712,5
CMA-ES-Resample(k=10),6,800,800,3919.9327489126317,63659.57301500712,6222.720239740862,290876.46522510634,7620.561534213978,6558.783232055385,13589.232529007077,5
CMA-ES-Resample(k=10),7,800,800,3167.273834620538,15011.05653454044,5031.977132752402,55241.721718949375,5759.197135059974,5104.014451805411,9669.247435431414,5
CMA-ES-Resample(k=10),8,800,800,3949.1741177208464,9979.930284161044,8936.823466489179,16309.964230214278,8616.674410726795,7742.535353355243,14768.875275981904,5
CMA-ES-Resample(k=10),9,800,800,3348.138631507539,9532.830845643455,6229.933784533294,23474.237072310727,15532.041919271054,6502.4442049433455,52436.787646788354,5
CMA-ES-Resample(k=10),10,800,800,5114.631646044142,9774.496127394616,8335.456418021826,17597.15997540886,10192.800188041107,8801.36920509522,17735.87648539245,5
CMA-ES-Resample(k=10),11,800,800,2364.123752025961,4062.6265836581642,3764.9119153680317,6074.171018288815,4503.4505880309625,4010.992809507714,7171.673092743895,5
CMA-ES-Resample(k=10),12,800,800,3440.311206184708,13246.912733125582,6098.381264227914,42942.86052420845,163088.3604499974,8034.167696810551,773019.1002080457,5
CMA-ES-Resample(k=10),13,800,800,6022.107216992256,16836.5102650774,14666.537861623441,29414.374422656405,10504.45284884334,9604.64538379383,16659.360985777064,5
CMA-ES-Resample(k=10),14,800,800,3735.759774029778,6313.690936590127,5780.289531036915,9778.25496716494,6782.7081397846805,6037.116668856717,11135.03222374577,5
CMA-ES-Resample(k=10),15,800,800,4376.640800177981,1081884.3059141736,6354.296981948701,5302335.271983342,7511.9178403551105,5948.093008680122,14791.047259167934,5
CMA-ES-Resample(k=10),16,800,800,1890.1246665352692,3985.132602326251,3548.4837491201533,6507.817825411675,3756.895353259618,3493.653388816755,5589.849129513443,5
CMA-ES-Resample(k=10),17,800,800,2983.824974918974,5380.26483736499,5036.800135807612,7782.312103939053,5330.407833197081,4985.685357255172,8054.37153782303,5
CMA-ES-Resample(k=10),18,800,800,16554.261751982067,277802.85821672506,45037.045612584254,1158663.6164239843,240048.36708701256,90149.94771461826,796435.9145702408,5
CMA-ES-Resample(k=10),19,800,800,4676.918903593591,15440.944065256546,11350.040617380702,33190.28960907755,27153.374001468732,11207.6576163948,93112.21978340505,5
CMA-ES-Resample(k=10),20,800,800,7097.042925790281,31197.392336047793,24170.25251654363,67855.89654643739,14099.899926683349,12686.628265067233,24635.906381825804,5
CMA-ES-Resample(k=10),21,800,800,4549.193644379499,11652.184762406432,11058.509629006823,17194.293984950342,14178.503386455917,10682.091597492403,30361.280466656226,5
CMA-ES-Resample(k=10),22,800,800,2301.625618894842,4017.767199023764,3775.8056708662752,5846.259730355571,4010.238705069168,3707.368188771702,5932.538464039246,5
CMA-ES-Resample(k=10),23,800,800,4283.281054481318,22333.7919673289,17964.336712268694,44449.4492294601,14191.139000250354,11791.939148497022,27650.231222934806,5
CMA-ES-Resample(k=10),24,800,800,22437.55264656867,438969.95699687244,112451.06761348053,1728219.0977348587,212873.18631067322,75827.13864392374,774022.6505666604,5
CMA-ES-Resample(k=10),25,800,800,6666.807785368601,15783.162079266891,12586.725010729595,30357.01252656404,15677.606022609838,11170.902021239657,34996.69171636625,5
CMA-ES-Resample(k=10),26,800,800,4754.419347263328,38231.383908945136,11500.977570860787,145975.55517452888,19928.79695398442,9468.939135671018,62861.64580968974,5
CMA-ES-Resample(k=10),27,800,800,4517.218087626713,756212.3988859351,29904.955274250948,3566192.5653863656,43208.653358946554,11796.75810313642,167690.1633639373,5
CMA-ES-Resample(k=10),28,800,800,8668.736871927953,168699.01541450332,23014.10295709667,743016.5460995077,801730.838700191,35059.64534237696,3819405.719189653,5
CMA-ES-Resample(k=10),29,800,800,2629.466546824357,4637.876147212681,3954.3674267229717,8106.85156658818,4260.594214573608,3990.941917778816,6030.392884403505,5
CMA-ES-Resample(k=10),30,800,800,3610.9676612830717,10710.30339909335,6604.171616244867,28212.651826774214,8256.992974537156,7220.5260875072745,14019.540854233566,5
CMA-ES-Resample(k=10),31,800,800,3183.1962530014707,8731.971259440217,6280.507718459743,19836.067503589005,8756.73894104333,6627.299595949771,18970.218851495734,5
CMA-ES-Resample(k=10),32,800,800,4919.005485214536,149360.76296809912,30099.454200396038,624468.991234706,50775.3577533747,10967.041378709517,209949.95486167545,5
CMA-ES-Resample(k=10),33,800,800,5036.330732430779,10705.348336272778,8907.599059408663,19173.13303572449,9597.357570551467,8161.337341003139,16922.13267128007,5
CMA-ES-Resample(k=10),34,800,800,3627.3742696801964,8711.050807758009,7137.43690492289,16137.815932343814,9068.87742120392,7374.04006475654,17748.41986656436,5
CMA-ES-Resample(k=10),35,800,800,2752.2226267526416,5724.998284839625,4869.5995169407615,10237.447193070731,5633.512949776951,4976.832387202215,9284.650956694835,5
CMA-ES-Resample(k=10),36,800,800,3848.0894275226847,8835.224951638535,7440.460645411529,16057.165233618833,7571.553473853059,5842.217974049143,15518.124551183157,5
CMA-ES-Resample(k=10),37,800,800,5039.412808136002,27160.410352626517,13150.916359148245,87556.10214839542,15927.208186886222,12404.057120514246,33888.969850789086,5
CMA-ES-Resample(k=10),38,800,800,2091.6088753008257,3990.616748640804,3549.556478881167,6264.353995074156,3924.4750785086176,3445.36761207588,6460.676517823862,5
CMA-ES-Resample(k=10),39,800,800,2481.5833244906858,4034.418242325786,3777.4080083963813,5960.538389986425,4750.846494052955,4393.754778656437,6950.969365110113,5
CMA-ES-Resample(k=10),40,800,800,6189.964155641573,43170.755894200265,16929.11425644949,151994.74296608922,19297.088044840748,15051.520156387262,42380.310218386316,5
CMA-ES-Resample(k=10),41,800,800,3247.0418350259306,8151.969834238901,5411.54273942386,20377.111954658518,6420.762379958251,5081.779287365939,12750.65770587584,5
CMA-ES-Resample(k=10),42,800,800,2441.9773458905065,7094.759277779127,6111.796485763852,12464.5654788467,3992.8594391316,3727.6506174224587,5942.230326065166,5
CMA-ES-Resample(k=10),43,800,800,2560.372536894817,21501.564577733974,12105.965022875484,61133.06420028009,41193.5436479327,8325.473858257212,171619.946578909,5
CMA-ES-Resample(k=10),44,800,800,3686.315165881224,6426.992670335801,5842.765437002954,10094.25897041808,5494.310630342938,4971.606965470011,8457.411177406535,5
CMA-ES-Resample(k=10),45,800,800,2641.4891972963715,4562.49574137523,4256.465160729169,6557.649126538445,4487.118405307938,4248.204228602473,6477.172694257018,5
CMA-ES-Resample(k=10),46,800,800,8192.557565768811,2261285.8852428393,472009.5732337981,8987098.885827882,2237005.034470718,343292.9089325065,8962900.937308159,5
CMA-ES-Resample(k=10),47,800,800,4300.329525394594,73906.29268589879,8098.442976852639,334253.9120509982,16311.302659862387,8510.610693739725,49695.26544366974,5
CMA-ES-Resample(k=10),48,800,800,6162.374312955854,46977.18329682002,13039.113961363837,181306.74896079022,18123.47859992258,15256.057185369289,32878.42852044438,5
CMA-ES-Resample(k=10),49,800,800,2902.011807069918,5512.837624618554,4570.88483262877,9793.176845186457,64983.867925625,5144.715784329772,300710.36766789656,5
CMA-ES-Resample(k=10),50,800,800,2396.0012835199186,109626.450958673,6284.779920477578,513443.94927513326,11897.262164994056,5830.894895930507,37044.4035286291,5
CMA-ES-Resample(k=5),1,800,800,2282.81031789492,5145.9802553172585,4115.913624732199,10145.881670229448,3358.953075853076,3089.929795640225,5035.973544660056,5
CMA-ES-Resample(k=5),2,800,800,3874.0794191046903,9146.619560667697,8471.168598918048,15005.452763581348,8638.646382109811,7747.159324942167,14499.735959193255,5
CMA-ES-Resample(k=5),3,800,800,3476.651169579484,14757.042375754343,11458.36010714247,30393.009314888513,8801.941351096752,7934.673168065679,14192.075788954555,5
CMA-ES-Resample(k=5),4,800,800,2662.0007046587893,4561.751955543128,4027.4222355697893,7586.756170763017,5064.396835199741,3902.986342332086,10401.46764464757,5
CMA-ES-Resample(k=5),5,800,800,3396.1752227857705,29504.24627279082,6344.283090424004,121642.43780498196,7294.811696300162,6052.208147476433,13494.536140250635,5
CMA-ES-Resample(k=5),6,800,800,4495.199344963633,139314.17232889225,7987.156520151775,655671.4106664825,11347.526649910462,7954.354187670608,25653.535053339037,5
CMA-ES-Resample(k=5),7,800,800,2919.17310231844,11216.682206762982,5746.119519040392,34554.14410838121,5520.500164115481,4880.94463403199,9081.47913832961,5
CMA-ES-Resample(k=5),8,800,800,3541.7152913764808,6796.218810457936,5977.686917835959,11438.975056174075,5971.252001710421,5422.373015977868,9558.23441126163,5
CMA-ES-Resample(k=5),9,800,800,2067.004304750694,11884.794818586906,3714.096543139033,44648.68862378283,7366.867292409781,3797.5022564686788,22268.551787479824,5
CMA-ES-Resample(k=5),10,800,800,4342.0397475735,10706.5348234177,9697.661811174263,18085.71483118096,10334.4607822797,9165.429112574753,17304.66064177262,5
CMA-ES-Resample(k=5),11,800,800,2375.1994382083435,3720.82013733134,3392.174346704024,5505.3457427111325,3837.0828190634165,3446.8586279001674,6108.165089386214,5
CMA-ES-Resample(k=5),12,800,800,2892.8217684486117,12923.818670602765,4583.149244926835,46658.153057121366,85848.3244484321,4974.786702085668,404138.039693956,5
CMA-ES-Resample(k=5),13,800,800,4807.390606973007,13578.11565806029,11619.852118533236,24323.202107707566,9566.551691021614,8468.246751360834,16236.836312101814,5
CMA-ES-Resample(k=5),14,800,800,3034.437380893697,5484.812279526454,5060.62788266501,8217.920910499397,5777.227947848791,5140.359677883198,9262.83740444486,5
CMA-ES-Resample(k=5),15,800,800,3254.303233088035,1030811.8739168873,8253.39365517089,5044620.290684858,19419.4713905382,7915.307141345655,67072.5110286641,5
CMA-ES-Resample(k=5),16,800,800,2186.1922325053047,3677.343116566951,3169.051827238336,6119.381711642854,3772.9421944888904,3296.905151818546,6436.326185733498,5
CMA-ES-Resample(k=5),17,800,800,2882.757650071261,5466.226948668197,5083.731240923404,8045.999456519615,5168.60542603288,4685.729600290175,7911.431861699158,5
CMA-ES-Resample(k=5),18,800,800,7557.442888786554,135334.01955249524,38553.43255824939,519019.97107947903,62174.01968107115,20758.33043653299,228345.97404222126,5
CMA-ES-Resample(k=5),19,800,800,5771.743966691967,98024.44774285083,39626.365028637796,330605.476232706,31617.02668661537,18649.99080121184,87843.60955976987,5
CMA-ES-Resample(k=5),20,800,800,2778.7198372350017,9494.713837246847,6970.970669973404,21282.913591572393,6384.219327110752,5672.442217312773,10707.833155264756,5
CMA-ES-Resample(k=5),21,800,800,4197.748488515668,9881.098267317451,8715.286270167722,16555.353512075053,8081.443563720253,7192.031061459141,13771.761998599915,5
CMA-ES-Resample(k=5),22,800,800,2043.4546757880005,4068.1930438297254,3721.6758839036306,6090.393866689974,3870.3060899417496,3484.785190839389,5909.094507740829,5
CMA-ES-Resample(k=5),23,800,800,4332.745475123671,15483.933923968225,11380.551174297303,34567.40098328093,13216.66800196367,10801.773932805369,26002.8752572936,5
CMA-ES-Resample(k=5),24,800,800,22024.913474279136,257995.88414461876,41731.35802167804,1122088.8324011555,167777.98958287042,77266.4634047641,524225.07767230284,5
CMA-ES-Resample(k=5),25,800,800,5682.0645983530085,14682.80193481933,11649.485353087715,30088.62139505117,10222.490916723253,8659.041263054265,18984.194729481093,5
CMA-ES-Resample(k=5),26,800,800,3719.3247736456797,180311.24861745158,20181.52346410733,804219.8736405459,11734.962346990153,6735.765655823192,33209.60172041274,5
CMA-ES-Resample(k=5),27,800,800,3563.6816109903707,456834.42412850435,13021.976292096446,2182980.9446761278,53022.11196791504,8266.446154985715,230851.02377096764,5
CMA-ES-Resample(k=5),28,800,800,6843.185809835865,230909.1884073413,18347.83089413796,1053039.3425180207,555650.7373647557,20002.70647463818,2656266.7703559054,5
CMA-ES-Resample(k=5),29,800,800,2320.234616545276,4209.899079996787,3467.25232589273,7691.547774661821,3733.503812443584,3449.9139315627967,5508.914078181568,5
CMA-ES-Resample(k=5),30,800,800,3048.549284981031,5704.558118204372,4876.1517468692255,10474.700163153595,9636.254455934995,6309.432386419716,23621.510557308287,5
CMA-ES-Resample(k=5),31,800,800,3551.6289479533057,8936.23756522329,5961.273629776213,21966.715132359248,8623.522040684848,6140.0685771866265,20112.45943422171,5
CMA-ES-Resample(k=5),32,800,800,4229.324536727746,59332.20235952199,10392.957839040955,253555.79346310502,73961.76098946069,14072.707344284596,312349.63664229715,5
CMA-ES-Resample(k=5),33,800,800,3607.822894240513,6984.5502900146,5632.086256901944,13635.973373657256,6118.466381919745,5551.211252061721,9600.533794700626,5
CMA-ES-Resample(k=5),34,800,800,4663.3228678743435,10071.898642929202,8470.872489331981,18130.565743375602,9192.646793125947,7411.6888249224,18079.616330886565,5
CMA-ES-Resample(k=5),35,800,800,2816.5354310212056,4793.588523829924,4332.451116661759,7850.925338575557,5159.330143877974,4593.470096762879,8091.719727167523,5
CMA-ES-Resample(k=5),36,800,800,4055.230101796703,10647.968914889105,8807.495306786412,20032.62597423614,8035.099868867694,6923.471788170402,13221.975956661028,5
CMA-ES-Resample(k=5),37,800,800,4134.065158410653,18024.076237845977,7895.930431521878,59610.608213841304,9784.097137031291,7825.020856617344,19714.779096989685,5
CMA-ES-Resample(k=5),38,800,800,2712.0806490847663,5658.7979699107855,4898.942231900959,9458.51453660337,4766.671297541827,4206.795629510301,7948.800431958238,5
CMA-ES-Resample(k=5),39,800,800,2046.4379215222423,3634.2074570533405,3377.5790269784193,5250.963460955571,3461.257671097374,3165.8113475132977,5207.496945604721,5
CMA-ES-Resample(k=5),40,800,800,5256.020735986264,15137.007110225648,10501.97727320122,35788.59519609088,13769.065567624653,11355.141157659305,26850.047954635636,5
CMA-ES-Resample(k=5),41,800,800,2211.2353368141885,6129.168017368196,3925.471953191453,15519.73703571851,5145.5793313922895,3804.115084332494,11081.548514039268,5
CMA-ES-Resample(k=5),42,800,800,2017.4400258064225,3722.4503815161497,3342.949703271258,5883.67912833191,3480.36852896441,3196.034258386129,5181.369639348181,5
CMA-ES-Resample(k=5),43,800,800,2526.6283957750265,35579.70056768149,5387.2314217656185,154442.54315742425,27641.495044365573,5076.131943335013,117235.89668713229,5
CMA-ES-Resample(k=5),44,800,800,2522.466818452977,5117.880276022338,4613.097637021283,8327.809296024217,4914.248883546536,4376.568044781874,7781.587733125127,5
CMA-ES-Resample(k=5),45,800,800,2493.1047608649797,4411.0844688594525,4231.473763847056,6192.561422362095,3945.3334709583214,3801.463066704405,5528.045462425593,5
CMA-ES-Resample(k=5),46,800,800,11285.178789026913,3108339.8266418176,833644.4335259686,11801614.865626646,1628178.6341460105,263402.4839812331,6565982.216201732,5
CMA-ES-Resample(k=5),47,800,800,4980.694938315599,96165.20759028301,7463.200108552918,446224.3767261185,9688.531046550126,7532.557616106231,20186.60147589759,5
CMA-ES-Resample(k=5),48,800,800,5849.277155320405,32232.74645215754,27202.01540839135,62396.163764658864,11324.006775220718,9877.74363861932,19666.526531980067,5
CMA-ES-Resample(k=5),49,800,800,2810.4585107830258,12467.173330821175,3898.5403174152775,46970.71232687551,49758.29684629827,4323.490282424753,228819.36011451628,5
CMA-ES-Resample(k=5),50,800,800,2818.0304259962177,13362.479787561695,6116.851740921351,43131.5188978417,7170.336653217802,5187.931525142587,16158.219320809107,5
CMA-ES-sep,1,800,800,1974.007533768202,3921.7928470265597,2955.3947970575427,8170.949178060057,3201.5431035972188,2949.4186448689015,4878.476568348397,5
CMA-ES-sep,2,800,800,2612.789801783643,9629.478816999992,8282.932583092468,17129.801284535824,6360.001640537198,5605.177762898575,11043.501891052681,5
CMA-ES-sep,3,800,800,2833.8811340783327,6168.256411191194,5141.054424986805,11564.34277253001,5773.280201819964,5266.0681638265905,9555.609043116281,5
CMA-ES-sep,4,800,800,2652.7527120377435,6337.9916308802185,5550.641663657501,10626.859762692195,5036.610898538908,4188.123241764111,9342.037468652386,5
CMA-ES-sep,5,800,800,2492.027302658267,15990.073335596891,4939.269321797094,60631.57799667145,5835.243397016391,4676.411935452732,11426.187063593297,5
CMA-ES-sep,6,800,800,2819.885535201477,220340.42416272388,5672.274201593613,1064178.2495454988,15159.500598404717,4789.085992261467,56979.99516527665,5
CMA-ES-sep,7,800,800,2049.670669809992,10692.550228059472,3823.9095128567283,38394.53600045485,3860.2688933826876,3329.8278391479075,6673.314133409349,5
CMA-ES-sep,8,800,800,2731.0065257766432,5447.817899898451,4772.346339914035,9639.017346285156,5160.606658239306,4544.925630209516,8779.62146309653,5
CMA-ES-sep,9,800,800,2175.3320106300525,72091.5661052739,3426.50720440611,341526.08648894995,8061.288012509032,3413.2649929402533,26842.260835377077,5
CMA-ES-sep,10,800,800,3802.3166875271036,7319.445874271087,6084.289949121022,14001.807258005661,7334.455562925577,6128.986279451747,13737.669003173243,5
CMA-ES-sep,11,800,800,1963.1013933872593,4131.865138218579,3803.8337098585152,6036.982534795513,3519.2651419221115,3073.3121815688246,5718.944653424498,5
CMA-ES-sep,12,800,800,2099.4268496522445,4183.782190106032,3744.7480519489027,6798.032625336538,105327.0207920108,4564.5632165357365,501345.9241913054,5
CMA-ES-sep,13,800,800,3384.306134380681,12180.120618517685,10437.424774810504,22178.889078674507,7477.641377092072,6604.525668038068,12687.396884273472,5
CMA-ES-sep,14,800,800,3060.3267300163848,6810.187878490065,6249.627471689913,10590.290524644408,7398.918510949161,6681.878830981641,12186.315955100203,5
CMA-ES-sep,15,800,800,2936.1160231132617,1455841.5354940048,4731.412749021238,7149050.996860191,10809.686470477045,4512.298067669755,36451.26278441955,5
CMA-ES-sep,16,800,800,1964.0471804154602,3301.7444799928467,2883.2235127324084,5466.505114014062,3233.2134612460904,2845.3258603553077,5125.228885977574,5
CMA-ES-sep,17,800,800,2681.0680198613527,4842.105668207791,4587.798657923766,6990.286218272971,4651.139474151309,4305.6380105450935,6939.5977700229605,5
CMA-ES-sep,18,800,800,4168.4759012475315,151930.95725740964,16644.90737426812,679229.3173978949,16937.813526324837,8114.118792748972,54183.72870595672,5
CMA-ES-sep,19,800,800,3011.2664049531427,7496.268021684802,6286.0690121677835,14016.129068006067,15987.42232435896,6072.191738002472,55958.18774600196,5
CMA-ES-sep,20,800,800,2920.383917073665,9755.507784551293,6132.95335672868,25545.13926076795,5873.196704395888,4709.51182758291,11813.879300745592,5
CMA-ES-sep,21,800,800,3473.96132138132,11401.50367686453,9759.456674522273,20854.18800597381,7761.173488559485,7041.639953172545,12989.671553457003,5
CMA-ES-sep,22,800,800,2171.425031311774,3474.2431048764574,3077.1030262156114,5328.371421527012,3605.605862041355,3174.5152535416046,5795.08986646566,5
CMA-ES-sep,23,800,800,4797.493677107002,15712.757721036849,12222.752368134401,33933.05293588303,13451.674484468647,11102.937531272,25837.099104132645,5
CMA-ES-sep,24,800,800,9623.850137816124,675390.304735136,72959.16063221399,2982549.0382772284,89289.01483988,49429.90096663158,264420.8150774607,5
CMA-ES-sep,25,800,800,3036.6637688889614,14548.299996648833,10262.537693588492,33917.74198223359,9332.192811610561,7219.365379379231,20028.239686771438,5
CMA-ES-sep,26,800,800,2737.9400435229827,9683.07809688977,4639.7711159102655,30772.265697619274,6169.95046992487,4533.203574611032,13486.14639368204,5
CMA-ES-sep,27,800,800,3146.596327389682,307821.82280575746,9417.813041016467,1479856.0841606164,50426.442525078186,10083.261183335302,211653.54707535228,5
CMA-ES-sep,28,800,800,4872.9861605916085,1194450.6167796645,127211.98156309486,4927882.061694079,827800.9895677777,20446.987683598374,3944390.7055432647,5
CMA-ES-sep,29,800,800,2050.3378201786973,4617.896920760284,3861.893734817031,8150.919884229749,4069.7713374087634,3942.5180403679647,5813.765434056667,5
CMA-ES-sep,30,800,800,2443.949527355195,35426.23821422631,5204.011266332113,155365.4046647932,11559.560780705864,5263.744521252097,37349.397153109705,5
CMA-ES-sep,31,800,800,1921.0977583056758,7269.362201270062,5163.519744417201,16753.729241942343,7098.523669837135,4660.711574632087,17659.618946294082,5
CMA-ES-sep,32,800,800,3778.077071222052,185777.62522579113,8596.923899328982,876503.1048074173,102384.11643155929,7664.01378980689,473779.4037560342,5
CMA-ES-sep,33,800,800,3073.60629781313,10371.84038237886,7887.739158384313,22153.88696620039,5546.412049996365,4986.733997330104,9132.141126117402,5
CMA-ES-sep,34,800,800,3251.617474235816,7659.295550355922,6154.361226695235,14553.186116615356,7821.521683889745,6270.144497606525,15307.080693921056,5
CMA-ES-sep,35,800,800,2360.7368239888337,5048.918949028233,4232.77294262316,8967.107183653534,4548.6968459745,3990.4757203682702,7496.061314436156,5
CMA-ES-sep,36,800,800,2777.495691942581,19085.20850172847,9158.214395659586,56258.10844398032,4732.97712411535,4088.3002221837337,8213.215621168412,5
CMA-ES-sep,37,800,800,3430.3139360730365,24036.392147777962,7779.265808772721,88642.6542601815,8974.39928564179,7367.652087680544,17076.37217782917,5
CMA-ES-sep,38,800,800,2257.1697901862326,4003.802396433979,3574.265866532616,6403.831911445172,3949.4992993576034,3500.607919193704,6332.7432996894495,5
CMA-ES-sep,39,800,800,1514.8047626267619,3476.257766204226,3197.031096241546,5088.660254425516,3211.1347723680537,2888.4955966557013,5097.24991215557,5
CMA-ES-sep,40,800,800,5493.20886797228,12001.227846407952,8336.675854878566,27779.89451266716,11113.89184485994,9226.012566895726,22339.48887298111,5
CMA-ES-sep,41,800,800,2139.58017562168,5822.791003767044,3619.364381565888,15308.091151225733,5025.1990950064455,3639.8264577536684,11150.66369945876,5
CMA-ES-sep,42,800,800,1845.3893365547817,4126.546737663597,3293.0918650920757,8061.303804787273,3486.3088539978507,3272.4807231729487,5120.560529502384,5
CMA-ES-sep,43,800,800,1984.0763456084862,99820.8247673904,3658.961102278341,477431.6459050203,22288.487190998214,3469.9910198504313,96416.37579170997,5
CMA-ES-sep,44,800,800,2114.0496332003354,4560.647361912834,4163.164821801916,6908.093033226051,4091.4499104800907,3784.893189413371,6136.133093894047,5
CMA-ES-sep,45,800,800,2180.140199652433,3567.789226734726,3294.1404858640644,5223.831943857196,3425.181301401928,3171.904975027475,4925.705272920048,5
CMA-ES-sep,46,800,800,12156.175393898948,3831052.9319394273,958599.6875872847,14295738.20562925,2658464.718124523,508615.52004428144,10766552.643340092,5
CMA-ES-sep,47,800,800,3229.728977183806,185597.2770709946,10166.257556630433,877520.2931815843,6225.416319424988,5455.418087273525,10245.903744736386,5
CMA-ES-sep,48,800,800,6207.2287013695695,11866.610508270747,10553.453076436057,19400.961083769464,13228.808747793855,11850.764069707027,22134.926033608182,5
CMA-ES-sep,49,800,800,2607.729474263552,4870.80513221818,4362.735952663588,7930.573928956113,84187.37942489039,4127.32125818438,399034.08386587934,5
CMA-ES-sep,50,800,800,2879.0034835612587,13734.943739953333,5218.912948559321,48241.46929679447,8322.028979430448,5842.795203900521,19248.661011652395,5
UH-CMA-ES(maxevals=30),1,800,800,2428.670447758422,4121.64922019079,3262.5331888787928,8160.888702378282,3556.001668259262,3236.9381064156505,5333.660298270396,5
UH-CMA-ES(maxevals=30),2,800,800,3280.9320494574213,7614.386224968271,6604.386570884262,13154.892352498526,7299.404296869578,6526.815398945924,12430.969326058657,5
UH-CMA-ES(maxevals=30),3,800,800,3618.6548419987053,8022.088501295033,6871.923102930241,14068.285739619012,8763.811018148092,7782.9129504016455,14595.133770026303,5
UH-CMA-ES(maxevals=30),4,800,800,2731.7700711782295,4953.3448244421215,4254.780359020606,8400.99199218779,5313.448424519703,4260.6885341462075,10423.738640321591,5
UH-CMA-ES(maxevals=30),5,800,800,3283.791450263453,75459.56112294071,10812.833845583307,330763.2609302855,6131.620294767967,5284.298322085277,10808.057456834358,5
UH-CMA-ES(maxevals=30),6,800,800,4316.823117412119,171696.72292379398,7787.58178963233,816549.2180579598,10434.338030556588,7704.972902803749,23922.771632736258,5
UH-CMA-ES(maxevals=30),7,800,800,2725.4100549319596,15500.592604833946,4715.401261098041,58741.30559282931,4835.109506800732,4191.872062710457,8109.9704252236925,5
UH-CMA-ES(maxevals=30),8,800,800,3191.5038716881604,6431.326794278766,5478.797662100996,11654.402788926778,6550.044593517039,6021.800929197993,9843.452524897539,5
UH-CMA-ES(maxevals=30),9,800,800,2593.480647968342,41175.7637551315,5628.955230983551,175595.9403547449,14855.454598864631,3812.14294493942,58906.85473727935,5
UH-CMA-ES(maxevals=30),10,800,800,3299.964950438003,7893.582294827121,6584.500311231463,14942.611396991046,8178.034369745303,7010.820838329715,14989.411814906289,5
UH-CMA-ES(maxevals=30),11,800,800,1860.8563561311344,3977.61643866716,3669.400368669286,5967.653320472605,3892.793221653217,3559.541423874366,6102.894463405244,5
UH-CMA-ES(maxevals=30),12,800,800,2800.2262909001815,112403.33867038519,6097.170199502112,530055.3560572384,111102.67908921637,5296.791892330401,527122.3294709717,5
UH-CMA-ES(maxevals=30),13,800,800,3541.9970926296537,8480.165932077382,7489.376434186495,14734.047327408227,9285.034979749247,8413.737943935139,14923.104986173059,5
UH-CMA-ES(maxevals=30),14,800,800,3168.638459535905,31799.866777230705,15283.40932471673,95566.46108379215,6252.65449071805,5577.201699378977,10062.000096166552,5
UH-CMA-ES(maxevals=30),15,800,800,3374.117966650049,1449245.2070156129,4844.95100921357,7116603.3775991285,26893.041433270948,6679.584198482444,107661.63354811825,5
UH-CMA-ES(maxevals=30),16,800,800,2034.694052201948,3506.140713529696,3032.4999661443453,5950.268155038557,3438.9593726755825,3145.925531231548,5212.7731004238385,5
UH-CMA-ES(maxevals=30),17,800,800,2675.401465978868,6233.668957976139,5543.516086813883,9729.010216216662,5084.6139101864865,4692.202943754295,7549.325437448277,5
UH-CMA-ES(maxevals=30),18,800,800,4483.703892381409,228482.50168349457,41705.900307418764,956461.8131951111,46868.08369501226,15922.248045782388,170473.29321820874,5
UH-CMA-ES(maxevals=30),19,800,800,4477.80366338511,34417.747828558306,15975.616607268821,109350.47380224118,34538.603323508694,14936.277880267693,116162.63137364434,5
UH-CMA-ES(maxevals=30),20,800,800,3061.4330966041034,106500.49520690163,9540.75778626349,483334.5880639553,7532.765690966833,6088.501502134934,14877.884433069345,5
UH-CMA-ES(maxevals=30),21,800,800,4674.412462434428,9883.424009579307,8510.783217842112,16871.61661635973,8561.807503254746,7351.061859826159,15221.872778533703,5
UH-CMA-ES(maxevals=30),22,800,800,2189.0947077594665,3866.6726675046475,3606.6810753376517,5646.394026953583,3434.3067501580176,3081.464658954389,5296.137082640937,5
UH-CMA-ES(maxevals=30),23,800,800,3786.593799403321,42516.315555698726,35605.020143881295,87173.146982779,12197.552903502637,9416.47403451442,25464.70105596774,5
UH-CMA-ES(maxevals=30),24,800,800,36307.106340512175,618753.4577335604,196468.7960420452,2404303.770207938,243821.86139971635,118986.89730113462,758832.9621121251,5
UH-CMA-ES(maxevals=30),25,800,800,4297.511163535822,11890.325031535362,7885.914262619694,28793.15868560535,9628.998274178959,7015.341338539505,21383.5736190991,5
UH-CMA-ES(maxevals=30),26,800,800,2265.788658139417,7091.266857783294,4787.329126383049,17754.218656206973,6138.638951201802,4686.721139297466,12851.44306072423,5
UH-CMA-ES(maxevals=30),27,800,800,3865.221324349348,330346.8765881667,16686.79617109518,1555883.1851521726,195532.79318383383,25219.984935721754,854901.1875917919,5
UH-CMA-ES(maxevals=30),28,800,800,6259.82988661114,286178.43627748557,25910.28344046511,1286997.655327767,797170.5701561195,24546.747880774492,3818335.0677313427,5
UH-CMA-ES(maxevals=30),29,800,800,2267.7446469653055,4666.062309812945,4094.944102868109,7839.304848799622,3663.037893376232,3418.9587360109413,5191.228824009348,5
UH-CMA-ES(maxevals=30),30,800,800,2625.2509595865185,23881.432952300478,5282.894238568777,97698.17819665025,13769.80902533717,5607.181088934303,47143.42374343599,5
UH-CMA-ES(maxevals=30),31,800,800,2738.554740824681,10442.415768702997,7328.998139360305,24562.22383700031,7686.713812674509,5475.756594139032,17717.504489082297,5
UH-CMA-ES(maxevals=30),32,800,800,4572.269337576666,32532.40152605717,7140.888381211718,134285.31766130464,51515.64076643559,7696.959775794081,224898.32158142733,5
UH-CMA-ES(maxevals=30),33,800,800,3330.1656781900997,7459.891141849006,6138.497751544464,14145.290312775933,6959.533523050073,6626.76360655057,10818.436931681706,5
UH-CMA-ES(maxevals=30),34,800,800,3809.939840927154,9243.405770085623,7703.099572006597,17304.319149761588,10043.493754653846,8017.526972521452,20313.40332356038,5
UH-CMA-ES(maxevals=30),35,800,800,2668.7036536024148,4981.263331618605,4430.273958563817,7929.493701072214,4942.606682411668,4299.389864273422,8172.640909917412,5
UH-CMA-ES(maxevals=30),36,800,800,3116.966005877584,7390.87125499309,5888.16953296287,14512.378426133804,6273.126814563103,5764.998652245351,9901.824231434819,5
UH-CMA-ES(maxevals=30),37,800,800,3893.524866924935,25147.48347360469,8619.863394003463,91551.03521197166,10886.474043818265,8869.77671734993,21579.33039949639,5
UH-CMA-ES(maxevals=30),38,800,800,2348.9840988881983,3947.3744198262434,3613.742228014122,5866.403970564475,4150.378772285812,3741.263265167854,6528.010845697815,5
UH-CMA-ES(maxevals=30),39,800,800,2109.7481255734815,3873.5987874683224,3562.504448320425,5826.886569551128,3604.8683551966647,3309.7758939576343,5435.14852538891,5
UH-CMA-ES(maxevals=30),40,800,800,4784.25317663903,15836.722548371825,11821.2884297538,34891.70814047235,16279.641344873951,12948.199105786349,33510.735607563576,5
UH-CMA-ES(maxevals=30),41,800,800,2270.3027774953775,5968.094278785356,4028.4306718942885,14510.04618369647,5221.850691771324,3983.2705477772697,10928.781873971104,5
UH-CMA-ES(maxevals=30),42,800,800,2593.3743740304394,5395.258549925729,4333.558585802062,10758.553239964562,4335.887033175658,3929.1994489903386,6876.101985817097,5
UH-CMA-ES(maxevals=30),43,800,800,2473.961487419134,225439.38126744586,5589.111376858415,1068543.0738802445,80806.63524009855,5066.8045314250585,378573.426496018,5
UH-CMA-ES(maxevals=30),44,800,800,2855.6724232857705,6228.185044331325,5506.081904704266,10417.820252154526,4471.2249846246705,4176.8487686453955,6807.641096901068,5
UH-CMA-ES(maxevals=30),45,800,800,2787.2987356287667,4458.376723740065,4117.837889519765,6663.21857038816,3916.86197370871,3631.8618324748145,5692.678720363731,5
UH-CMA-ES(maxevals=30),46,800,800,7249.836770174077,1967339.082977028,333531.17371041095,8336632.932147494,1838650.7571557811,224128.83251168285,7477846.9111555675,5
UH-CMA-ES(maxevals=30),47,800,800,4281.557706179589,167432.31867092295,11820.900307624643,778637.0198050293,26340.753699668232,11685.70336334796,87737.52664641818,5
UH-CMA-ES(maxevals=30),48,800,800,5474.5587396308665,17407.69403321475,14121.947035012538,34321.02625180124,15324.026446586695,12373.682680685455,30692.996637685577,5
UH-CMA-ES(maxevals=30),49,800,800,2630.295794444687,15740.76158459966,3892.4841342083614,63182.99414980296,45559.51779119287,4538.45685252313,207456.1805807023,5
UH-CMA-ES(maxevals=30),50,800,800,3034.257733889519,307446.8110975318,57737.63898830965,1261928.5308208792,7822.92971056968,5713.552165701348,17035.995304730186,5
