algorithm,seed,max_evals,evaluations,best_noisy,post_true,post_median,post_cvar20
BERW-HeteroRobust,1,200,200,0.00658013877727421,0.024592371327001795,0.017124675682795944,0.0573635709517495
BERW-HeteroRobust,2,200,200,0.011438896765654571,0.05769956884802638,0.044463333203197036,0.12731466574977082
BERW-HeteroRobust,3,200,200,0.0868252837362633,0.15784034927652052,0.15043819276281267,0.2255965171502605
BERW-HeteroRobust,4,200,200,0.00280111033046399,0.016718411166345933,0.013392991136664058,0.034555874803310696
BERW-HeteroRobust,5,200,200,0.0018296283430790973,0.011664637551861277,0.007232121832243307,0.032423326898042094
BERW-HeteroRobust,6,200,200,0.04004213831987727,0.0494103859222511,0.04966699237106375,0.06540159638366579
BERW-HeteroRobust,7,200,200,0.004019658609215867,0.017002645215038817,0.012065190973124383,0.037090681320594496
BERW-HeteroRobust,8,200,200,0.0230366872375649,0.050309187010843984,0.043609119554324144,0.08227125045585883
BERW-HeteroRobust,9,200,200,0.0009444437326356656,0.009428852385025359,0.0061923375184676265,0.024939536934368744
BERW-HeteroRobust,10,200,200,0.02714947168053643,0.06435313602237795,0.05914668391518023,0.0981365435727253
BERW-HeteroRobust,11,200,200,0.004900571480911584,0.061903663504889406,0.05266664167253324,0.11890624776636491
BERW-HeteroRobust,12,200,200,0.0024088504214967643,0.014576714794600085,0.011062757676323181,0.03192009753564263
BERW-HeteroRobust,13,200,200,0.057408509435252546,0.1398610743046611,0.13345317381978164,0.1905288348706426
BERW-HeteroRobust,14,200,200,0.0020664670520831414,0.00876485848254369,0.006311205687417816,0.02074342217654549
BERW-HeteroRobust,15,200,200,0.0027316768301774885,0.028233054428525646,0.02438897315263688,0.04706967668723149
BERW-HeteroRobust,16,200,200,0.012166695971246677,0.03735071945197835,0.029187899919399428,0.07310991215332788
BERW-HeteroRobust,17,200,200,0.12097772937235868,0.17135343199301845,0.16788908235957994,0.19586904231866262
BERW-HeteroRobust,18,200,200,0.005613641382507662,0.015184159181084476,0.012621056034770747,0.030373608115605386
BERW-HeteroRobust,19,200,200,0.006659611345356906,0.10158897460595313,0.09996275327131013,0.18089884170465842
BERW-HeteroRobust,20,200,200,0.03315535761292669,0.056372076372565416,0.05237133511751202,0.08199538818841269
BERW-HeteroRobust,21,200,200,0.001090246405931558,0.007995338565939172,0.005810786117224784,0.019259366354674477
BERW-HeteroRobust,22,200,200,0.02375616572430928,0.0554645118889311,0.049580352548438476,0.0839146060578744
BERW-HeteroRobust,23,200,200,0.04765420350502577,0.12245087100856236,0.1207021202350963,0.18601794392131213
BERW-HeteroRobust,24,200,200,0.015913916368951772,0.04885485369195124,0.03616631531471805,0.10003478855931809
BERW-HeteroRobust,25,200,200,0.007009398589426613,0.03325735550799059,0.020671161446758988,0.08414222999843164
BERW-HeteroRobust,26,200,200,0.02080010822902272,0.06030298595413951,0.05896770696082014,0.09274929948809525
BERW-HeteroRobust,27,200,200,0.004703118681722178,0.03866716750581857,0.037487159239384255,0.060793743767083616
BERW-HeteroRobust,28,200,200,0.0008833555374758192,0.018993554495602638,0.018654173320805136,0.03123601454295315
BERW-HeteroRobust,29,200,200,0.027866095915424043,0.11291113873276104,0.11322787766705185,0.16244310006300242
BERW-HeteroRobust,30,200,200,0.004285568667236301,0.022315556629211156,0.01441586881049964,0.05260780914410516
BERW-HeteroRobust,31,200,200,0.12540074882250546,0.15804683294260713,0.15673315715725694,0.2373389212708516
BERW-HeteroRobust,32,200,200,0.015016168561643286,0.03957654903867002,0.03099416613613831,0.08448275005847071
BERW-HeteroRobust,33,200,200,0.012940674612023945,0.036269043855176396,0.02961112948272599,0.06476208158688158
BERW-HeteroRobust,34,200,200,0.03154053095022126,0.056876807584339384,0.054953509604245235,0.07430562836026121
BERW-HeteroRobust,35,200,200,0.008024820202670035,0.01618233235370781,0.011720670691139808,0.03597520805300075
BERW-HeteroRobust,36,200,200,0.017177268321267248,0.07248138044439278,0.059434846921323226,0.134103186904922
BERW-HeteroRobust,37,200,200,0.06561563176608487,0.1271464201887769,0.10619763099083146,0.23100511204153795
BERW-HeteroRobust,38,200,200,0.005669883059889125,0.03630171813578572,0.030573980004641593,0.06601515749305013
BERW-HeteroRobust,39,200,200,0.001231097144670876,0.015211319408425687,0.006178756581062384,0.04740470506198922
BERW-HeteroRobust,40,200,200,0.02343408150851079,0.08328511718679159,0.061514508575740014,0.17297695612268113
BERW-HeteroRobust,41,200,200,0.005837789683965691,0.03060407631158072,0.02712307410533024,0.060305647437426224
BERW-HeteroRobust,42,200,200,0.04933522453672173,0.18673625736774296,0.1792415739959781,0.2731352537145433
BERW-HeteroRobust,43,200,200,0.021260756060815088,0.08032108356881713,0.07106167635396218,0.12548728591277258
BERW-HeteroRobust,44,200,200,0.034433832236355724,0.1326474069270625,0.1284392737902315,0.1845926063525624
BERW-HeteroRobust,45,200,200,0.0045680011427028325,0.08865439002591419,0.054315673313344956,0.22885982709650232
BERW-HeteroRobust,46,200,200,0.017706455424028655,0.04854045380953735,0.04765384763089177,0.07089414632491943
BERW-HeteroRobust,47,200,200,0.007301332425188965,0.02062212494183941,0.017712633745034453,0.03906229209317463
BERW-HeteroRobust,48,200,200,0.002130742012679393,0.05771757219653298,0.0584452392389568,0.08287083844396262
BERW-HeteroRobust,49,200,200,0.04726759858099627,0.1103556055375565,0.11013082771866049,0.16405714075845437
BERW-HeteroRobust,50,200,200,0.01994789084792622,0.04113390495101926,0.037138174578123566,0.06812239498233476
CMA-ES-Resample(k=10),1,200,200,0.03810246637139632,0.12366504806589416,0.10674998038522857,0.221206356146429
CMA-ES-Resample(k=10),2,200,200,0.06988022028286908,0.095457016869679,0.09673667877680985,0.12116707881752305
CMA-ES-Resample(k=10),3,200,200,0.12843038123219672,0.1573693600732094,0.1574222122081826,0.17874197149700224
CMA-ES-Resample(k=10),4,200,200,0.06628042418134028,0.0922536276974083,0.09435993201130613,0.1133764237599723
CMA-ES-Resample(k=10),5,200,200,0.02233237204670698,0.030890299504705798,0.03125545434708221,0.04118353645587315
CMA-ES-Resample(k=10),6,200,200,0.030336876195563404,0.06239092394779781,0.061087247865752384,0.08028089434955545
CMA-ES-Resample(k=10),7,200,200,0.0501296276152448,0.06837832041516351,0.06957699003859408,0.08352449847299895
CMA-ES-Resample(k=10),8,200,200,0.04451512617700535,0.08366148163591566,0.06628515780997492,0.1523388113097974
CMA-ES-Resample(k=10),9,200,200,0.06097735084088458,0.06896730899722701,0.06998420696804081,0.08686187377563873
CMA-ES-Resample(k=10),10,200,200,0.06112175741076222,0.0961773608882181,0.09250781889072121,0.12310543877350702
CMA-ES-Resample(k=10),11,200,200,0.04665647986594589,0.07544991255213956,0.07504089533690919,0.1074989283920157
CMA-ES-Resample(k=10),12,200,200,0.017106966205256192,0.027076432134717335,0.025923052588024836,0.041200452998912986
CMA-ES-Resample(k=10),13,200,200,0.11887410153946969,0.18055893915453947,0.16532749970600433,0.2966469089913935
CMA-ES-Resample(k=10),14,200,200,0.015304436843090838,0.04387563656675689,0.044829613230876135,0.055714711935182064
CMA-ES-Resample(k=10),15,200,200,0.04014068602339144,0.0478058691923669,0.047090355869072544,0.055532982909331834
CMA-ES-Resample(k=10),16,200,200,0.07899256377513426,0.09935396212189347,0.10197149640490327,0.12424960339956745
CMA-ES-Resample(k=10),17,200,200,0.07359787895118448,0.18933483258206804,0.1892589178625108,0.275183056664272
CMA-ES-Resample(k=10),18,200,200,0.06370902063775932,0.07323477094128272,0.0712769858563309,0.10404848857550862
CMA-ES-Resample(k=10),19,200,200,0.06540217622996719,0.11060446076825663,0.10729982983326167,0.16143703089393652
CMA-ES-Resample(k=10),20,200,200,0.0572467610714313,0.08245972449756009,0.07918945081725194,0.1152666723810205
CMA-ES-Resample(k=10),21,200,200,0.05457190581848398,0.0836663885362934,0.07851487486350292,0.11141777878317849
CMA-ES-Resample(k=10),22,200,200,0.047367370264394845,0.0707436587986091,0.06874840711996233,0.08748617098847118
CMA-ES-Resample(k=10),23,200,200,0.08069907801531989,0.10946075173547573,0.11029421393535396,0.12495220392039909
CMA-ES-Resample(k=10),24,200,200,0.058883178425408446,0.11215390972928618,0.09018686421756815,0.20130172007600514
CMA-ES-Resample(k=10),25,200,200,0.012663914057325604,0.06845477943508377,0.050015999036844755,0.1417155080019051
CMA-ES-Resample(k=10),26,200,200,0.06067971804042796,0.0986369893602389,0.09905002415985692,0.11513975468935837
CMA-ES-Resample(k=10),27,200,200,0.016346380882137836,0.07687666589491886,0.06481031955707997,0.15854804160899647
CMA-ES-Resample(k=10),28,200,200,0.022792348704441773,0.05037525909621228,0.052900580153108834,0.06434909049120309
CMA-ES-Resample(k=10),29,200,200,0.06514162336439672,0.13813000777977075,0.1351230127661971,0.17403703428723288
CMA-ES-Resample(k=10),30,200,200,0.025939472754683078,0.04412580463974651,0.04205756167136698,0.06298040191626116
CMA-ES-Resample(k=10),31,200,200,0.07237063214750694,0.18842609030798618,0.1855928130832445,0.2958893526385878
CMA-ES-Resample(k=10),32,200,200,0.05303306383431716,0.10043040214140853,0.09400314954874806,0.15605083446461826
CMA-ES-Resample(k=10),33,200,200,0.060800551132618556,0.07844225115209494,0.07786266136381342,0.09692676480737808
CMA-ES-Resample(k=10),34,200,200,0.0194021601464277,0.044280389674506745,0.04318765145714036,0.06327511095820734
CMA-ES-Resample(k=10),35,200,200,0.037311023941018887,0.06752317881553006,0.06557402739153577,0.0832273304990074
CMA-ES-Resample(k=10),36,200,200,0.3130838487334946,0.38641308519442674,0.3783065533990355,0.4547435827226927
CMA-ES-Resample(k=10),37,200,200,0.11576910753001922,0.13529749301041738,0.13801816207653547,0.15860252500097366
CMA-ES-Resample(k=10),38,200,200,0.06303860212964232,0.07740722862238056,0.07595167263895074,0.09172590873655363
CMA-ES-Resample(k=10),39,200,200,0.07018647109929123,0.08664385629977209,0.08405613598929107,0.10582350867948478
CMA-ES-Resample(k=10),40,200,200,0.09666453285121958,0.14155506803283746,0.14012470864561327,0.16783773941457908
CMA-ES-Resample(k=10),41,200,200,0.03756661009968587,0.08740445517334755,0.07240484011871373,0.14739837136999398
CMA-ES-Resample(k=10),42,200,200,0.12231929341314261,0.20412549360309917,0.20702937431752838,0.263400455014269
CMA-ES-Resample(k=10),43,200,200,0.07910757563663579,0.12500107877730504,0.1220354107633328,0.14881120524740465
CMA-ES-Resample(k=10),44,200,200,0.09121275664023751,0.14669934723559896,0.144838400259877,0.18501365557949767
CMA-ES-Resample(k=10),45,200,200,0.08724748851341571,0.11244342811066678,0.1102608155608516,0.1396457308242479
CMA-ES-Resample(k=10),46,200,200,0.06494214388196294,0.07503546332945488,0.07399093233199258,0.09454996130495048
CMA-ES-Resample(k=10),47,200,200,0.05240489711300357,0.07331752446799304,0.07020584000928129,0.09607882050131775
CMA-ES-Resample(k=10),48,200,200,0.08196189123668571,0.12717981700889405,0.12390351154656368,0.1800802826382079
CMA-ES-Resample(k=10),49,200,200,0.07465152062883827,0.1186815966548461,0.11350775756478793,0.17867433748621359
CMA-ES-Resample(k=10),50,200,200,0.03553527156983114,0.1011886801986038,0.08532720578164393,0.16943185576433387
CMA-ES-Resample(k=5),1,200,200,0.013774077861035877,0.027206694358941044,0.021831645587715935,0.054609182670363667
CMA-ES-Resample(k=5),2,200,200,0.06252305056105628,0.08188035702827025,0.08050116099407018,0.09887658195806585
CMA-ES-Resample(k=5),3,200,200,0.08727863674539799,0.16536831335984709,0.16400425026361415,0.21235446268441913
CMA-ES-Resample(k=5),4,200,200,0.006682868185675785,0.020063429105734044,0.020204858694709928,0.027423314048595385
CMA-ES-Resample(k=5),5,200,200,0.03224001693755532,0.05933383473922995,0.0574478805074943,0.08799668143896348
CMA-ES-Resample(k=5),6,200,200,0.0339200093024891,0.05295478223147174,0.0515091921002362,0.06895234297925787
CMA-ES-Resample(k=5),7,200,200,0.008358415694110992,0.021692030650237185,0.009675264609013336,0.06535072804583138
CMA-ES-Resample(k=5),8,200,200,0.07331641138562744,0.10127354758319478,0.10194368946670193,0.12294123022587353
CMA-ES-Resample(k=5),9,200,200,0.029109117096166724,0.07195212994106116,0.0704356913072588,0.09153602841499422
CMA-ES-Resample(k=5),10,200,200,0.016027552153472648,0.06286051500758556,0.04560217928352944,0.13886188188266052
CMA-ES-Resample(k=5),11,200,200,0.008067836337160352,0.04678662217957127,0.025978131190907246,0.12675730040487948
CMA-ES-Resample(k=5),12,200,200,0.013128223171680362,0.019711303261641767,0.01582569360712536,0.038474481187730454
CMA-ES-Resample(k=5),13,200,200,0.017689645584183164,0.14188426239653157,0.1351863651433538,0.19009920826826426
CMA-ES-Resample(k=5),14,200,200,0.01328512588155554,0.04193937255624759,0.029022788725231646,0.09357949122632561
CMA-ES-Resample(k=5),15,200,200,0.020473308070876977,0.030377218386493078,0.02952229871439918,0.047552674550961224
CMA-ES-Resample(k=5),16,200,200,0.003788884513265423,0.03589314381235652,0.023209956838020893,0.09668473007558556
CMA-ES-Resample(k=5),17,200,200,0.10033936142244673,0.17874707766764641,0.17084947109035625,0.22509830682625104
CMA-ES-Resample(k=5),18,200,200,0.012918956941660554,0.028442593948931828,0.02499485414088947,0.048510457478076884
CMA-ES-Resample(k=5),19,200,200,0.004801195351377946,0.11249634178278291,0.11374409052773601,0.12553381226573465
CMA-ES-Resample(k=5),20,200,200,0.06314419259534054,0.11125864871346261,0.11153526074567774,0.1460051541631864
CMA-ES-Resample(k=5),21,200,200,0.003337435746924198,0.013847325421575869,0.014285103716961449,0.019019656397819745
CMA-ES-Resample(k=5),22,200,200,0.03904440890895797,0.0883229828345962,0.0802054567939329,0.1305107148121381
CMA-ES-Resample(k=5),23,200,200,0.07503784537445644,0.11893493944628844,0.11608721981257122,0.14923217061736607
CMA-ES-Resample(k=5),24,200,200,0.04440856847195398,0.09710482446663185,0.08818703243694032,0.1505852572417801
CMA-ES-Resample(k=5),25,200,200,0.009426116891855588,0.041564269069312064,0.03528091699770969,0.08246216866916158
CMA-ES-Resample(k=5),26,200,200,0.03962493227391357,0.08594822854019865,0.067074437619091,0.1745019339204652
CMA-ES-Resample(k=5),27,200,200,0.05811760915555288,0.12081406509188633,0.11382983018153735,0.1618123250353997
CMA-ES-Resample(k=5),28,200,200,0.007645715681378654,0.032578740011198634,0.03302528347305424,0.0403206691703253
CMA-ES-Resample(k=5),29,200,200,0.06073011411422423,0.11226784991420205,0.11517450759434568,0.1288273863155922
CMA-ES-Resample(k=5),30,200,200,0.012428496125044394,0.016481178384329075,0.014040513939407601,0.031268552916860995
CMA-ES-Resample(k=5),31,200,200,0.04778321796028393,0.1689322098065358,0.1690537804581495,0.19518857111854207
CMA-ES-Resample(k=5),32,200,200,0.04184071004648861,0.08100774226576135,0.06957408572531062,0.14084323532405324
CMA-ES-Resample(k=5),33,200,200,0.02989945757937006,0.0643656576844419,0.06644294592800981,0.08169296266170234
CMA-ES-Resample(k=5),34,200,200,0.037341606318653804,0.06074844103519819,0.05774556227697965,0.07809565691869691
CMA-ES-Resample(k=5),35,200,200,0.013063902813889295,0.024184762286483127,0.0250173250917098,0.03431414253938684
CMA-ES-Resample(k=5),36,200,200,0.04679472320594221,0.05706013834923006,0.05552213435268494,0.07831817149664466
CMA-ES-Resample(k=5),37,200,200,0.10974520867767851,0.13159652796630203,0.12750030554207212,0.19397824028211233
CMA-ES-Resample(k=5),38,200,200,0.005100586964746427,0.040058904247490534,0.034545478402667244,0.0770435004063668
CMA-ES-Resample(k=5),39,200,200,0.01626735109530114,0.032255488154947234,0.027116441543418853,0.06412820879086102
CMA-ES-Resample(k=5),40,200,200,0.07137661304231066,0.09956332394299464,0.09674171544636559,0.13827966938052483
CMA-ES-Resample(k=5),41,200,200,0.01589514752187787,0.062211284915534015,0.06146641995843745,0.08557282510738996
CMA-ES-Resample(k=5),42,200,200,0.15192928519348659,0.22333571829912785,0.22211838291776465,0.3236942796944277
CMA-ES-Resample(k=5),43,200,200,0.09131998352621172,0.13169438964057195,0.12863803135503585,0.16088588159575057
CMA-ES-Resample(k=5),44,200,200,0.03463764509111841,0.1355682783192005,0.12315208683934342,0.22179119652465948
CMA-ES-Resample(k=5),45,200,200,0.0676467082338694,0.09304304995952634,0.06874460818310199,0.18623308378661377
CMA-ES-Resample(k=5),46,200,200,0.054895495372295516,0.07195622835621227,0.07033635708808618,0.09774063240571694
CMA-ES-Resample(k=5),47,200,200,0.017750358582571384,0.05337059275965261,0.05024736438230497,0.07677880230467561
CMA-ES-Resample(k=5),48,200,200,0.0628462585433207,0.09599652419936719,0.0867645300027497,0.18725947553125002
CMA-ES-Resample(k=5),49,200,200,0.036211530908109496,0.12532726767678037,0.12404593450465957,0.15076544209464413
CMA-ES-Resample(k=5),50,200,200,0.026821232385576526,0.09778167660318456,0.0767939574484181,0.20099383375280674
CMA-ES-sep,1,200,200,0.002639435194217066,0.024281940426434154,0.017502615469936256,0.05282741297568662
CMA-ES-sep,2,200,200,0.011100019607171998,0.03741087816394356,0.036345973267726,0.054467380482219475
CMA-ES-sep,3,200,200,0.11799962493167525,0.15236057164557779,0.1538457060846279,0.19095767722272416
CMA-ES-sep,4,200,200,0.0017675714333683448,0.01589324903152216,0.01276876834988693,0.031119317575026225
CMA-ES-sep,5,200,200,0.00028462975532564784,0.0065836861989274215,0.0042869574632660255,0.016036835215090865
CMA-ES-sep,6,200,200,0.00969110690279088,0.018465323775172283,0.017071034874422845,0.031530359392856186
CMA-ES-sep,7,200,200,0.00048431017638861536,0.021444294495929665,0.0115099167871574,0.059758585446737525
CMA-ES-sep,8,200,200,0.011680780678358232,0.04629574676028761,0.037585107112699884,0.08038273986198945
CMA-ES-sep,9,200,200,0.001205285991055734,0.007280314559387682,0.005795730705688253,0.014976379559079812
CMA-ES-sep,10,200,200,0.004312425276935146,0.07257499154494049,0.045384247388152485,0.19498910447542958
CMA-ES-sep,11,200,200,0.003935075265765531,0.03927270828163219,0.03054948392940126,0.09135482845392508
CMA-ES-sep,12,200,200,0.0014337855261453158,0.01009493333388909,0.007784800169140957,0.022496258511702002
CMA-ES-sep,13,200,200,0.03557470250041405,0.14852124459909133,0.13269444903640934,0.23164492579990517
CMA-ES-sep,14,200,200,0.0013319917103682367,0.03392558134727419,0.009351946506944174,0.12230209555152885
CMA-ES-sep,15,200,200,0.0036999619260110793,0.027028427038874744,0.01782339344291914,0.06474541797608528
CMA-ES-sep,16,200,200,0.0016313355511111214,0.03477374315524161,0.033374389445557276,0.05785356268165714
CMA-ES-sep,17,200,200,0.09993467164626398,0.17112100459010432,0.170352984190512,0.21105730809863574
CMA-ES-sep,18,200,200,0.0007458406541418175,0.009538728595708758,0.005699483608679254,0.026276329324534883
CMA-ES-sep,19,200,200,0.020058256410997545,0.09404168808106189,0.0905330341746769,0.15974565497357882
CMA-ES-sep,20,200,200,0.022286174997224194,0.05409392157014224,0.0509380840918701,0.0831640841479171
CMA-ES-sep,21,200,200,0.001271039646063977,0.005677085737765016,0.00442525995186077,0.012582458097648986
CMA-ES-sep,22,200,200,0.01758374922962869,0.0520704416891346,0.04701645360101617,0.08424667860272965
CMA-ES-sep,23,200,200,0.060452283175909435,0.12368903551624374,0.11786883485894212,0.18730575187694823
CMA-ES-sep,24,200,200,0.004081043643590763,0.07361317547062735,0.052119629121737246,0.18763574776749206
CMA-ES-sep,25,200,200,0.0024677313608177376,0.015065555184639916,0.013375355217856618,0.026294631363002204
CMA-ES-sep,26,200,200,0.014662671712526757,0.053392561685150886,0.05295080508616089,0.0705240595157002
CMA-ES-sep,27,200,200,0.0056631108529462135,0.047034123545588724,0.04203488983246262,0.08020458792778826
CMA-ES-sep,28,200,200,0.003519579372402295,0.024639198131532473,0.02399220520673371,0.03555598056424171
CMA-ES-sep,29,200,200,0.034042940554049286,0.09657308648814819,0.09966675004599394,0.12344466069490731
CMA-ES-sep,30,200,200,0.0016695661781318642,0.022010049553869936,0.017353122667949167,0.04797950215177303
CMA-ES-sep,31,200,200,0.08204274751085529,0.1766724823847907,0.1789004344313651,0.25980645120383655
CMA-ES-sep,32,200,200,0.006905997536133027,0.07689279976008187,0.06687191115685699,0.14266522188593236
CMA-ES-sep,33,200,200,0.007417682023850875,0.04238684478263728,0.03502577917210296,0.08260052181504988
CMA-ES-sep,34,200,200,0.0011239846121302442,0.0371528818816625,0.03120286810041229,0.07171596572422227
CMA-ES-sep,35,200,200,0.0025950627867652415,0.0164754778222158,0.009594837570689903,0.046553773044622174
CMA-ES-sep,36,200,200,0.032486018862859435,0.056293079023948256,0.0550298070187555,0.07334349477758037
CMA-ES-sep,37,200,200,0.03619504681546244,0.0920656163147455,0.09088559073744085,0.12913835869052953
CMA-ES-sep,38,200,200,0.0015536348860840624,0.03292322164221673,0.016670530044622718,0.08777807636247902
CMA-ES-sep,39,200,200,0.001174126086339484,0.010388818917665386,0.004423014409325792,0.03351145681519004
CMA-ES-sep,40,200,200,0.028308220790084375,0.08264622059677032,0.07385927856690064,0.15693379403816718
CMA-ES-sep,41,200,200,0.0006188351540055589,0.024338162897456585,0.018803013596746392,0.04905322290074797
CMA-ES-sep,42,200,200,0.06483400773883465,0.1850626713123364,0.17855598070062967,0.26511720430931307
CMA-ES-sep,43,200,200,0.025916507799253287,0.09002681460298784,0.07251534433855653,0.16810937005634521
CMA-ES-sep,44,200,200,0.03142899965663801,0.12613530046013416,0.11769843061261688,0.21935004299187805
CMA-ES-sep,45,200,200,0.007288442360397092,0.060493317324933994,0.03812326508021539,0.14994062015155515
CMA-ES-sep,46,200,200,0.0044321938625243975,0.048772555887048714,0.045416808170052184,0.07364731746964183
CMA-ES-sep,47,200,200,0.0018304198094128577,0.0440816380844184,0.011904172474284762,0.1588556920247765
CMA-ES-sep,48,200,200,0.0019066938269208513,0.07629063827458386,0.046113430587023524,0.19320178313782238
CMA-ES-sep,49,200,200,0.0016388389019518206,0.0901817326902846,0.08542424360936984,0.16283318141221909
CMA-ES-sep,50,200,200,0.006314155456577041,0.038371646683090885,0.03344132249015058,0.06905074697402847
UH-CMA-ES(maxevals=30),1,200,200,0.004863582680791463,0.018385708715836065,0.012973842310011228,0.03779801799636236
UH-CMA-ES(maxevals=30),2,200,200,0.006908649701303115,0.06834471085939559,0.05660764505172738,0.13528126151486344
UH-CMA-ES(maxevals=30),3,200,200,0.09315612635047972,0.14353147527822913,0.14649953823359152,0.17340300204927053
UH-CMA-ES(maxevals=30),4,200,200,0.0019551696601535864,0.015614767993724155,0.00965334032751361,0.034548871271640996
UH-CMA-ES(maxevals=30),5,200,200,0.001604173014647865,0.009958940699688258,0.005418100169281724,0.02142270226480291
UH-CMA-ES(maxevals=30),6,200,200,0.010126346642974531,0.018001439841631862,0.015377424308130412,0.03191582716166615
UH-CMA-ES(maxevals=30),7,200,200,0.0007292698475541952,0.019322155958929225,0.015515839510723339,0.042472081950313885
UH-CMA-ES(maxevals=30),8,200,200,0.002257343558305863,0.04929098006435589,0.04719745297211443,0.08428942217135985
UH-CMA-ES(maxevals=30),9,200,200,0.0002676722084253116,0.011677990265370518,0.006214154290419724,0.03133944891850943
UH-CMA-ES(maxevals=30),10,200,200,0.03234673768464322,0.07735570468453218,0.07220507217885616,0.11460558712517932
UH-CMA-ES(maxevals=30),11,200,200,0.005503269600128949,0.056730639643172445,0.042494682154948074,0.11642235278317858
UH-CMA-ES(maxevals=30),12,200,200,0.0028854242262142766,0.008618810327457892,0.00683200515352016,0.01745649124324176
UH-CMA-ES(maxevals=30),13,200,200,0.045463564586510595,0.15314752547759874,0.15184897619781138,0.1869047662333535
UH-CMA-ES(maxevals=30),14,200,200,0.003153881512200805,0.007625820431795281,0.005040422752007188,0.018332560958130694
UH-CMA-ES(maxevals=30),15,200,200,0.009331757472672987,0.02902515292552013,0.02914786081311415,0.033783101451955164
UH-CMA-ES(maxevals=30),16,200,200,0.008037114602578239,0.016552365299844933,0.013688169966740504,0.028193075908182277
UH-CMA-ES(maxevals=30),17,200,200,0.06952451511984481,0.18510809836536296,0.1831861412496919,0.2505716131155605
UH-CMA-ES(maxevals=30),18,200,200,0.00028765398412726814,0.007426748071857411,0.004938929511898008,0.018540501489806342
UH-CMA-ES(maxevals=30),19,200,200,0.029273111702485213,0.10426555168759455,0.11216899800245961,0.12377648597263753
UH-CMA-ES(maxevals=30),20,200,200,0.030805958832108998,0.0733008012574522,0.06391377772410942,0.13440872200801257
UH-CMA-ES(maxevals=30),21,200,200,0.0004512756638666782,0.008298559476180835,0.005218415567174905,0.01924049711541146
UH-CMA-ES(maxevals=30),22,200,200,0.03297301736763827,0.05379058914345163,0.04665740868193824,0.08288594119967525
UH-CMA-ES(maxevals=30),23,200,200,0.059001614540815234,0.10647720357453075,0.10785047261810485,0.1355898354274561
UH-CMA-ES(maxevals=30),24,200,200,0.023188387089978287,0.08052424355833036,0.07671285911635611,0.12115564517268859
UH-CMA-ES(maxevals=30),25,200,200,0.004038809555028634,0.01607187314181535,0.014288173603679306,0.03017848923612953
UH-CMA-ES(maxevals=30),26,200,200,0.02226478055107522,0.05007977039766848,0.05037979816560142,0.07269272402012325
UH-CMA-ES(maxevals=30),27,200,200,0.003983799742090287,0.037615666789424074,0.0399542998086944,0.05880907187143783
UH-CMA-ES(maxevals=30),28,200,200,0.009707320927383318,0.021722605432822395,0.02147626422654829,0.02900606343490319
UH-CMA-ES(maxevals=30),29,200,200,0.01957314956814339,0.11472160274170345,0.10154262625111987,0.19260389998996477
UH-CMA-ES(maxevals=30),30,200,200,0.002037595515272327,0.01284876680581994,0.008653667667421833,0.028512087812997987
UH-CMA-ES(maxevals=30),31,200,200,0.07303331887419766,0.1367831755090797,0.1291119959593802,0.22635151660450767
UH-CMA-ES(maxevals=30),32,200,200,0.005474018178621961,0.03243110265328165,0.01988259398110878,0.07123390230604768
UH-CMA-ES(maxevals=30),33,200,200,0.017661866453457693,0.03262613258766863,0.029876985889894424,0.04672536970273982
UH-CMA-ES(maxevals=30),34,200,200,0.008919589801150062,0.03279667365367631,0.032061726725380504,0.052349435039730656
UH-CMA-ES(maxevals=30),35,200,200,0.0014348845808072625,0.012683307559228103,0.009753083267174093,0.024251481806999434
UH-CMA-ES(maxevals=30),36,200,200,0.016380787616614156,0.05642022956658037,0.054840545815332375,0.07771622648552765
UH-CMA-ES(maxevals=30),37,200,200,0.032739785773225845,0.1007335304707096,0.1039424162335431,0.12354507674899555
UH-CMA-ES(maxevals=30),38,200,200,0.00304854184228881,0.02164698193466289,0.01765910351724071,0.0393796601728867
UH-CMA-ES(maxevals=30),39,200,200,0.004601744887001354,0.018264070435929293,0.018862912019376392,0.025232745181859306
UH-CMA-ES(maxevals=30),40,200,200,0.014488126823388027,0.07038806528743279,0.06766799631122514,0.08972376853770693
UH-CMA-ES(maxevals=30),41,200,200,0.005123450488166915,0.02176363903199877,0.01905349223011335,0.040922640065518656
UH-CMA-ES(maxevals=30),42,200,200,0.08314600583274477,0.18116085945170146,0.18542910191211937,0.25130257180038507
UH-CMA-ES(maxevals=30),43,200,200,0.02797710229722173,0.11267774545413375,0.08029819140251876,0.22270162180714398
UH-CMA-ES(maxevals=30),44,200,200,0.05135809185450015,0.1228675878128822,0.12077942341325015,0.1472056910574786
UH-CMA-ES(maxevals=30),45,200,200,0.018138832077645006,0.043757390701993054,0.040203892467241945,0.06889027289918989
UH-CMA-ES(maxevals=30),46,200,200,0.01013244742215708,0.041652154545500336,0.0411038128253107,0.05615044373637538
UH-CMA-ES(maxevals=30),47,200,200,0.0006965278952882119,0.00562007408385782,0.005612839446398814,0.0074472984951749355
UH-CMA-ES(maxevals=30),48,200,200,0.012445981509119955,0.052872921362455944,0.04767614248886313,0.10094600496934691
UH-CMA-ES(maxevals=30),49,200,200,0.0021403646166016396,0.07125096484904117,0.05352187285887379,0.13231081185979482
UH-CMA-ES(maxevals=30),50,200,200,0.01669240645635998,0.037209711340294604,0.03164311908833563,0.058548147232278844
