#Pdb,ddG,ddG_pred
1A4Y_A_B,-0.9036602217884422,-0.6564721019999962
1A4Y_A_B,-0.300114029812434,-0.5296058540000015
1A4Y_A_B,-0.1177503154404853,-0.14578879999999694
1A4Y_A_B,0.3225623321016648,-0.9460135000000014
1A4Y_A_B,-3.260373860120822,-2.368263580000005
1A4Y_A_B,-3.4837901179692032,-2.3031362000000017
1A4Y_A_B,-0.8358916790228932,-2.9428718800000007
1A4Y_A_B,-0.0721775332679897,-0.8437464999999997
1A4Y_A_B,-1.784800122524416,-0.8641712999999989
1A4Y_A_B,0.2238733431043407,-0.2952189199999989
1A4Y_A_B,-0.679090636487846,-0.7585441599999972
1A4Y_A_B,-0.1703520668280376,-0.7575944419999974
1A4Y_A_B,-0.2400977530654344,-2.1739223439999966
1A4Y_A_B,-0.1006063805906443,-0.6273086480000012
1A4Y_A_B,-1.170784638271947,-1.7263205000000015
1A4Y_A_B,-0.0423147056193045,-0.3210743420000008
1A4Y_A_B,-1.499990276274783,-1.298507350000004
1A4Y_A_B,0.3098434393028242,-0.9190144399999993
1A4Y_A_B,-0.178519836594301,-0.8644859441999997
1A4Y_A_B,-1.0348412327905765,-2.3224785799999967
1A4Y_A_B,-0.8832892821147027,-0.03954768200000108
1A4Y_A_B,-2.30812026938775,-3.3269939799999992
1A4Y_A_B,-0.9097928484168456,-2.7382459399999988
1A4Y_A_B,-0.2503963416825741,-2.836230480000002
1A4Y_A_B,-4.250288323419703,-1.7975589599999982
1A4Y_A_B,0.296536049623306,-0.409106499999998
1A4Y_A_B,-0.6564989187287935,-1.9157710799999976
1A4Y_A_B,-0.5575771876945907,-0.3170563619999989
1A4Y_A_B,-0.2451373913115802,-0.44752427999999655
1A4Y_A_B,-6.817423941227824,-4.5796753
1A4Y_A_B,-6.641988976927282,-5.198551200000003
1A4Y_A_B,-6.976277512402621,-5.434839
1A4Y_A_B,-6.770026338136011,-5.681669699999999
1A4Y_A_B,-10.101970705413544,-7.7235727999999995
1A4Y_A_B,-8.527279451057996,-8.131845600000004
1A4Y_A_B,-3.2351720176220624,-2.984896740000002
1A4Y_A_B,-6.6620639136357465,-3.203674280000002
1A4Y_A_B,-4.105446403972653,-3.4175901
1A4Y_A_B,-6.450857447525763,-5.9108021000000015
1A4Y_A_B,-6.210759694460332,-4.74901238
1A4Y_A_B,-9.118562211735837,-7.2797907199999985
1AO7_ABC_DE,-0.9785078815443952,-0.2922474599999997
1AO7_ABC_DE,0.7194804190965307,-0.12132944799999851
1AO7_ABC_DE,-0.7492189747060483,-0.8122571600000026
1AO7_ABC_DE,-0.5462366744367939,-0.5640292900000001
1AO7_ABC_DE,0.2634301262302339,0.416132055999999
1AO7_ABC_DE,-1.1859112426532832,-0.5830275300000012
1AO7_ABC_DE,-1.8327784080172167,-0.08062080000000171
1AO7_ABC_DE,-0.7006583717238435,-0.23898875599999916
1AO7_ABC_DE,-2.761306958401094,-0.2757935399999979
1AO7_ABC_DE,0.1666394909070705,-1.1014121799999996
1AO7_ABC_DE,-0.723347520519499,-1.2785665200000014
1AO7_ABC_DE,-3.243702631006177,0.21094116799999962
1AO7_ABC_DE,-3.3286004846361834,-0.7938923399999985
1AO7_ABC_DE,0.0068195063076812,-1.0132211600000016
1AO7_ABC_DE,-1.3309662071320565,0.253031743999999
1AO7_ABC_DE,-1.85413473347998,-1.0199119400000005
1AO7_ABC_DE,-1.0225163591511874,-0.557170299999999
1AO7_ABC_DE,-1.5320505673851077,-2.943325660000001
1AO7_ABC_DE,-1.708631207699292,-2.93652768
1AO7_ABC_DE,0.1252630589398355,-0.7223501900000001
1AO7_ABC_DE,0.0405253334664816,-0.4850030599999994
1AO7_ABC_DE,-0.4981954913943962,-0.9204340020000009
1AO7_ABC_DE,-0.41147697352429,-0.5280845576000001
1AO7_ABC_DE,-0.2759968605040024,-1.2929797800000005
1AO7_ABC_DE,-0.3547408411787911,-0.09188163199999896
1AO7_ABC_DE,-3.864774984640449,-1.0237336600000009
1AO7_ABC_DE,-3.141574879541152,-1.02670802
1AO7_ABC_DE,-1.2915395359673747,-0.3033472623999986
1AO7_ABC_DE,-0.4890503091795501,-0.09804483600000183
1AO7_ABC_DE,-0.9776091966747816,-0.3933815119999988
1AO7_ABC_DE,-3.0322370423414213,-0.7245958319999974
1AO7_ABC_DE,-3.02945697188433,-3.0807233399999983
1AO7_ABC_DE,-1.9456763820580845,-0.5879105399999985
1AO7_ABC_DE,-3.228063943102862,-2.131714879999998
1AO7_ABC_DE,-2.4222518435471265,-2.4299183599999994
1AO7_ABC_DE,-2.458283816333319,-2.7915913200000007
1AO7_ABC_DE,-3.082798453436408,-3.118221199999999
1AO7_ABC_DE,0.474950530124512,0.031865371999998865
1AO7_ABC_DE,-1.860075542609516,-3.079973520000001
1AO7_ABC_DE,-2.223351482546378,-1.4310412600000018
1AO7_ABC_DE,-1.1812369031327714,-0.4091194301999989
1AO7_ABC_DE,-2.903996839769002,-1.5722852000000007
1AO7_ABC_DE,-2.021131839286981,-0.878359579999999
1AO7_ABC_DE,-3.165939543296747,-1.8463624199999997
1AO7_ABC_DE,-3.423714845505744,-2.1731230399999997
1AO7_ABC_DE,-0.4529215746901123,-0.4785127000000018
1AO7_ABC_DE,-2.018067497225519,-2.720676599999999
1AO7_ABC_DE,-0.6056751503236244,-0.537094982000001
1AO7_ABC_DE,-1.148718267807168,-0.5765485599999992
1AO7_ABC_DE,-2.404835462260139,-3.4463002400000002
1AO7_ABC_DE,-0.9298927937375128,-1.1928266019999987
1AO7_ABC_DE,-0.7792341211307123,-2.1888312599999997
1AO7_ABC_DE,-0.3564822665015903,-0.28924025199999936
1AO7_ABC_DE,-1.060309241793286,-2.5287043200000006
1AO7_ABC_DE,-0.0646627887648882,-0.4241673300000012
1AO7_ABC_DE,-1.8849946190560145,-3.4297489399999987
1AO7_ABC_DE,0.3086880166539112,0.3628361499999999
1AO7_ABC_DE,0.3407041336560725,0.1068690220000032
1AO7_ABC_DE,3.452373650557216,0.5920516200000001
1AO7_ABC_DE,3.901880739613651,0.9271006379999984
1AO7_ABC_DE,3.5478692162780634,1.3543571799999992
1AO7_ABC_DE,3.958319036171528,0.8389371359999992
1AO7_ABC_DE,-1.0034614983533672,-0.28087011999999867
1AO7_ABC_DE,-0.8885764058074423,-0.34306328399999847
1AO7_ABC_DE,-2.933376930086005,-0.15915728000000168
1AO7_ABC_DE,-1.2248062558705364,-1.3544081400000008
1AO7_ABC_DE,-1.1996044133717785,-0.7114257039999985
1AO7_ABC_DE,-0.8552133274840745,-0.3630574420000001
1AO7_ABC_DE,-0.1934473474477691,-0.046685640000001895
1AO7_ABC_DE,-0.7663089388611573,0.18114754599999772
1AO7_ABC_DE,0.1544187131125181,-0.15413621199999947
1AO7_ABC_DE,-0.0619184233592502,-0.3386780760000019
1AO7_ABC_DE,0.3024873953932001,0.029565840799998716
1AO7_ABC_DE,0.1941512543013601,-0.6366468999999999
1AO7_ABC_DE,-0.361367567245213,-0.3025790799999988
1AO7_ABC_DE,-0.3118338745204365,-0.6123161600000006
1AO7_ABC_DE,-0.2112064661099832,0.238053262
1AO7_ABC_DE,-1.3634847882455643,-0.2568545960000014
1AO7_ABC_DE,1.0799066718621857,0.6127534179999999
1AO7_ABC_DE,0.1992433537834834,0.11218409400000084
1AO7_ABC_DE,-0.542585148458631,0.17965932800000034
1AO7_ABC_DE,0.2794434791244304,1.226494052
1AO7_ABC_DE,0.4666062055106748,1.604134544000002
1AO7_ABC_DE,0.5184122443937325,1.8428381600000017
1AO7_ABC_DE,-2.316519756597663,1.9989369199999985
1AO7_ABC_DE,0.7588484678425962,1.3024919000000006
1AO7_ABC_DE,-0.542585148458631,0.9167419799999996
1AO7_ABC_DE,-0.302487395393201,0.3824630600000002
1AO7_ABC_DE,-0.7129372152866678,-0.5806464160000001
1AO7_ABC_DE,-0.4104498198934667,0.35204025999999855
1AO7_ABC_DE,0.3775439147153294,0.4047040079999993
1AO7_ABC_DE,-0.9530349683520978,-0.0020120100000010355
1AO7_ABC_DE,-1.9060699367041964,1.0158571419999993
1AO7_ABC_DE,0.493238600372071,0.24019932000000083
1AO7_ABC_DE,-2.316519756597663,-3.507305290000001
1AO7_ABC_DE,-1.3634847882455643,0.256255882
1AO7_ABC_DE,-0.0615431033420028,0.18655772400000015
1AO7_ABC_DE,1.0904811300019963,0.9285753399999994
1AO7_ABC_DE,-0.4104498198934667,-0.30120243000000074
1AO7_ABC_DE,2.7157965295516027,1.4577137220000016
1AO7_ABC_DE,1.2844136507007464,1.9684902199999987
1AO7_ABC_DE,1.3923760752010113,0.25105134000000173
1AO7_ABC_DE,0.3829028102910348,1.2745698899999998
1AO7_ABC_DE,0.8991656733060376,1.470802263999999
1AO7_ABC_DE,0.5083470629217848,1.6952942800000008
1AO7_ABC_DE,1.028091487674225,1.8978216400000005
1AO7_ABC_DE,0.8042181445698846,1.8567629099999996
1AO7_ABC_DE,1.746387598536601,2.0888911000000006
1AO7_ABC_DE,2.1253882271961464,2.5606549599999995
1AO7_ABC_DE,1.6035825413109963,2.071648299999999
1AO7_ABC_DE,1.802825895094478,2.2705124799999994
1AO7_ABC_DE,1.6035825413109963,2.0899665799999996
1AO7_ABC_DE,1.0781624764341364,2.875747999999999
1AO7_ABC_DE,1.2370160476089351,2.1578588400000007
1AO7_ABC_DE,1.562728142029047,0.59200548
1AO7_ABC_DE,1.0443158976353155,0.482634507599999
1AO7_ABC_DE,3.859831276516002,2.6761923600000004
1AO7_ABC_DE,3.963985624100064,2.125384340000001
1AO7_ABC_DE,4.036585069690635,1.481667500000001
1AO7_ABC_DE,3.7088958317986735,2.2426766600000017
1AO7_ABC_DE,3.449381456622535,2.478847339999999
1AO7_ABC_DE,-0.3078462909689063,-0.479324624000001
1AO7_ABC_DE,0.2676447626678628,0.15758679799999975
1AO7_ABC_DE,-0.4495070890564339,-2.5784105000000013
1AO7_ABC_DE,1.9407086947779464,-0.5923698999999998
1AO7_ABC_DE,1.6311295509134285,-0.47039211600000114
1AO7_ABC_DE,1.2206797310199615,-0.4618947599999993
1AO7_ABC_DE,3.372158253874323,1.3681375119999997
1AO7_ABC_DE,4.61973212351581,1.673108260000002
1B41_A_B,-1.1358538939595544,1.3327874399999984
1B41_A_B,-0.0246766505178168,0.07891010000000176
1B41_A_B,-3.609155416934783,-1.5311564399999997
1B41_A_B,-0.3944878313502329,1.1676511626000006
1B41_A_B,-2.426578303356408,-0.35384132000000135
1B41_A_B,-0.6247976934754469,-0.5060916539999999
1B41_A_B,-0.7066039579139254,-0.46044309999999894
1B41_A_B,-2.107110420606657,-1.9157497400000032
1B41_A_B,-1.4828851330913917,-0.7940653239999982
1B41_A_B,-2.39543338545165,-2.2408918599999974
1B41_A_B,0.8875039185523317,0.15214217400000246
1B41_A_B,0.4091912563597653,0.11008091200000059
1B41_A_B,-0.3912431442198798,0.056597216000002705
1B41_A_B,-0.778468265086433,0.29998139999999995
1B41_A_B,-1.8105743709833493,0.15600868800000073
1B41_A_B,-1.5951230557303209,-1.29129874
1B41_A_B,-0.7066039579139254,0.2154281120000014
1B41_A_B,-1.213767349963215,-1.1098660160000033
1B41_A_B,-1.303888329963291,-1.1563107599999976
1B41_A_B,0.1416607980875266,0.5757631959999976
1B41_A_B,-0.0366397628443184,0.652234308000001
1B41_A_B,0.0303735253256078,0.28215237999999804
1BD2_ABC_DE,-2.8337123220438256,-1.6947635800000023
1BD2_ABC_DE,-2.7589856934932904,-1.8698753600000004
1BD2_ABC_DE,-3.964681457223252,-2.7269771200000004
1BD2_ABC_DE,-1.315028822191592,-0.761413609999998
1BD2_ABC_DE,-2.497975689464429,-2.5655635599999993
1BD2_ABC_DE,-3.1136869192047785,-2.32547136
1BD2_ABC_DE,-1.9183642313210385,-0.9366454400000017
1BD2_ABC_DE,-3.405816578365503,-2.036801400000001
1BD2_ABC_DE,-1.4762587046128577,-2.69732834
1BD2_ABC_DE,-0.7332416245497182,0.5646605759999996
1BD2_ABC_DE,-2.4984630013924045,-0.19054289200000007
1BD2_ABC_DE,-0.2169637986436594,-0.5269400280000001
1BD2_ABC_DE,-0.8944146189531139,-0.5370097280000028
1BD2_ABC_DE,-2.685639742482964,-2.599432280000001
1BD2_ABC_DE,-1.927605179750019,-0.855744128000002
1BD2_ABC_DE,-1.9605110849281564,-0.7036332800000004
1C1Y_A_B,-0.7129372152866669,-0.20656551000000117
1C1Y_A_B,-0.5017307491766827,-0.5378806560000017
1C1Y_A_B,-1.4755451801022632,0.053412319999999625
1C1Y_A_B,-1.1233870351801336,-1.1357521600000005
1C1Y_A_B,-1.1083949959441748,-0.13974727120000235
1C1Y_A_B,-0.8906453260243277,0.38480731599999907
1C1Y_A_B,-1.4547657175287814,-0.9862231399999979
1C1Y_A_B,-1.4547657175287814,-1.609960280000001
1C1Y_A_B,-1.906069936704196,-1.9430323619999985
1C1Y_A_B,-1.5800946042625457,-1.1583919600000039
1C1Y_A_B,-2.751142480556028,-1.9063238356000003
1C1Y_A_B,-1.3119606603031766,-0.5742732600000031
1C1Y_A_B,-2.2317820311243084,-0.5522674399999985
1C1Y_A_B,-2.619007151990864,-4.759882779999999
1C1Y_A_B,-2.619007151990864,-4.2073161999999975
1C1Y_A_B,-2.619007151990864,-1.8587145999999994
1EFN_A_B,-0.9834084936777092,-0.7204113659999989
1EFN_A_B,-1.2429228688538476,-0.9033380476000005
1EFN_A_B,-1.4502966101290538,-2.7554338000000005
1FSS_A_B,-0.3690235674336204,0.4036727439999995
1FSS_A_B,0.2321492589616181,0.15337883999999768
1FSS_A_B,-1.1984435545022656,-1.0955492200000017
1FSS_A_B,-0.4416230130241914,0.44538643599999983
1FSS_A_B,-0.2862629854321135,-0.7708382000000021
1FSS_A_B,-0.3151542723875593,-0.8761077500000017
1FSS_A_B,-0.324479723694985,-0.4734172900000003
1FSS_A_B,-2.4350566392377413,-1.5321908999999998
1FSS_A_B,-2.662799018776777,-1.759660740000001
1FSS_A_B,-2.627902335216687,-1.4053905999999996
1FSS_A_B,0.619374379828173,0.01522423700000003
1FSS_A_B,1.4876716227069178,0.4950478899999995
1FSS_A_B,-1.0819607827202873,0.30872650599999896
1FSS_A_B,-0.9368105583910112,-1.0099358240000011
1FSS_A_B,-0.962560437874462,0.06572234199999874
1FSS_A_B,-1.5718034755208468,-1.3227149999999992
1FSS_A_B,-1.3946579813762892,-1.541733922000001
1FSS_A_B,-1.585160897215914,-0.7783207200000006
1FSS_A_B,-1.4510962779341678,-0.5219261580000008
1FSS_A_B,-0.4925141596987217,0.6833907639999985
1FSS_A_B,-0.1159109186040776,0.43668927999999824
1FSS_A_B,0.53463665435482,0.8586179379999999
1FSS_A_B,-0.8014830176762242,-0.5878891400000016
1FSS_A_B,0.3916497037413027,-1.0052296200000006
1GCQ_AB_C,-0.7674498063435182,-0.584631739999999
1GCQ_AB_C,-1.352815059585125,-2.14911518
1GCQ_AB_C,-2.1461676897696265,-1.4145536999999997
1GCQ_AB_C,-1.3157933851379546,-1.7333152000000007
1GCQ_AB_C,-0.1207474022185097,-1.0944213839999974
1GCQ_AB_C,-0.085207502506873,-0.18226249000000136
1GCQ_AB_C,0.0252018424987587,-4.3960740000000005
1GUA_A_B,-1.0003401701142858,-1.7536514399999985
1GUA_A_B,0.3997371955164155,-0.6567788000000003
1GUA_A_B,0.3997371955164155,-0.16356177419999982
1GUA_A_B,-0.1003060235364241,-1.2823060400000017
1GUA_A_B,-0.7008024890132489,-0.87951406
1GUA_A_B,-0.1003060235364241,-0.9654072620000008
1GUA_A_B,-1.9982081904743545,-0.7122901600000017
1GUA_A_B,-0.7988748477961156,-0.19149540000000267
1GUA_A_B,-0.1999293126435031,-1.1304693000000006
1GUA_A_B,-1.3001602009986648,-2.3351347400000018
1GUA_A_B,-1.399595820739674,0.12285201400000009
1GUA_A_B,-1.3001602009986648,-2.654334960000001
1GUA_A_B,-1.6998187624375871,-3.1808422
1GUA_A_B,-2.014032361204462,-0.6434561199999999
1HE8_A_B,-0.4671409205936161,-0.6090256599999998
1HE8_A_B,-2.124898659726969,-2.8790069800000007
1HE8_A_B,-1.8650620740250003,-0.5745161400000001
1HE8_A_B,-2.124898659726969,-2.0362175799999997
1HE8_A_B,-1.4967957694972016,-1.4209392800000005
1HE8_A_B,-2.124898659726969,-1.37590028
1HE8_A_B,-2.124898659726969,-1.78245686
1HE8_A_B,-1.0203604003048907,-0.6211927639999997
1HE8_A_B,-1.9336375306275384,-1.1119809600000001
1HE8_A_B,-2.124898659726969,-1.6377529000000006
1HE8_A_B,-1.646908634200389,-0.7255790999999996
1HE8_A_B,-0.9280176252761247,-0.9163828799999998
1HE8_A_B,0.097261970446377,-0.6715485200000006
1HE8_A_B,-0.4467101067210315,-0.7749295600000009
1HE8_A_B,0.4501654192439135,-0.6757406599999993
1JCK_A_B,-1.6540090713122657,-0.3575240000000001
1JCK_A_B,-1.773934608139032,-1.0900444399999998
1JCK_A_B,-1.641799279573867,-0.46631747999999995
1JCK_A_B,-2.5948342479259647,-0.9153041800000001
1JCK_A_B,-2.2317820311243093,-0.6116627879999998
1JCK_A_B,-2.132860300090111,-1.12767932
1JCK_A_B,-2.0764220035322323,-2.78981054
1JCK_A_B,-2.0764220035322323,-0.7080231199999999
1JTD_A_B,-0.5149329675857217,-0.5784901300000016
1JTD_A_B,-0.7954500406417004,-0.30638954000000035
1JTD_A_B,-1.7214487980593844,-0.6638038400000008
1JTD_A_B,-0.8346765554419537,-0.8711201399999997
1JTD_A_B,-2.23462862058469,-1.9229877200000003
1JTD_A_B,-1.7214487980593844,-0.3821898880000007
1JTD_A_B,-0.0379602500866109,0.7945227199999988
1JTD_A_B,-2.1291439211750447,-0.35044830999999727
1JTD_A_B,-2.5044539992859445,-0.7040074080000004
1JTD_A_B,-0.0379602500866109,-0.8475208399999989
1JTD_A_B,-0.2764466088361654,-0.16401638400000063
1JTD_A_B,-1.3010951459177935,-1.0449199159999973
1JTD_A_B,-1.5073463201844035,-0.7037667599999982
1JTD_A_B,-1.392376075201012,-1.8628675400000003
1JTD_A_B,-0.2950388202044323,-0.7678194399999992
1JTD_A_B,-3.1502331187410704,-0.9839983400000007
1JTD_A_B,-2.5500011959179947,-0.6645399660000011
1JTD_A_B,-0.6667719829199861,-0.3211715799999981
1JTD_A_B,-1.2093571313786189,-0.1626083399999978
1JTD_A_B,-0.4801955061308618,-0.15928556579999972
1JTD_A_B,-1.9888305187057045,0.018049815999999108
1JTD_A_B,-3.254562685713802,-1.3173381200000025
1JTD_A_B,-0.960391012261722,0.14619649099999915
1JTD_A_B,-0.1515519506758735,-0.09544004799999822
1JTD_A_B,0.5487857697193412,0.41959881999999976
1JTD_A_B,-3.298446011905208,-1.9854881000000004
1JTD_A_B,1.0609973928523644,-1.1810814200000006
1JTD_A_B,-2.02624215294286,-1.7613150400000013
1JTD_A_B,-2.199607732227342,-1.0180322999999982
1JTD_A_B,-2.888935373683154,-1.1964283199999972
1JTD_A_B,-3.959859099249488,-1.5247078400000011
1JTD_A_B,-0.8239757709628037,-0.7968256400000009
1JTD_A_B,-1.849137972823275,0.986267440000002
1JTD_A_B,-5.808813605051359,-2.21778484
1JTD_A_B,-0.8878975070810782,-1.207468060000001
1JTD_A_B,-2.668677901519793,-0.1394951020000016
1JTG_A_B,0.2676447626678619,-0.0037827720000009196
1JTG_A_B,-4.233259421962298,-2.8545462600000024
1JTG_A_B,-2.560195489852216,-1.4644982360000025
1JTG_A_B,-3.3775171494500267,-3.303689780000001
1JTG_A_B,-2.6338915170889337,-1.3041704550000002
1JTG_A_B,-3.6800045448432286,-3.3609913999999996
1JTG_A_B,-5.637598609489811,-4.467453840000001
1JTG_A_B,-4.552428312572548,-5.465800000000001
1JTG_A_B,-1.640280100643544,-1.5174752919999999
1JTG_A_B,-1.3839353013311726,-1.126160576
1JTG_A_B,-1.0936064163588686,-1.135016596000001
1JTG_A_B,-1.111123054110223,-1.3104628480000018
1JTG_A_B,-1.5532394933154272,-1.504107067999999
1JTG_A_B,-0.4078431219803455,-1.3966880499999996
1JTG_A_B,-1.2543073325589678,-1.1172198486000002
1JTG_A_B,-1.5340535628233898,-1.4559426480000004
1JTG_A_B,-1.3175304077050995,-0.9333373159999996
1JTG_A_B,-0.8938157853463249,-1.2334739500000007
1JTG_A_B,-0.6089495730103405,-0.996196318
1JTG_A_B,-1.9034632387910744,-1.4213185600000007
1JTG_A_B,-2.0314038349175263,-1.5994876799999997
1JTG_A_B,-1.49022023485211,-1.4287895480000008
1JTG_A_B,-1.726103351479912,-1.3817684680000009
1JTG_A_B,-1.2384592701602788,-0.10770008000000132
1JTG_A_B,-0.7915746992641797,-0.45613835799999625
1JTG_A_B,-1.1521544535189392,-0.7182058639999994
1JTG_A_B,-1.3386974478552158,-1.4435374399999976
1JTG_A_B,-0.7392218043289915,-1.539000480000001
1JTG_A_B,-1.848764015200338,-1.9403297800000008
1JTG_A_B,-2.092669845181973,-1.1229331040000017
1JTG_A_B,-1.978602687028637,-1.1762194300000008
1JTG_A_B,-1.6872596635346575,-1.9067992699999998
1JTG_A_B,-1.848764015200338,-1.3427688899999997
1JTG_A_B,-2.7287010219343646,-2.0180471800000026
1JTG_A_B,-2.7155900674597326,-2.1529872200000013
1JTG_A_B,-2.508159303321591,-1.8370516799999992
1JTG_A_B,-2.7871007443322764,-2.0374934800000006
1JTG_A_B,-3.5577181571610828,-2.442883760000005
1JTG_A_B,-0.3818377849685177,-0.9540379580000001
1JTG_A_B,-4.849929119173573,-5.627328219999999
1JTG_A_B,-3.057105542917368,-3.0666708000000007
1JTG_A_B,-2.841720708088232,-4.2237970199999975
1JTG_A_B,-3.8934413485040142,-6.0648822
1JTG_A_B,-1.5521712583274423,-2.0733178399999983
1JTG_A_B,-1.57605523634626,-2.736563500000002
1JTG_A_B,-2.746506323142203,-5.398422399999998
1JTG_A_B,-1.863617280258481,-2.964685320000002
1JTG_A_B,-3.128665113526143,-5.846404
1JTG_A_B,-1.050139541459556,-3.623080240000002
1JTG_A_B,-2.889825923994413,-6.199221199999999
1JTG_A_B,-2.387780784622029,-6.754957959999999
1JTG_A_B,0.1682866516901349,-3.0120489999999993
1JTG_A_B,-3.32066490396254,-5.06421318
1JTG_A_B,-0.6940169502206928,-5.905458999999998
1JTG_A_B,-1.0749021983565648,-3.6690106399999998
1JTG_A_B,-4.776730630618719,-7.589439600000002
1JTG_A_B,-3.3934395171093907,-5.4070522
1JTG_A_B,-2.985401732810402,-6.459519480000003
1JTG_A_B,-4.227288370898993,-8.13403
1JTG_A_B,-1.026493230510459,-4.885158779999999
1JTG_A_B,-1.385418922461536,-5.1979598
1JTG_A_B,-1.504246861347184,-7.7411816999999985
1JTG_A_B,-2.0536440445640007,-5.488286820000001
1JTG_A_B,-3.128665113526143,-7.740907560000001
1JTG_A_B,-1.7670671688941155,-5.710108600000002
1JTG_A_B,-2.841720708088232,-8.3570022
1JTG_A_B,-2.4115132618018453,-8.3534506
1JTG_A_B,-1.0986707637784452,-1.7577191820000004
1JTG_A_B,-6.616937871521932,-3.670999959999999
1JTG_A_B,-3.3934395171093907,-4.666914179999997
1JTG_A_B,-2.268708204576241,-2.4008715199999964
1JTG_A_B,-5.493550836341798,-6.811195639999999
1JTG_A_B,-4.370937353093609,-4.141752220000001
1JTG_A_B,-4.5405158679897,-5.5990639600000005
1JTG_A_B,-5.25519215624351,-7.270462300000002
1JTG_A_B,-1.5998465420431902,-1.457805816000001
1JTG_A_B,-6.544792589767785,-3.2488502399999986
1JTG_A_B,-3.3934395171093907,-4.27597302
1JTG_A_B,-2.5553747937406843,-2.0110277200000004
1JTG_A_B,-5.827907667061974,-6.377505020000001
1JTG_A_B,-4.873550926018896,-3.7550741800000003
1JTG_A_B,-4.679577052345536,-5.314416420000001
1JTG_A_B,-5.469861520641624,-6.9112431999999995
1JTG_A_B,-0.3579091184487168,-1.0203238900000007
1JTG_A_B,-3.177031079744136,-2.9798248800000016
1JTG_A_B,-2.841720708088232,-3.8263647000000027
1JTG_A_B,-1.7910642217205144,-1.4080202390000003
1JTG_A_B,-5.159262300866458,-6.291802800000001
1JTG_A_B,-3.7265420839934382,-3.281024320000001
1JTG_A_B,-4.156186371082348,-4.7193761200000015
1JTG_A_B,-5.06422598677596,-6.696790999999999
1JTG_A_B,-0.4293857000092753,-0.5287055000000002
1JTG_A_B,0.4555758620072812,0.4563166200000024
1JTG_A_B,-1.9097825126251613,-0.27859695999999906
1JTG_A_B,0.3825643399076011,-0.1899954400000013
1JTG_A_B,-4.059884794410223,0.05491106399999962
1JTG_A_B,-0.7384493296917629,-0.9957254200000001
1JTG_A_B,0.0725454735794386,0.08682367999999932
1JTG_A_B,0.4067372439725005,-0.9253035000000014
1JTG_A_B,-3.1998090387123685,-2.3627501000000013
1JTG_A_B,-3.24806545837197,-1.4656532359999985
1JTG_A_B,0.4067372439725005,-2.162885616
1JTG_A_B,-2.076422003532233,-2.30287784
1JTG_A_B,-0.3579091184487168,-0.6988063639999985
1JTG_A_B,-3.0089966437403977,-1.234100563999998
1JTG_A_B,0.1682866516901349,-0.6574164979999982
1JTG_A_B,-2.746506323142203,-0.5063606559999978
1JTG_A_B,-4.251421862409736,-1.7828709600000017
1JTG_A_B,-2.221086258265343,-1.882222920000003
1JTG_A_B,-2.3396489546293378,-2.000702080000002
1JTG_A_B,-3.1998090387123685,-1.0767149999999979
1JTG_A_B,-3.8217445767463154,-2.2981498800000004
1JTG_A_B,-3.749060155347364,-2.3800375199999992
1JTG_A_B,-2.1019341179373274,-0.04992275200000004
1JTG_A_B,-4.347279589487204,-1.5279278799999991
1JTG_A_B,-1.57605523634626,-1.531537580000002
1JTG_A_B,-2.076422003532233,-1.7629207999999998
1JTG_A_B,-4.227288370898993,-2.2214298400000017
1JTG_A_B,-3.607459071263788,-3.550864400000001
1JTG_A_B,-0.3579091184487168,-2.842310180000001
1JTG_A_B,-3.62949524820269,-2.9131956799999985
1JTG_A_B,-2.651611014867276,-1.612950396000001
1JTG_A_B,0.6468349970379315,-2.0466727342000004
1JTG_A_B,-2.387780784622029,-2.478425700000002
1JTG_A_B,0.8850851544712608,-2.712851819999999
1JTG_A_B,-5.039753333820988,-0.5118289999999981
1JTG_A_B,-4.563293826957932,-0.3300419039999998
1JTG_A_B,-5.016828383684149,-0.23913039999999824
1JTG_A_B,-0.4558386604881246,-1.1620607600000001
1JTG_A_B,-1.863617280258481,-2.7163496600000014
1JTG_A_B,-3.535956771695214,-1.7959831799999986
1JTG_A_B,-2.889825923994413,-2.5167706000000036
1JTG_A_B,-4.107583978318177,-2.7260634400000012
1JTG_A_B,-2.8177182325522665,-3.8015865799999986
1JTG_A_B,-2.197277868782404,-1.9736618200000007
1JTG_A_B,-2.79381152490439,-0.8128802299999986
1JTG_A_B,-2.1019341179373274,-1.566237320000003
1JTG_A_B,-3.5100661377733298,-2.108483960000002
1JTG_A_B,-2.29245029456634,-2.861389599999999
1JTG_A_B,-1.57605523634626,-1.0028914699999985
1JTG_A_B,-4.347279589487204,-2.155706739999998
1JTG_A_B,-4.514404651491343,-3.6525773999999998
1JTG_A_B,-2.79381152490439,-1.3108881420000011
1JTG_A_B,-4.107583978318177,-1.7562152400000013
1JTG_A_B,-2.3177598699717343,-1.7406384000000017
1JTG_A_B,-4.059884794410223,-2.4464186600000004
1JTG_A_B,-2.5797467076947687,-3.2044923799999996
1JTG_A_B,-1.504246861347184,-1.4253115239999987
1JTG_A_B,-3.9651077432683657,-2.228247829999999
1JTG_A_B,-1.6719011835561035,-1.8254157399999977
1JTG_A_B,-2.197277868782404,-4.279586600000002
1JTG_A_B,-2.5797467076947687,-3.3421553
1JTG_A_B,0.0143850131246843,-0.21580631600000014
1JTG_A_B,1.3402600892186527,0.8753286200000009
1JTG_A_B,1.9817669687114847,1.5655488800000021
1JTG_A_B,0.3964059856954947,-0.39808217999999923
1JTG_A_B,2.3922167886049497,1.9226079000000018
1JTG_A_B,3.0536298759492304,1.7013164199999997
1JTG_A_B,3.3588650902856827,1.9534126200000008
1JTG_A_B,-0.1808329407843754,1.5499737000000025
1JTG_A_B,0.1428050572256047,-0.060046012799999604
1JTG_A_B,-0.4610921101156311,-0.8045040200000032
1JTG_A_B,0.1703520668280358,0.1395465439999993
1JTG_A_B,0.6720828160047194,0.4779952999999961
1JTG_A_B,0.9121805690701504,-0.020178780000003338
1JTG_A_B,0.6096931736769502,1.1836947000000002
1JTG_A_B,0.6096931736769502,0.14315588400000084
1JTG_A_B,0.7418285022421145,0.6125773000000003
1JTG_A_B,0.4104498198934649,-0.18195236999999684
1JTG_A_B,-3.654008571031968,-1.583128608
1JTG_A_B,-0.506060921639369,-1.2839027199999968
1JTG_A_B,-4.306739189537708,-2.907774399999999
1JTG_A_B,-2.539910350611194,-4.720955200000001
1JTG_A_B,-4.569250148723159,-6.195708200000004
1JTG_A_B,-1.841557341021538,-4.075826659999999
1JTG_A_B,-2.1016725670682685,-4.0608464600000005
1JTG_A_B,-2.853656868725773,-7.44160224
1JTG_A_B,-2.5894507842438585,-7.390366160000001
1JTG_A_B,-0.8208996397869317,-0.9937247560000002
1JTG_A_B,-0.0,0.052908476000000176
1JTG_A_B,0.3024873953932019,-0.1480068079999986
1JTG_A_B,-0.1992433537834834,-0.1924833399999999
1JTG_A_B,-0.0,-0.47841402200000066
1JTG_A_B,0.132135328565166,-2.533960800000002
1JTG_A_B,-0.7585099974591625,-0.34481756999999685
1JTG_A_B,-0.1079624245002648,-0.85814894
1JTG_A_B,1.4956201168107288,-4.484433300000001
1JTG_A_B,-0.8644336186569603,-0.4838827999999986
1JTG_A_B,0.8523284635111423,-0.6020697019999983
1JTG_A_B,0.0507135478942544,-0.4031138959999993
1K8R_A_B,-1.869607371595344,-0.20198311600000068
1K8R_A_B,-2.9123033451185467,-2.3917788600000005
1K8R_A_B,-2.836780431920303,-1.3101579600000004
1K8R_A_B,-1.493913129158396,-1.7175941079999992
1K8R_A_B,-1.596116931725967,-0.8976280399999994
1K8R_A_B,-0.3179556235963954,-1.9413185060000009
1K8R_A_B,-1.7802372862289433,-0.9877198790000005
1K8R_A_B,-3.574292291069539,0.0835480000000006
1K8R_A_B,-1.971597677806849,-1.4995175799999996
1K8R_A_B,-0.7437028564266424,-0.3559883118000007
1K8R_A_B,-3.574292291069539,-1.1082159800000007
1K8R_A_B,-1.551297239047603,0.20863746839999747
1K8R_A_B,-1.2265854579970803,0.07659999599999964
1KTZ_A_B,-0.2427954976845452,0.24534475600000014
1KTZ_A_B,-1.1511183728524408,-1.4347105380000005
1KTZ_A_B,-2.2003895623311296,-1.4481628520000018
1KTZ_A_B,-1.4808360332993615,-2.0286320799999986
1KTZ_A_B,-2.882953252292188,-1.9934629600000007
1KTZ_A_B,-1.8240055968989413,-2.156946800000002
1KTZ_A_B,-2.978565825209798,-0.8946052304000001
1KTZ_A_B,-1.5208509857509869,-1.650945530000001
1KTZ_A_B,-1.9993379615423457,-1.602592280000001
1KTZ_A_B,-0.3263815732022141,-0.2062514350000026
1KTZ_A_B,-1.895526858438784,-1.2106681400000037
1KTZ_A_B,-1.5127852003925015,-0.6249387400000004
1KTZ_A_B,-0.2164084373652546,0.4333736000000007
1KTZ_A_B,-4.035755141145958,-4.480663399999999
1KTZ_A_B,-1.3695493290920968,-2.064292520000001
1KTZ_A_B,-1.2159106803857602,-0.3724694900000011
1KTZ_A_B,-0.4147879632498235,-0.11494691820000046
1KTZ_A_B,-0.8143322461888882,-0.6769203399999989
1KTZ_A_B,-1.493526464943093,-2.7291481600000007
1KTZ_A_B,-1.626360500279227,-2.484088139999999
1LFD_A_B,-1.598410858484142,-1.0639284400000002
1LFD_A_B,-0.3974349241293522,-0.2027084260000006
1LFD_A_B,0.4012531116933431,-0.5257419599999995
1LFD_A_B,-1.4966490552445872,-1.62900562
1LFD_A_B,0.6006992926477395,0.03238394240000104
1LFD_A_B,0.9012963307461828,0.10001581199999923
1LFD_A_B,-1.7991364506377885,-1.2972295000000003
1LFD_A_B,0.1014079039534454,-0.003095121999999173
1LFD_A_B,0.4012531116933431,-0.27673663599999954
1LFD_A_B,0.2017201252703397,-0.8291189800000008
1LFD_A_B,0.4012531116933431,-0.5039606039999992
1LFD_A_B,1.8013345170278274,-0.6065351800000003
1LFD_A_B,0.9012963307461828,-0.5617976600000012
1LFD_A_B,1.202213025166209,-0.34425845999999916
1LFD_A_B,-0.9999709558029748,-1.5743023199999988
1LFD_A_B,-0.9999709558029748,-0.27279486400000236
1LFD_A_B,-0.3016298225862641,-0.21450945600000004
1LFD_A_B,-0.9999709558029748,-0.5497101079999982
1LFD_A_B,-0.8004108574707827,0.10491264399999972
1LFD_A_B,-0.9001849766177541,-0.3566297200000008
1LFD_A_B,-1.1002308883551617,-0.6491818600000004
1LFD_A_B,0.5996665081599186,0.453887476
1LFD_A_B,-2.300009627007536,-0.41671141400000045
1LFD_A_B,-0.9001849766177541,-0.38720641600000083
1LFD_A_B,-3.5959918460080376,-1.8495324199999992
1LFD_A_B,-0.4966974467059719,0.04396142860000064
1LFD_A_B,-1.196493103640928,-0.9076017760000001
1LFD_A_B,-3.8956348300811774,-1.241141800000001
1LFD_A_B,-3.6958064126404855,-1.7519058000000003
1LFD_A_B,-0.3016298225862641,-0.8441562160000011
1LFD_A_B,-2.5000077978718016,-1.9951772399999994
1LFD_A_B,-0.2002219186328186,-0.9821421799999996
1LFD_A_B,-2.200446689717187,-1.3012094399999996
1LFD_A_B,-0.0,0.38611265999999833
1LFD_A_B,-0.8004108574707827,-0.3038576120000004
1LFD_A_B,0.0996232891070789,0.08756577199999938
1LFD_A_B,-0.5008731763697458,-0.28371332199999955
1LFD_A_B,-2.300009627007536,-0.7174755332000003
1LFD_A_B,-2.6003784014656226,-1.001072152
1LFD_A_B,-1.7982788778308514,-0.36705650950000007
1LFD_A_B,-1.5998573894391122,-0.7138470999999994
1LFD_A_B,-1.4000388496757834,-0.6169474199999986
1LFD_A_B,-1.7982788778308514,-0.7542160539999994
1LFD_A_B,-1.99592057012156,-0.7358886019999991
1LFD_A_B,-2.096828969408186,-1.4184616600000002
1LFD_A_B,-1.99592057012156,-1.1987807700000004
1LFD_A_B,-1.2966411005931846,-0.8168138799999993
1LFD_A_B,-3.5959918460080376,-2.1642758
1LFD_A_B,-2.296065422512866,-0.7939955760000011
1LFD_A_B,-4.895206092496284,-3.114315059999999
1LFD_A_B,-3.295991086961009,-1.1148834600000006
1LFD_A_B,-6.095426809800918,-1.585646939999998
1LFD_A_B,-4.095029106768197,-1.5723924999999994
1LP9_ABC_EF,0.4041165625207226,-0.2661051719999984
1LP9_ABC_EF,-0.298654670558423,-0.41842706000000224
1LP9_ABC_EF,-0.7280247555178665,-1.9204111200000005
1MAH_A_F,-1.244947005000947,0.14680565740000076
1MAH_A_F,-2.060369583900611,0.043332224000002056
1MAH_A_F,-0.7919900197272476,0.03369411399999829
1MAH_A_F,-1.87946870323982,-0.6817922599999997
1MAH_A_F,-3.004103816360713,-0.1812323559999987
1MAH_A_F,-5.217427002689362,-1.2175911000000001
1MAH_A_F,-8.808838044698076,-1.510991180000001
1MAH_A_F,-6.643924186597626,-1.524438400000001
1MAH_A_F,-9.706200828816296,-1.5888608199999998
1MAH_A_F,-11.628955454416657,-3.503593099999998
1MAH_A_F,-11.836772122711023,-3.4000095200000002
1MI5_ABC_DE,-0.260277952225457,-0.0196014402
1MI5_ABC_DE,0.0391649433008582,-0.2720627279999992
1MI5_ABC_DE,-0.5872800150964208,-1.07627264
1MI5_ABC_DE,-0.449406288320862,-1.2493473120000003
1MI5_ABC_DE,-1.2313494596804002,0.0011716394000032809
1MI5_ABC_DE,-1.1167174917240272,-0.3254612040000016
1MI5_ABC_DE,-1.2313494596804002,-1.6876326200000007
1MI5_ABC_DE,0.5581848367163014,-0.41221398399999787
1MI5_ABC_DE,-0.4817724815494131,-0.05783901600000079
1MI5_ABC_DE,-1.2313494596804002,-0.5142803115999995
1MI5_ABC_DE,-0.6079988837665811,-0.1495963399999992
1MI5_ABC_DE,-0.7637503318332124,-0.3253656640000004
1MI5_ABC_DE,-1.2313494596804002,-0.810862480000001
1MI5_ABC_DE,-0.9425202560621022,-0.6176814560000015
1MI5_ABC_DE,-0.8267917672038889,-0.06847887199999855
1MI5_ABC_DE,-1.2313494596804002,-0.48379262239999976
1MI5_ABC_DE,-0.2929363186611775,-0.08383667000000024
1MI5_ABC_DE,-1.063361283894622,0.13602133000000227
1MI5_ABC_DE,0.0703381364315811,-1.4708898399999994
1MI5_ABC_DE,0.4326521600110693,0.4308461320000004
1MI5_ABC_DE,-0.818526274206163,-0.9172348399999992
1MI5_ABC_DE,-0.1158056374375275,-0.30802762000000217
1MI5_ABC_DE,-1.2313494596804002,-0.7193938400000013
1MI5_ABC_DE,-1.2313494596804002,-0.8528827580000007
1MI5_ABC_DE,-1.2313494596804002,-1.1811330000000004
1MI5_ABC_DE,-1.2313494596804002,-2.4864262800000008
1OGA_ABC_DE,-1.5724093481802726,-0.6810586200000015
1OGA_ABC_DE,-2.161159729005586,-0.6656640619999987
1OGA_ABC_DE,-2.161159729005586,-1.4930615000000012
1OGA_ABC_DE,-2.161159729005586,-0.49018035999999987
1OGA_ABC_DE,-2.161159729005586,-2.6286412799999996
1OGA_ABC_DE,-2.161159729005586,-2.7899859199999995
1OGA_ABC_DE,-2.161159729005586,-1.5728658399999995
1OGA_ABC_DE,-0.2008679197398848,-0.10102576399999955
1OGA_ABC_DE,-1.417848988393308,-1.3975718600000007
1OGA_ABC_DE,-1.1290536231086683,-0.7266052999999988
1OGA_ABC_DE,-0.4951875453668197,-0.24802972799999926
1OGA_ABC_DE,-0.1321353285651643,-1.1694884600000002
1OGA_ABC_DE,-0.4951875453668197,-0.16394803999999916
1OGA_ABC_DE,-0.0,0.8681225599999995
1OGA_ABC_DE,-2.161159729005586,-1.7026450200000012
1OGA_ABC_DE,-2.161159729005586,-0.7971765600000021
1OGA_ABC_DE,0.0351878113534143,-0.06984448259999868
1OGA_ABC_DE,-0.2324569513144476,-1.0469503000000018
1OGA_ABC_DE,-0.4951875453668197,-0.061881640000001126
1OGA_ABC_DE,-0.6273228739319849,0.11687477599999802
1OGA_ABC_DE,-1.0377726938254517,0.012159733200001004
1OGA_ABC_DE,0.3652909866505824,-0.44125824600000263
1OGA_ABC_DE,0.0239401848951938,-0.01908392599999985
1OGA_ABC_DE,-0.2482349118611457,-0.39008656400000224
1OGA_ABC_DE,-0.4269761181709057,-0.20748932800000036
1OGA_ABC_DE,0.4593389953600546,-0.07536666000000147
1OGA_ABC_DE,-0.8481926695786113,0.13166335599999765
1OGA_ABC_DE,-0.7106984454377407,-0.9385813600000006
1OGA_ABC_DE,-0.8717250609583518,-0.6858667160000003
1OGA_ABC_DE,-1.9301534522988983,-0.12493114000000036
1OGA_ABC_DE,-0.1226750799519944,-0.1588905840000003
1OGA_ABC_DE,-0.4483173078249551,-0.24095487599999926
1OGA_ABC_DE,-0.0,-1.2308636400000013
1OGA_ABC_DE,-1.3929078704048663,-0.5216311820000009
1OGA_ABC_DE,-0.6120825000647097,-0.5622369519999987
1OGA_ABC_DE,-0.4888222506673161,-1.4132358599999992
1OGA_ABC_DE,-0.1325820686238445,0.13319284199999906
1OGA_ABC_DE,-0.3213992281610514,0.03122802799999828
1REW_AB_C,-0.6677549306024186,-1.137846380000001
1REW_AB_C,-1.0867661611193604,-2.073353839999999
1REW_AB_C,-2.062044267305346,-2.9147819000000017
1REW_AB_C,-1.3634847882455627,-2.962150980000001
1REW_AB_C,-1.29385006498417,-2.7777958
1REW_AB_C,-2.8822613088383697,-5.3414723
1REW_AB_C,0.0519278050455493,-0.4582207999999971
1REW_AB_C,-0.4759385926133088,-1.2536980200000003
1REW_AB_C,0.1838208943274448,-0.5373752599999989
1REW_AB_C,-0.0436296184241591,-0.38456968000000286
1REW_AB_C,-0.6720828160047212,-1.6638364799999994
1REW_AB_C,-5.305122329200046,-1.16222482
1REW_AB_C,-2.354736494860536,-3.53364702
1REW_AB_C,-1.6659721836387664,0.09904502000000082
1REW_AB_C,-1.2146679644633505,-2.1572679799999994
1REW_AB_C,-2.657223890253736,-2.113974620000005
1REW_AB_C,-0.7296187105037149,-2.614119100000003
1REW_AB_C,-0.2676447626678602,-3.7260958000000017
1REW_AB_C,-1.1522783221355797,-2.6496474000000005
1S1Q_A_B,-0.6591666674866832,-1.4315878040000007
1S1Q_A_B,-0.1959003444918137,-0.2832467300000011
1S1Q_A_B,-1.210689233846836,0.09853314799999975
1S1Q_A_B,-0.9488435117371492,-0.381479656
1S1Q_A_B,-0.2759324833310703,-0.33382726800000007
1S1Q_A_B,-0.7618593974133097,-0.9443819399999992
1SBB_A_B,0.0912809292832168,-1.0237839400000002
1SBB_A_B,1.4547657175287825,0.4704612239999999
1SBB_A_B,-0.0790711375448189,0.05964396799999919
1SBB_A_B,-0.1321353285651643,-0.2033949199999988
1XD3_A_B,-1.37496645878797,-0.8161225999999999
1XD3_A_B,0.0638551708388259,-0.31970881999999756
1XD3_A_B,0.8819965836107677,-1.5863200599999985
1XD3_A_B,-0.0,-0.6287792800000019
1XD3_A_B,-1.331657783573581,-3.238964080000002
1XD3_A_B,-2.4323607052688656,-3.8734532400000004
1XD3_A_B,0.4200912586157965,0.07216637800000378
1XD3_A_B,-0.309592804009819,0.23935861599999564
1XD3_A_B,-2.738291482575054,-3.8191574000000004
1XD3_A_B,-1.4346274012921905,0.2320878460000012
1XD3_A_B,-0.2720923755953315,-0.1677674680000007
1XD3_A_B,-0.2720923755953315,0.2797675600000022
1Z7X_W_X,-5.952934775265284,-3.539656879999998
1Z7X_W_X,-3.660587922732521,-1.1519539600000002
1Z7X_W_X,-2.6228152289070703,-3.869644159999999
1Z7X_W_X,-0.939101292078302,-1.0305277300000042
1Z7X_W_X,-1.971207397975217,-2.1381024400000004
1Z7X_W_X,-0.8478203627950833,-0.10322170200000154
1Z7X_W_X,-0.3372513313386136,-1.3455186199999987
1Z7X_W_X,-1.018172429623121,-0.4430052400000015
1Z7X_W_X,-1.3352816523491953,-0.9431489200000033
1Z7X_W_X,-2.211305151040648,-1.5686889999999964
1Z7X_W_X,-1.320659825016321,-0.8910107400000016
1Z7X_W_X,-0.8139737839962642,-0.17743836000000032
1Z7X_W_X,-0.9929705871243611,-0.7864357579999992
1Z7X_W_X,-1.320659825016321,-0.36522824000000237
1Z7X_W_X,-1.560757578081752,-0.6289313159999992
1Z7X_W_X,-1.6687200025820168,-0.7174022379999997
1Z7X_W_X,-1.3056677857803614,-2.710195180000003
1Z7X_W_X,-0.1205619193917186,-0.45243177999999956
1Z7X_W_X,-2.1649678059217905,-0.9990561999999961
1Z7X_W_X,-7.167602739728636,-4.7098406
1Z7X_W_X,-7.237348425966031,-7.3790732
2AJF_A_E,-2.011590485910329,1.1775555600000005
2AJF_A_E,-1.8230168607872856,-0.6310357440000001
2AJF_A_E,-0.5851084796652106,-1.8626888399999997
2AJF_A_E,-1.4516702900948353,-1.618382539999999
2AJF_A_E,-1.3970911910444634,0.36049328000000075
2AK4_ABC_DE,0.1266195502438876,-0.45578275000000107
2AK4_ABC_DE,-0.0989217310341992,-1.350880140000002
2AK4_ABC_DE,-1.4032827128142795,-0.033352751999999763
2AK4_ABC_DE,-1.4032827128142795,-0.1309400672000003
2AK4_ABC_DE,-1.4032827128142795,-1.6553281800000013
2AK4_ABC_DE,-1.4032827128142795,0.7138369199999999
2AK4_ABC_DE,-0.2086677530265879,-0.11183849200000053
2AK4_ABC_DE,-0.8224808260927761,-1.1983855200000006
2AK4_ABC_DE,-1.4032827128142795,-0.5727658796000008
2AK4_ABC_DE,0.3142135987668739,0.22244417599999902
2AK4_ABC_DE,-0.8380647233687064,-1.31240274
2AK4_ABC_DE,-0.0486142748156952,-0.47829886000000066
2AK4_ABC_DE,0.257775302208997,-0.4705881600000009
2AK4_ABC_DE,0.3417606083693059,-0.30595429199999774
2AK4_ABC_DE,-1.3666429499699602,-0.8872776999999974
2AK4_ABC_DE,-0.2347964292091511,-0.8561281199999975
2AK4_ABC_DE,-0.9291258887155748,-0.44403594199999813
2AK4_ABC_DE,-1.4032827128142795,-1.2614813999999983
2AK4_ABC_DE,-0.8731490022592823,-0.5789616620000003
2AK4_ABC_DE,-0.4648695717950568,0.027271044000000688
2AK4_ABC_DE,-0.1403117738802093,-0.3880470819999998
2AK4_ABC_DE,-1.0958400255777023,-0.5589192579999991
2AK4_ABC_DE,-1.4032827128142795,-0.6273402600000013
2AK4_ABC_DE,-1.4032827128142795,-0.5900242000000006
2AK4_ABC_DE,-1.4032827128142795,-1.362355270000001
2AK4_ABC_DE,-0.0658626958009822,-0.2967232979999995
2AK4_ABC_DE,-0.5133771169544756,-0.2339189800000001
2BNR_ABC_DE,-0.0827605820015078,-0.2186347868000006
2BNR_ABC_DE,-0.0,-0.04676459199999965
2BNR_ABC_DE,-1.805463556113554,-2.1800337600000024
2BNR_ABC_DE,-1.688484731143049,-0.5829599559999983
2BNR_ABC_DE,-0.0055255821129636,-0.16610025999999933
2BNR_ABC_DE,-1.854276586697752,-0.7781087239999984
2BNR_ABC_DE,0.0962362211265919,-0.07246716999999903
2BNR_ABC_DE,-1.2844136507007464,-0.5169368999999981
2BNR_ABC_DE,-0.5306220361321312,-0.5080264199999986
2BNR_ABC_DE,-0.6717522807353546,-0.6413535499999992
2BNR_ABC_DE,-0.6240570380696999,-0.3444556200000014
2BNR_ABC_DE,-0.0182215582950071,-0.05586358600000099
2BNR_ABC_DE,-0.7365176691573803,-0.3424966819999988
2BNR_ABC_DE,-0.5328836070022076,-0.5122917820000019
2BNR_ABC_DE,-0.9028551177627264,-0.4340491400000019
2BNR_ABC_DE,-0.0182215582950071,-0.14336537600000052
2BNR_ABC_DE,-0.2326491778766604,-0.7562331799999985
2BNR_ABC_DE,-0.4584165281897707,-0.11922749400000204
2G2U_A_B,-0.6505475729588968,-1.4190988799999988
2G2U_A_B,0.9504205980140484,-0.5868044480000041
2G2U_A_B,-2.762560350718001,-2.1824364799999993
2G2U_A_B,0.9556609323880992,-0.3759913299999975
2G2U_A_B,-1.7161847851985126,-1.4061174
2G2U_A_B,0.4263831736089827,-0.28465932000000027
2G2U_A_B,2.074677808104182,-1.9316610200000017
2G2U_A_B,0.6284324378571107,-0.5578984670000001
2G2U_A_B,-2.3005864028821463,-2.153684079999999
2G2U_A_B,0.5119496660751359,-0.1411244599999979
2G2U_A_B,1.9784415869775904,-1.9364193999999992
2G2U_A_B,0.2172258716374013,-1.480172339999999
2G2U_A_B,-0.9582522172533592,-1.2705536000000017
2G2U_A_B,0.6120034064766262,-0.28456501000000106
2G2U_A_B,0.4136023770452688,-0.3598422299999974
2G2U_A_B,-0.2756885272923011,-2.8808131199999982
2G2U_A_B,1.846306258412426,-0.3004742799999999
2G2U_A_B,0.3422199365820422,-0.8290146399999987
2G2U_A_B,-1.1183877055633644,-0.5744431920000028
2G2U_A_B,-1.7843235398671444,-1.7765353999999982
2G2U_A_B,-0.6694568519687198,-1.498449519999998
2G2U_A_B,-0.5309427839523915,-0.11380747199999963
2G2U_A_B,2.451281049198828,-3.6124053600000012
2G2U_A_B,2.074677808104182,-2.346797599999999
2G2U_A_B,1.8345800550387512,-2.477821999999999
2G2U_A_B,0.4094026862524362,-1.0097866000000004
2G2U_A_B,-0.9886257425789688,-2.1130940999999965
2G2U_A_B,1.1075349320025722,-2.205204000000002
2G2U_A_B,2.930358715608193,-0.5364198199999987
2G2U_A_B,2.015411067111786,-0.8667558799999998
2G2U_A_B,1.5916538575388035,-1.37582688
2G2U_A_B,3.534255882949429,-1.3768835800000012
2G2U_A_B,2.808011277983244,-0.4173861819999987
2G2U_A_B,3.507933597505799,-0.32776897599999955
2G2U_A_B,0.4526592630612125,-0.3815853799999998
2G2U_A_B,1.5478518995592712,-0.025484494000000107
2G2U_A_B,4.396781199589293,0.20491594960000103
2G2U_A_B,-0.474426171826007,-2.193146219999999
2G2U_A_B,-0.3229842323277481,-4.265063099999999
2G2U_A_B,-1.487286930913533,-4.763969780000002
2G2U_A_B,2.1533695947688525,-1.7439060399999993
2G2U_A_B,1.561407035327301,-1.8854998
2G2U_A_B,0.6937221130872899,-4.5869628
2G2U_A_B,0.9901932301950502,-4.2340398
2OOB_A_B,-0.161079716351896,-0.036841623999998484
2OOB_A_B,-3.1017990152019075,-1.89710982
2OOB_A_B,-0.2352455349568423,0.2651856979999997
2OOB_A_B,-3.1017990152019075,-1.852632140000001
2OOB_A_B,-3.1017990152019075,-1.5236318199999999
2P5E_ABC_DE,-1.9617177158493784,-2.3633669199999994
2P5E_ABC_DE,-4.407654415581623,-4.567638019999997
2P5E_ABC_DE,-7.951879596238548,-5.3650921999999985
2P5E_ABC_DE,-7.774171485500887,-7.9355962
2P5E_ABC_DE,-7.603819418672852,-2.7761566199999987
2PCB_A_B,-0.6054483245339037,0.048470911999999866
2PCB_A_B,-0.675667166145808,-0.0856917200000008
2PCB_A_B,-0.7333081549604046,-0.12264235200000022
2PCB_A_B,-0.8208996397869335,-0.2686414199999997
2PCB_A_B,-0.8705703893158621,-0.6341716000000002
2PCC_A_B,0.8965966717942209,-1.1494833600000005
2PCC_A_B,-2.1016238460309893,-1.4610004600000002
2PCC_A_B,-6.199434254677308,-1.4272896
2PCC_A_B,-0.9014172118349713,-0.5834226600000003
2PCC_A_B,-0.2029099532364169,-1.3832580399999999
2PCC_A_B,-1.500747022601021,-2.0193504000000004
2PCC_A_B,-0.3035163338270585,-0.37241314199999986
2PCC_A_B,-2.7995690220816973,-1.8276367999999998
2PCC_A_B,-1.1016228961439474,-1.4846564199999999
2PCC_A_B,-1.900898253877343,-0.8496788799999994
2PCC_A_B,0.0977526212374684,-1.9902507000000007
2PCC_A_B,-2.1016238460309893,-1.9519235599999991
2PYE_ABC_DE,4.407654415581623,-0.952060331999998
2PYE_ABC_DE,2.445936699732245,-1.8004329200000013
2PYE_ABC_DE,-3.544225180656925,-1.098866179999999
2PYE_ABC_DE,-3.366517069919264,-3.4208938799999995
2PYE_ABC_DE,-3.1961650030912283,-3.5627454
2QJ9_AB_C,0.7296187105037149,-1.745399690000002
2QJ9_AB_C,0.4619739478358546,-0.8715439799999973
2QJ9_AB_C,-0.4226596116318646,0.1588433820000003
2QJA_AB_C,-0.4619739478358546,0.3395121179999988
2QJA_AB_C,0.2676447626678602,0.4898639120000007
2QJA_AB_C,-0.8846335594677193,0.6213962399999986
2QJB_AB_C,0.8846335594677193,-1.0227051000000005
2QJB_AB_C,0.4226596116318646,-0.9584404200000007
2QJB_AB_C,1.1522783221355797,-0.8506201199999988
3B4V_AB_C,-0.8208996397869335,-1.0572812619999956
3B4V_AB_C,-4.131308764018641,-3.6823052400000016
3B4V_AB_C,-3.879247898626709,-1.6156520400000018
3B4V_AB_C,-4.090454364736692,-4.588240900000001
3B4V_AB_C,-3.5787712145702013,-2.901111
3B4V_AB_C,-3.848237990736149,-1.8424287599999984
3B4V_AB_C,-3.3914508257238225,-3.443149800000002
3BK3_A_C,-0.0,-0.5763032320000004
3BK3_A_C,-0.02632228544363,-0.08015135399999668
3BK3_A_C,-1.038131466280955,-1.3023072799999973
3BK3_A_C,-0.6505475729588976,-1.033845819999999
3BK3_A_C,-0.4861468519007541,-0.13748886400000196
3BK3_A_C,-1.7421427493935546,-1.1749448399999987
3BK3_A_C,-0.4861468519007541,-1.017517680000001
3BK3_A_C,-0.4237572095729831,-0.10993260000000071
3BK3_A_C,-1.3070464916876876,-2.6264266399999996
3BK3_A_C,-2.1204975562858515,-3.7991290000000006
3BK3_A_C,-1.2608812593210068,-2.00544226
3BK3_A_C,-1.1749111631225233,-0.674516359999999
3BK3_A_C,-1.3820325122991317,-1.3242346999999992
3C60_CD_AB,-1.5936301403211883,-0.805985439999999
3C60_CD_AB,-0.9628228592923148,-0.2288963719999991
3C60_CD_AB,-0.9430825673622908,-0.5929053820000005
3C60_CD_AB,-0.8682972428787448,-1.118790891600001
3C60_CD_AB,-0.9530349683520988,-0.28121588000000197
3C60_CD_AB,-1.2495710179754065,-0.7471427120000005
3C60_CD_AB,-0.5620017705693394,-0.15604343600000042
3C60_CD_AB,-0.3589256919510797,-0.7216096039999998
3C60_CD_AB,-0.0473976030918112,0.19723437440000158
3C60_CD_AB,-1.1662119984093788,-0.1498177520000002
3C60_CD_AB,-1.1522783221355812,0.07960335600000135
3C60_CD_AB,-2.150102281785061,-0.80192972
3C60_CD_AB,-0.0,-0.6708631200000007
3C60_CD_AB,-0.0,0.15007477000000002
3C60_CD_AB,-0.0473976030918112,-0.1471593160000006
3C60_CD_AB,-2.025435952791516,-1.13717864
3C60_CD_AB,-0.0473976030918112,-0.09571057399999927
3C60_CD_AB,-1.1662119984093788,-0.29331099199999844
3C60_CD_AB,-1.085170296917263,-0.5199016619999991
3HG1_ABC_DE,1.5812344581654123,-1.69588196
3HG1_ABC_DE,1.7739346081390304,-1.6211987200000009
3HG1_ABC_DE,2.0255308568577,-1.6509306399999994
3HG1_ABC_DE,1.7300512819476257,-1.6056940199999985
3HG1_ABC_DE,1.4899535288821948,-1.3038503599999989
3HG1_ABC_DE,2.8534383171277584,-2.07613868
3HG1_ABC_DE,2.2941716734520794,-1.1491046400000011
3HG1_ABC_DE,2.978565825209798,-1.8224128200000003
3HH2_AB_C,-0.684045928331221,-1.0898554600000017
3HH2_AB_C,-0.7129372152866669,-1.8944605599999977
3HH2_AB_C,-0.8617540390688809,-2.2946797399999923
3HH2_AB_C,-0.8161812568963853,-4.510848179999997
3HH2_AB_C,-1.32464110030031,-2.1447920200000024
3HH2_AB_C,-0.7129372152866669,-2.315828979999997
3HH2_AB_C,-1.272203858962346,-4.109249579999998
3KBH_A_E,-0.8729677768807633,-0.47264466200000077
3KBH_A_E,-1.811879154294287,-0.6637896559999996
3KBH_A_E,-1.6150810369642343,0.09245394840000021
3KBH_A_E,-0.0999679396450279,-1.17515848
3KBH_A_E,-1.856399187175267,-0.10454510960000069
3KBH_A_E,-2.489418725931348,-1.357852494
3KUD_A_B,-1.952931411267131,-1.1335891800000004
3KUD_A_B,-2.166706878888932,-1.1451208200000003
3KUD_A_B,-2.7575172391271234,-0.7797240400000002
3KUD_A_B,-0.766200416196197,-0.22041881999999924
3KUD_A_B,-1.2046312170707667,-0.2510331400000001
3KUD_A_B,-1.952931411267131,0.24192899999999906
3KUD_A_B,-1.965666394986469,0.2823229199999997
3KUD_A_B,-3.9626571795278864,-0.738966920000001
3KUD_A_B,-4.204193946472079,-0.5517321399999998
3KUD_A_B,0.7976749407600199,1.1350699680000003
3KUD_A_B,-3.0391306466182524,-1.28901628
3KUD_A_B,-1.5161593059300351,-0.31782490000000035
3KUD_A_B,-1.4886122963276032,0.9667045479999994
3KUD_A_B,-2.8955774478911165,-1.10548906
3KUD_A_B,-1.65896436315564,-0.030355275999999876
3KUD_A_B,0.0358991074385732,1.195516340000001
3M62_A_B,-0.829299126996851,-0.686657568
3M62_A_B,-2.79859213884718,-0.7134279600000002
3M62_A_B,-2.827840252520078,-1.0984517199999995
3M62_A_B,-0.0166814952170497,-0.30171114919999986
3M62_A_B,-1.0510449918625575,-0.2867817219999983
3M62_A_B,-0.7882957769105232,-0.5390855620000001
3M62_A_B,-1.2642553648585384,-1.8609809599999996
3M62_A_B,-4.474966289930115,-2.0601619399999995
3M62_A_B,-1.8530057456838511,-1.8011454399999995
3M62_A_B,-0.9954663430526,-1.1882369599999998
3M62_A_B,-2.882329604083208,-1.62141225
3M62_A_B,-1.2780959863793058,-0.41631776879999954
3M62_A_B,-1.0898886798078102,-0.8115166439999989
3M62_A_B,-1.0539056443810466,-0.6917623299999999
3M62_A_B,-0.2835781163833797,-0.0913101319999998
3M62_A_B,-1.1375960678502892,-1.066071040000001
3M62_A_B,-0.6807800924689378,-1.3432298400000011
3M63_A_B,-2.233082040251708,-0.9857691799999996
3M63_A_B,-0.5761308742497384,-0.37089504840000065
3M63_A_B,-0.3112203965064388,-0.2597480404000001
3M63_A_B,-0.3461773336274021,-0.05845924200000048
3M63_A_B,0.1851995195855096,-0.405158697400001
3M63_A_B,-0.1246439197173145,-0.5576066400000007
3M63_A_B,-3.6487398923070105,-1.85663182
3M63_A_B,-1.838013706447892,-1.5812414999999993
3M63_A_B,-1.0885444024547954,-1.7060109200000002
3M63_A_B,-1.7906161033560792,-1.0325905799999995
3M63_A_B,-0.1870335620450838,0.35958203159999835
3QDG_ABC_DE,1.561482812611711,1.8678988000000007
3QDG_ABC_DE,1.792935829377079,2.189158720000002
3QDG_ABC_DE,-0.5961833728111534,-0.4093732336000002
3QDG_ABC_DE,0.7026386266695237,0.10995699400000228
3QDG_ABC_DE,-0.934033747114051,-1.4033772440000007
3QDG_ABC_DE,0.0386324307472598,-1.4576080417999997
3QDG_ABC_DE,-0.8658949924454191,-0.46851660599999717
3QDG_ABC_DE,-1.387906967801282,0.2588151240000035
3QDG_ABC_DE,-1.5018207380714408,-0.3140667999999984
3QDG_ABC_DE,-0.1383359498258753,-0.85828532
3QDG_ABC_DE,-1.091370918177974,-0.2600653795999997
3QDG_ABC_DE,0.0658626958009822,0.13153234399999958
3QDG_ABC_DE,-0.8512731651125431,-0.4793919500000007
3QDG_ABC_DE,-1.393858313571175,0.2619342679999989
3QDG_ABC_DE,3.3530949698943093,1.9988290800000006
3QDG_ABC_DE,3.5416685950173523,2.1527065600000004
3QDJ_ABC_DE,2.170771094703864,1.099342680000002
3QDJ_ABC_DE,1.3365640652374149,1.8751628199999992
3QDJ_ABC_DE,-0.216689411946894,0.4142825880000024
3QDJ_ABC_DE,0.8072863064582991,0.10625402599999975
3QDJ_ABC_DE,-0.3894243951483513,-1.6770278599999988
3QDJ_ABC_DE,0.2755666723850503,0.13419104399999982
3QDJ_ABC_DE,0.1052146055570153,1.0526536519999985
3QDJ_ABC_DE,-0.6551202128214637,1.2908134799999997
3QDJ_ABC_DE,-0.5561984817872654,-0.5675164399999995
3QDJ_ABC_DE,-0.0399356187722634,-0.20901269000000142
3QDJ_ABC_DE,-1.2244236038897285,0.34752641200000023
3QDJ_ABC_DE,-0.2070606807764026,0.2425753360000013
3QDJ_ABC_DE,-0.4104498198934667,0.6102969279999982
3QDJ_ABC_DE,-0.7780746765576891,-0.7135535921999991
3QDJ_ABC_DE,2.5296967866549425,1.2315915000000008
3QDJ_ABC_DE,1.9129957924948675,1.8467065799999998
3QDJ_ABC_DE,-2.2988422074540966,0.09706469199999772
3QHY_A_B,-2.254130114269893,-0.5370555199999986
3QHY_A_B,-2.254130114269893,-1.0049265399999991
3QHY_A_B,-2.862254667374742,-2.1220795
3QHY_A_B,-0.0564382965578786,-0.3225450239999999
3QHY_A_B,-2.901746226193916,-0.9914867600000012
3QHY_A_B,-3.982491940236432,-1.388580919999999
3QHY_A_B,-0.8159443479435602,-1.1263866999999994
3QHY_A_B,-1.6048969789643568,0.14214588199999995
3QHY_A_B,-0.8008247030784688,-0.3149864660000006
3QHY_A_B,-1.888440236449164,-0.5367287760000001
3QHY_A_B,-3.787966969343493,-1.1916771579999987
3QHY_A_B,-0.3800762945678571,-0.2363205660000017
3QHY_A_B,0.084737725473353,-0.09006596200000096
3QHY_A_B,-0.9608781812893632,-1.44957708
3QHY_A_B,-3.421870252674953,-2.436844399999999
3QHY_A_B,-3.4963450883356764,-1.7431057600000002
3QHY_A_B,-1.742521303933982,-1.5985626799999997
3QHY_A_B,-2.0614299642962752,-1.4009525400000016
3QHY_A_B,-3.0661914717770387,-0.6414469380000021
3QHY_A_B,-3.07393215611571,-1.9552484799999987
3QHY_A_B,-0.2400977530654309,-0.6431115400000008
3QHY_A_B,-3.0114204327814864,0.959747503999999
3QHY_A_B,-5.42976624891736,-1.5314703199999995
3QHY_A_B,-0.5346366543548235,-0.1725422580000006
3QHY_A_B,-2.694514664419099,0.0439922539999996
3QIB_ABP_CD,0.119308388339749,-0.9898368709999988
3QIB_ABP_CD,-0.7864170885075907,-0.20229228200000132
3QIB_ABP_CD,0.3695377928639489,-0.1405855560000029
3QIB_ABP_CD,-0.2647011579996681,-0.5880123200000005
3QIB_ABP_CD,-0.8918403898400289,-0.2879996600000071
3QIB_ABP_CD,-0.6096931736769484,-0.5393824760000026
3QIB_ABP_CD,-0.5658098474855437,-0.48739255999999936
3QIB_ABP_CD,-0.8446417297770319,0.04061040599999803
3QIB_ABP_CD,-1.763069093753649,-0.7867385599999988
3QIB_ABP_CD,-1.212201937287885,-0.35280016000000075
3QIB_ABP_CD,-1.8205034442380432,-1.1323591399999988
3QIB_ABP_CD,-2.2029321520860634,-0.6679847980000007
3QIB_ABP_CD,-0.8624713667395136,-0.921615059999999
3QIB_ABP_CD,-0.7494693039930969,-0.5680303999999973
3QIB_ABP_CD,-0.051524127942387,-1.9217476799999988
3QIB_ABP_CD,-1.5062898454711693,-0.8296177200000006
3QIB_ABP_CD,-3.137419396384596,-1.456063880000002
3QIB_ABP_CD,-0.1079624245002657,-0.5576177400000055
3QIB_ABP_CD,-3.137419396384596,-2.046215720000001
3QIB_ABP_CD,-2.235908555974885,-0.1431943799999973
3QIB_ABP_CD,-3.137419396384596,-1.0676319600000008
3QIB_ABP_CD,-1.0751813984132097,-0.6593263800000002
3QIB_ABP_CD,-1.2232190721886766,-1.0389850960000022
3QIB_ABP_CD,-1.2163574204444405,-1.215511240000004
3S9D_A_B,0.211206466109985,-0.33017954000000294
3S9D_A_B,-1.0094732649099765,-1.2446239999999997
3S9D_A_B,-0.5184122443937316,-1.0793609500000023
3S9D_A_B,-3.680004544843227,-2.4737592600000013
3S9D_A_B,-3.680004544843227,-2.3588348000000012
3S9D_A_B,-0.4104498198934667,-0.24049228000000208
3S9D_A_B,-0.2400977530654309,-0.2896932079999993
3S9D_A_B,-1.5188448158376424,-1.8301896599999972
3S9D_A_B,-3.680004544843227,-2.01248188
3S9D_A_B,-0.4668881164513436,-0.1971463180000011
3S9D_A_B,-0.314213598766873,-0.6280534380000002
3S9D_A_B,-0.6505475729588959,-0.7321728200000013
3S9D_A_B,-0.1992433537834816,-0.7512924760000033
3S9D_A_B,-0.6304726362504312,-0.8205980600000005
3S9D_A_B,0.211206466109985,0.13443721599999692
3S9D_A_B,-0.7418285022421145,-2.09622874
3S9D_A_B,0.062389642327771,0.14604506399999895
3S9D_A_B,-1.2787470627722115,-0.8186316600000021
3S9D_A_B,-0.1241868344613532,-0.28713452520000143
3S9D_A_B,-0.1703520668280358,-0.08459188399999965
3S9D_A_B,-2.639949944842499,-1.7168890800000023
3S9D_A_B,-4.671256251458196,-1.3379269060000003
3S9D_A_B,-6.078941506268556,-2.895187239999998
3S9D_A_B,-2.184384428032496,-0.20519398400000122
3S9D_A_B,-2.0764220035322314,-0.4640557600000035
3S9D_A_B,-1.0576984766895343,-0.5598891800000017
3S9D_A_B,-2.288220327682186,-1.5183473799999985
3S9D_A_B,-3.07283251992283,-1.4767821800000016
3S9D_A_B,-0.9036602217884386,-0.48886949999999874
3S9D_A_B,-1.3351853593300866,-0.6094600639999967
3S9D_A_B,0.0847377254733547,-0.07929887000000052
3S9D_A_B,-0.6215575854582269,-0.9391548199999982
3S9D_A_B,0.1809739465999467,1.106136647999997
3S9D_A_B,-1.7739346081390313,-0.4868676959999999
3S9D_A_B,-1.8231514259326644,-0.7999072520000002
3S9D_A_B,-0.0,-0.32803429000000034
3S9D_A_B,-0.2556816503413603,0.029401433999996836
3S9D_A_B,-2.4111747914184107,-1.477858439999999
3S9D_A_B,0.1677261027920362,0.9036839560000012
3S9D_A_B,-2.3165197565976623,-1.9948215599999999
3S9D_A_B,-0.0437423203758324,0.02137837899999752
3S9D_A_B,-1.4956201168107288,-1.9038172199999988
3S9D_A_B,-0.0,0.5453133539999997
3S9D_A_B,-3.600661340250343,-1.7818923199999999
3S9D_A_B,-3.5767605032335084,-2.6539498600000004
3S9D_A_B,-3.393101046725956,-3.133489339999999
3S9D_A_B,-3.0199058951523075,-2.977937780000001
3S9D_A_B,-5.958370722894328,-4.113035379999999
3S9D_A_B,-4.046206523963329,-1.9835166399999977
3S9D_A_B,-4.349204176966469,-2.290284400000004
3S9D_A_B,-4.461739241329303,-3.3472885199999984
3S9D_A_B,-5.265957385899188,-3.3354504999999994
3S9D_A_B,-3.0617223643773084,-2.3083902999999992
3S9D_A_B,-3.310724855468031,-2.5006999999999984
3S9D_A_B,-4.269039091355684,-0.6900065699999995
3S9D_A_B,-4.471775988721887,-0.9464834580000009
3S9D_A_B,-4.2329209515788655,-1.9684207999999974
3S9D_A_B,-4.999241492315427,-1.8536893999999975
3S9D_A_B,-3.0052840678194315,-1.091189399999997
3S9D_A_B,-3.559595419651737,-1.14771946
3S9D_A_B,-2.339744455624576,-2.921004260000001
3S9D_A_B,-3.0750297540568248,-2.87630618
3S9D_A_B,-3.844405265901371,-3.1056440000000016
3S9D_A_B,-2.750194275518041,-2.6515467200000007
3S9D_A_B,-2.9428944254916605,-2.8667780200000004
3S9D_A_B,-3.738592222779836,-2.7028822000000026
3S9D_A_B,-3.0341753547748773,-3.122281000000001
3S9D_A_B,-2.814857064282929,-3.0109867400000003
3S9D_A_B,-5.446790326683561,-4.376442400000001
3S9D_A_B,-3.523696312213163,-2.1580876800000004
3S9D_A_B,-4.033305056782973,-3.3526823200000004
3S9D_A_B,-4.906000492140904,-3.468823320000002
3S9D_A_B,-3.255169711825077,-2.517314839999999
3S9D_A_B,-3.345062237377995,-2.602402220000002
3S9D_A_B,-2.9428944254916605,-1.7004412599999983
3S9D_A_B,-2.38362778181598,-1.5560924100000002
3S9D_A_B,-3.6704534681112033,-0.655888555999999
3S9D_A_B,-2.677594829927472,-1.1660263160000008
3S9D_A_B,-3.0199058951523075,-1.1428153760000002
3S9D_A_B,-4.425207152622874,-1.6323618800000008
3S9D_A_B,-4.314546983503491,-2.44749608
3S9D_A_B,-7.110360259889001,-3.27120208
3S9D_A_B,-3.703229243870141,-1.0312270879999992
3S9D_A_B,-5.297630920352195,-1.4782853299999994
3S9D_A_B,-5.453939152982259,-2.351705639999999
3S9D_A_B,-6.063632326659208,-2.435691059999999
3S9D_A_B,-4.078491252410192,-1.4498129959999984
3S9D_A_B,-4.530922310973594,-1.5155015599999992
3S9D_A_B,-4.090454364736694,-2.2505148999999998
3S9D_A_B,-6.055111979377498,-4.043371200000001
3S9D_A_B,-4.656264212222237,-1.5753475800000025
3S9D_A_B,-5.038733051134601,-1.69893292
3S9D_A_B,-4.978462029741945,-2.760819480000001
3S9D_A_B,-3.630629798279571,-1.502090520000001
3S9D_A_B,-3.54191787050817,-1.9415031199999988
3S9D_A_B,-3.767892032635027,-1.9901276000000034
3S9D_A_B,-2.213275714987944,-1.7715433999999988
3S9D_A_B,-4.014757332729408,-1.5930112200000028
3S9D_A_B,-3.05495481734836,-2.0660191999999995
3S9D_A_B,-3.844405265901371,-2.302509499999999
3S9D_A_B,-1.1351132385538063,-0.9469531400000011
3S9D_A_B,-2.9379391336482854,-1.2598947200000001
3SE4_B_C,-1.3634847882455663,-0.609176715999999
3SE4_B_C,-1.6653797334445797,-1.7471502000000028
3SE4_B_C,-1.1648332925020544,-0.4266114360000014
3SE4_B_C,-0.2117983241499565,-0.356249260000001
3SE4_B_C,0.6099300826297753,-0.5460045580000026
3SE4_B_C,-1.3634847882455663,-0.9724575600000005
3SE4_B_C,-1.1648332925020544,-1.710907880000002
3SE4_B_C,-1.20871661869346,-1.9900859999999985
3SE4_B_C,0.4104498198934649,-0.1297536623999983
3SE4_B_C,0.1703520668280358,-0.6337652239999988
3SE4_B_C,-0.923906772443825,-1.1266701220000008
3SE4_B_C,-2.726969576491131,-2.2210659999999978
3SE4_B_C,-0.5726032748020664,-0.9882789648000012
3SE4_B_C,-1.773934608139033,-0.4703262160000014
3SE4_B_C,0.9741317412411252,0.14732945360000016
3SE4_B_C,-1.9013136547500047,-0.5680821199999996
3SE4_B_C,-1.400775562410928,-0.8076711000000014
3SEK_B_C,-2.885823147665928,-1.5876479799999985
3SEK_B_C,-4.45350658153835,-3.633047799999998
3SEK_B_C,-4.45350658153835,-1.4319472
3SEK_B_C,-4.213408828472919,-3.2161316999999996
3SEK_B_C,-2.6795719733993177,-3.3408334000000033
3SEK_B_C,-2.228267754223904,-1.442745959999996
3SEK_B_C,-3.4071310160188624,-2.475690359999995
3SF4_A_D,-2.363917359689476,-2.3627193200000067
3SF4_A_D,-1.22514883841969,0.003903667999996155
3SF4_A_D,-3.072281935113576,-1.919484339999999
3SF4_A_D,-1.9254865588149048,-4.980957720000001
3SF4_A_D,-0.4104498198934667,-2.1729942400000013
3WWN_A_B,0.3760715166738482,-3.5427310800000003
3WWN_A_B,-1.4451883614918328,-0.5512790599999999
3WWN_A_B,-0.1746825747091644,-1.1210533799999993
4B0M_A_BM,-0.2975732267777111,-0.40862206000000134
4B0M_A_BM,-0.4055356512779768,-0.49859142000000073
4B0M_A_BM,-0.7576937962001065,-0.8648233799999998
4B0M_A_BM,-1.9148139598636096,-0.9434296099999969
4B0M_A_BM,-1.9932820278790715,-1.0631785600000008
4B0M_A_BM,-2.0715078349167424,-1.8177769439999971
4B0M_A_BM,-1.6521084151532195,-0.6268726440000008
4B0M_A_BM,-2.203643163481908,-0.5246700699999997
4B0M_A_BM,-1.9080242418434112,-3.0418655999999995
4B0M_A_BM,-0.4297085553428754,-2.2382274399999993
4B0M_A_BM,-0.4414347587165492,-3.567157519999999
4CPA_A_I,-2.5948342479259647,-0.3226525199999999
4CPA_A_I,-0.5017307491766836,-1.32545598
4CPA_A_I,-0.0,-0.24000076400000042
4CPA_A_I,-3.732843110438976,-1.14940828
4CPA_A_I,-2.324362969534924,-0.9493740800000003
4CPA_A_I,-1.2787470627722115,-0.8671572640000003
4CPA_A_I,-0.1992433537834816,-0.15609912800000028
4CPA_A_I,-0.0,-1.236135068
4CVW_A_C,-1.2206797310199595,-0.609126794000002
4CVW_A_C,-3.046138467101379,-2.6702844
4CVW_A_C,-1.8278039031850923,-3.5260251999999994
4CVW_A_C,-2.0764220035322314,-1.9765719099999985
4CVW_A_C,-1.4899535288821948,-0.4115348239999984
4CVW_A_C,-2.726969576491129,-1.9587023200000013
4CVW_A_C,-0.3353933005713383,-0.4171014020000021
4CVW_A_C,-4.918361825006754,-1.8143583199999993
4CVW_A_C,-7.741567622624474,-3.5348593999999975
4E6K_AB_G,-2.557503141758267,-0.9824486959999994
4E6K_AB_G,-2.641689497503741,-2.34405106
4E6K_AB_G,-3.040112302539895,-0.48650880000000024
4E6K_AB_G,-0.689550870885939,-0.4153718800000013
4E6K_AB_G,-0.4966797684802735,-1.337089540000001
4E6K_AB_G,-1.8833178211205004,-2.8515318799999996
4FTV_ABC_DE,1.5787766559782392,-0.49234714800000123
4FTV_ABC_DE,-0.36093737912626,-0.47458029999999796
4FTV_ABC_DE,2.129387246616898,-0.6318903400000017
4FTV_ABC_DE,-1.0137542176971932,-2.3096017200000007
4FTV_ABC_DE,-3.8247920408795744,-2.265599879999999
4FTV_ABC_DE,-1.4011800346916452,-2.3280223999999983
4FTV_ABC_DE,0.0045376001324051,-2.4038314400000007
4FTV_ABC_DE,-1.3309662071320565,-0.12823996199999838
4FTV_ABC_DE,-1.85413473347998,-2.4367276800000006
4FTV_ABC_DE,-3.958319036171528,-3.302649779999999
4FTV_ABC_DE,-3.649631019517617,-3.3153600000000014
4FTV_ABC_DE,-3.617614902515456,-2.1018035999999976
4FTV_ABC_DE,-0.5059453856143126,-0.05993921199999988
4FTV_ABC_DE,-0.0564382965578769,0.04398388139999844
4FTV_ABC_DE,-0.4104498198934649,0.052513172000001156
4FZA_A_B,-0.542585148458631,-1.6580037799999987
4FZA_A_B,-1.2701441910781757,-2.619572679999999
4FZA_A_B,-1.0273799314561671,-2.283954420000001
4FZA_A_B,-0.4251983247152608,-0.5294938200000006
4G0N_A_B,-1.7001279257726214,-1.4584599599999988
4G0N_A_B,-0.1004187859907457,-0.23680301200000015
4G0N_A_B,-1.7001279257726214,-1.2912573399999983
4G0N_A_B,-2.001272142572807,-0.9365809799999965
4G0N_A_B,-1.5005232283983272,-0.7918689320000005
4G0N_A_B,-1.0000912735810168,-0.9617789839999991
4G0N_A_B,-2.2001163676742053,-1.229817079999999
4G0N_A_B,-0.1004187859907457,-1.0039495400000016
4G0N_A_B,-0.9000121781144141,-0.4120217679999994
4G0N_A_B,0.3002988580530878,-0.03772065759999908
4G0N_A_B,-0.5015440709516454,-0.5394329399999983
4G0N_A_B,-1.100152253066934,-0.8515777199999977
4G0N_A_B,-1.8005416912361785,-0.8095896000000021
4G0N_A_B,-1.8005416912361785,-2.093459297999999
4G0N_A_B,-3.299505972846071,-1.8241633799999986
4G0N_A_B,-0.3003045671780491,0.20281334440000257
4G0N_A_B,0.5997833454114367,-0.4683702340000013
4G0N_A_B,-2.2001163676742053,-1.2008215420000006
4G0N_A_B,-1.6026127577160345,-1.3729762700000012
4G0N_A_B,-0.3003045671780491,-1.4872342200000008
4G0N_A_B,-0.1989121706612806,-1.0429666599999985
4G0N_A_B,-2.2001163676742053,-1.9895625399999983
4G0N_A_B,-1.6026127577160345,-1.320089180000001
4G0N_A_B,-2.1001573736339587,-1.3137050399999994
4G0N_A_B,-2.5997484654057583,-2.257714759999998
4G0N_A_B,-2.700140698515571,-1.4616403599999992
4G0N_A_B,-4.398421201409822,-2.286555879999999
4G0N_A_B,-3.099804154164766,-1.4840354800000006
4G0N_A_B,-2.700140698515571,-1.865265100000001
4G0N_A_B,-2.400330057174804,-2.342388140000001
4G0N_A_B,-2.8998214734828576,-2.811263899999999
4G0N_A_B,-2.79988403226978,-2.8386225800000005
4G0N_A_B,-3.499444842020276,-3.2921559799999978
4G0N_A_B,-4.598549346867148,-3.3913968799999985
4G0N_A_B,-3.099804154164766,-2.0312135400000004
4G0N_A_B,-2.1001573736339587,-1.0656363199999994
4G0N_A_B,-2.300419808692832,-0.9172447399999963
4G0N_A_B,-2.001272142572807,-0.5709812020000022
4G0N_A_B,0.5997833454114367,-0.6999107040000003
4G0N_A_B,-1.3000911222411364,-1.7137634800000008
4G0N_A_B,-0.0,-0.22294950000000038
4G0N_A_B,-1.6026127577160345,-1.2815808999999974
4G0N_A_B,-1.8005416912361785,-0.9385907239999971
4G0N_A_B,-1.100152253066934,-0.7821065979999983
4G0N_A_B,-0.5516258419246967,0.22297005440000042
4G0N_A_B,0.6979451760507089,0.9590715200000028
4G0N_A_B,0.2874953561572422,0.9708079500000016
4G0N_A_B,-0.3630522168016536,1.3136856359999993
4G0N_A_B,-0.6031499698670846,0.8094918120000004
4G0N_A_B,-1.817817934330436,-0.46892477000000143
4G0N_A_B,-3.602233416425805,-0.3405972560000014
4G0N_A_B,1.1083949959441757,1.4868186600000026
4G0N_A_B,1.2787470627722115,2.4170687000000006
4G0N_A_B,-2.0987700866778143,0.48458690599999804
4G0N_A_B,-2.5775016763160083,0.8643712999999994
4G0N_A_B,-1.966634758112649,1.8677167999999997
4G0N_A_B,0.3665664937020629,0.6138978520000001
4G0N_A_B,0.641506879492832,1.3886379440000018
4G0N_A_B,1.7300512819476277,2.0130511199999996
4G0N_A_B,-1.3219130612929837,-0.18445092200000185
4G0N_A_B,-1.8080599131937376,0.31751015800000176
4G0N_A_B,-1.8312846122206488,-0.10744422559999958
4G0N_A_B,-1.916022337694004,0.5917549160000015
4G0N_A_B,-3.419485667441995,-1.2846282400000006
4G0N_A_B,-5.063229625018816,-1.7520019599999992
4G0N_A_B,-5.355929129471801,-5.688673059999999
4G0N_A_B,-5.355929129471801,-4.439779499999999
4JFD_ABC_DE,6.514936545834623,0.5706455000000004
4JFD_ABC_DE,-0.8042181445698855,0.06759159999999875
4JFD_ABC_DE,-0.0770114696606469,0.18855449999999963
4JFD_ABC_DE,0.0885458023895573,-0.11748042000000103
4JFD_ABC_DE,0.319168890610249,0.08888823999999806
4JFD_ABC_DE,-0.0162244099610893,0.7615700399999996
4JFE_ABC_DE,6.426390743445065,0.519734619999997
4JFE_ABC_DE,-0.8927639469594428,0.03665470000000204
4JFE_ABC_DE,-0.0885458023895573,-0.6053531000000036
4JFE_ABC_DE,-0.1655572720502043,0.23345996000000271
4JFE_ABC_DE,0.2306230882206916,-0.1683548799999992
4JFE_ABC_DE,-0.1047702123506466,0.5601076399999994
4JFF_ABC_DE,-7.319154690404508,-0.39365713000000013
4JFF_ABC_DE,-6.514936545834623,-1.0399797600000016
4JFF_ABC_DE,-6.591948015495269,-0.3959982479999977
4JFF_ABC_DE,-6.426390743445065,-0.5605427799999987
4JFF_ABC_DE,-6.195767655224373,-0.6309825480000036
4JFF_ABC_DE,-6.531160955795712,-0.15657031879999933
4L3E_ABC_DE,-3.5416685950173523,-2.6455405799999996
4L3E_ABC_DE,-1.3010951459177935,-0.06725829600000022
4L3E_ABC_DE,-2.2272093912617423,0.27526223800000066
4L3E_ABC_DE,-3.807383591454201,0.34349105999999946
4L3E_ABC_DE,-4.43851454230239,-1.4080355400000002
4L3E_ABC_DE,-2.783407873049008,-1.2696269599999992
4L3E_ABC_DE,-4.368768856064996,-1.3579715400000012
4L3E_ABC_DE,-0.467762790051581,-2.346857300000001
4L3E_ABC_DE,-1.258403897021216,0.08519805199999961
4L3E_ABC_DE,-1.0899650916950954,-2.4380801000000014
4L3E_ABC_DE,-1.2169059651058962,-0.7640334199999995
4L3E_ABC_DE,-1.0911330575924527,-0.9225073600000002
4MNQ_ABC_DE,-5.818223740509045,-2.8424352599999985
4MNQ_ABC_DE,-0.92266144302649,-1.8092557799999995
4MNQ_ABC_DE,-0.8971885298341924,-1.1213081600000006
4MNQ_ABC_DE,-1.5188448158376442,-1.2070099399999994
4MNQ_ABC_DE,-0.2595143751761402,0.9808941399999989
4MNQ_ABC_DE,-3.630629798279571,-3.156573419999998
4MNQ_ABC_DE,-4.245814392328772,-2.87675922
4MNQ_ABC_DE,-4.933153543007757,-1.7941794999999985
4MNQ_ABC_DE,-4.940245291479076,-1.1155887420000021
4MNQ_ABC_DE,-5.099927629646672,-3.3040138400000014
4MNQ_ABC_DE,-5.42356562765665,-2.47641558
4MNQ_ABC_DE,-4.667543675537233,-2.9372163199999974
4MNQ_ABC_DE,-4.146892661294574,-1.7410988199999968
4MNQ_ABC_DE,-4.386990414360004,-0.8075036000000013
4N8V_G_ABC,-0.5877626342748625,-0.2549609800000004
4N8V_G_ABC,-0.5152921186669541,0.12998018999999925
4N8V_G_ABC,-0.1202810780681264,-0.9274920500000006
4NZW_A_B,-0.0759789429479571,-1.0008874800000003
4NZW_A_B,-0.325305255572303,-0.4649815419999998
4NZW_A_B,-0.3569999864500506,-0.2930268179999998
4O27_A_B,-1.1947096968360815,-3.1796512200000002
4O27_A_B,-1.024357630008046,-1.1959126199999985
4O27_A_B,-0.3712848765926093,-2.1900118799999997
4O27_A_B,-0.3015391903552142,-0.6577060040000007
4OZG_ABJ_GH,0.0704208415111491,0.3309304839999997
4OZG_ABJ_GH,-1.7139186859195448,-1.036348678000001
4OZG_ABJ_GH,-1.7139186859195448,-0.35685795599999914
4OZG_ABJ_GH,-1.165696820166139,-1.2941101999999973
4OZG_ABJ_GH,0.6359590305083564,-0.08393287999999997
4OZG_ABJ_GH,-0.7912507318301758,-0.3608720849600009
4OZG_ABJ_GH,0.1091064043812393,-0.089051514
4OZG_ABJ_GH,-1.4100012806258464,-2.0182528000000026
4OZG_ABJ_GH,-1.7139186859195448,-1.5060066200000002
4OZG_ABJ_GH,-0.8682847166419521,-1.8097626400000029
4OZG_ABJ_GH,-1.6215759108907797,-1.9301106020000045
4OZG_ABJ_GH,-0.5245696899066594,-0.9536145119999986
4P23_CD_AB,-1.193132721417529,-0.49693320000000063
4P23_CD_AB,-0.9912517066149702,-0.2561940499999986
4P23_CD_AB,-0.9724515904628062,-0.5087097859999976
4P23_CD_AB,-0.9530349683520988,-0.26835231200000026
4P23_CD_AB,-1.9100045287196303,-0.22134210800000126
4P23_CD_AB,-1.51120401408666,-0.40751978799999855
4P23_CD_AB,-1.1662119984093788,-0.8193555800000001
4P23_CD_AB,-0.6825636899610581,-0.09344838000000036
4P23_CD_AB,-0.6167009941600758,-0.3061820599999978
4P23_CD_AB,-1.1662119984093788,-0.9024457999999982
4P23_CD_AB,-0.6825636899610581,-0.43509623999999897
4P23_CD_AB,-2.229500124949034,-1.3283990960000003
4P23_CD_AB,-2.5670522099736752,-1.29036002
4P23_CD_AB,-0.0912809292832177,-0.7142353999999985
4P23_CD_AB,-0.1703520668280367,-0.032252502000000564
4P23_CD_AB,-0.1703520668280367,-0.09400559200000023
4P23_CD_AB,-2.07047065776234,-1.77573904
4P23_CD_AB,-0.0,-0.12952666800000132
4P23_CD_AB,-0.1703520668280367,-0.018001732000000832
4P5T_CD_AB,-1.1380088625130105,-0.5211176379999977
4P5T_CD_AB,-0.6167009941600758,-0.6794706199999995
4P5T_CD_AB,-0.0,-0.618100491999999
4P5T_CD_AB,-1.0094732649099765,-0.428764299999999
4P5T_CD_AB,-0.0,0.1430588260000007
4P5T_CD_AB,-1.4956201168107297,-0.4764241040000017
4P5T_CD_AB,-0.8682972428787448,-0.6269565719999994
4P5T_CD_AB,-1.0094732649099765,-0.7096832600000015
4P5T_CD_AB,-0.0,-0.14723291999999907
4P5T_CD_AB,-1.0609973928523635,-1.1074303640000007
4P5T_CD_AB,-1.6540090713122657,-0.9281194495999993
4P5T_CD_AB,-1.9905444241560133,0.7122788500000001
4P5T_CD_AB,-1.5484586824064772,-1.6913958799999969
4P5T_CD_AB,-0.0,-0.39292299999999997
4P5T_CD_AB,-0.2400977530654309,-0.4495499239999986
4P5T_CD_AB,-0.6167009941600758,0.09625925200000046
4P5T_CD_AB,-1.0094732649099765,-0.5258198180000015
4P5T_CD_AB,-2.0734538072437907,-1.5562730000000002
4P5T_CD_AB,-0.0,-0.7617426899999993
4P5T_CD_AB,-0.8208996397869335,-1.471444760000001
4P5T_CD_AB,-0.7956977972881756,-0.6208816800000005
4WND_A_B,-2.794442116291408,-2.643351480000001
4WND_A_B,0.0207794625734809,-0.8984545599999995
4WND_A_B,-3.855439509143771,-3.596181200000001
4X4M_AB_E,-0.6392249733175532,-0.3644710799999998
4X4M_AB_E,-1.7872419978185476,-0.33914922
4X4M_AB_E,-0.9530349683520978,-0.86431302
4YFD_A_B,-0.1593655936188849,-1.7388121999999981
4YFD_A_B,-1.2159106803857602,-2.09550476
4YFD_A_B,0.0358991074385723,-0.7515540040000002
4YFD_A_B,-0.172525111173849,-0.7925025200000019
4YFD_A_B,-1.1320317714801975,-3.485649340000003
4YFD_A_B,0.0546992235907364,-1.6281896399999995
4YFD_A_B,-1.4743428367050324,-2.0590572199999966
4YH7_A_B,-1.733080208857083,-1.2638756000000009
4YH7_A_B,-1.4376006339470084,-1.6978027199999988
4YH7_A_B,-1.0340766698442128,-2.0646665600000014
4YH7_A_B,-1.641799279573866,-1.36844336
4YH7_A_B,-1.733080208857083,-4.7698170000000015
4YH7_A_B,-1.590275151631479,-1.840696200000002
5E9D_AB_CDE,0.8993536288447341,0.17790659999999564
5E9D_AB_CDE,0.3489252674488412,0.3802663620000004
5E9D_AB_CDE,0.0356290258285554,-0.17764563799999977
5E9D_AB_CDE,1.309803448738199,-0.02336506300000048
5E9D_AB_CDE,1.2715867104753276,0.3508841400000022
5E9D_AB_CDE,2.474044883200284,0.10727185999999952
5E9D_AB_CDE,3.124592456159178,1.2587485599999988
5E9D_AB_CDE,2.635071498720894,0.5580617999999988
5E9D_AB_CDE,2.7580259624571184,0.9335726639999996
5TAR_A_B,-2.7295385780029457,-2.139691936
5TAR_A_B,-1.1259560366919503,-0.677327076
5TAR_A_B,-0.3841275344498367,-1.0024148879999997
5TAR_A_B,-0.1573371710639222,-0.25778365999999947
5UFE_A_B,-0.292275544745344,0.03507218117999904
5UFE_A_B,-0.0974710393401618,-0.00417391679999936
5UFE_A_B,0.9746138146466948,0.27096151240000005
5UFE_A_B,0.9220731132019432,0.0013933099999997103
5XCO_A_B,-1.0784792209828478,-2.321425500000007
5XCO_A_B,-2.746600786000343,-2.4848189000000014
5XCO_A_B,-1.3634847882455663,-0.8884533400000015
5XCO_A_B,-2.7959755325640003,-1.7453213799999996
5XCO_A_B,-1.2853633765173118,-1.1977573400000008
5XCO_A_B,-1.89937886076978,-3.0466873599999964
5XCO_A_B,-2.7959755325640003,-3.886251400000006
5XCO_A_B,-0.6348158035584159,-0.20749450199999894
5XCO_A_B,-0.0,-0.11684164000000019
5XCO_A_B,-2.4087504116974454,-2.583397340000003
5XCO_A_B,-2.7959755325640003,-2.805810960000002
5XCO_A_B,-2.6176749716321552,-1.1328202399999991
5XCO_A_B,-2.7959755325640003,-2.037845900000003
5XCO_A_B,-2.4631146118451905,-1.4020075000000018
5XCO_A_B,-2.7959755325640003,-3.296745819999998
5XCO_A_B,-2.7959755325640003,-4.205628820000004
5XCO_A_B,-1.7467043430853106,-0.46217719599999996
5XCO_A_B,-0.8595320705341951,-0.3866328279999992
5XCO_A_B,-2.452633737888851,-2.584757000000004
5XCO_A_B,-2.7959755325640003,-2.790892280000003
5XCO_A_B,-2.740129094046093,-1.1394928599999992
5XCO_A_B,-2.7959755325640003,-2.067957720000001
5XCO_A_B,-2.790024186794108,-1.4263283800000004
5XCO_A_B,-2.7959755325640003,-3.320755080000003
5XCO_A_B,-2.7959755325640003,-4.181274800000001
5XCO_A_B,-2.121255055540205,-0.5166160799999977
5XCO_A_B,-1.3221549542373996,-0.3626291159999977
