GPU,Model,M,cuSPARSELt 2:4 Latency (μs),Eff_2:6,Eff_2:8,Eff_2:10,Eff_2:12,Eff_2:14,Eff_2:16,Eff_2:∞
A100,Llama3.2-1B,64,9.45e+01,106.9%,111.1%,111.1%,113.2%,116.5%,118.9%,126.7%
A100,Llama3.2-1B,128,1.06e+02,108.8%,114.3%,115.4%,116.8%,120.1%,120.2%,127.9%
A100,Llama3.2-1B,256,1.53e+02,107.3%,111.0%,109.3%,108.4%,114.3%,112.4%,113.8%
A100,Llama3.2-1B,512,2.27e+02,105.3%,108.3%,107.1%,106.5%,108.3%,109.2%,112.8%
A100,Llama3.2-1B,1024,3.92e+02,97.5%,101.7%,99.9%,100.7%,101.2%,102.2%,106.0%
A100,Llama3.2-1B,2048,8.18e+02,98.6%,104.3%,100.9%,100.2%,101.9%,100.2%,104.3%
A100,Llama3.2-1B,4096,1.47e+03,91.3%,90.6%,89.1%,90.6%,89.7%,91.6%,92.6%
A100,Llama3.2-1B,8192,2.99e+03,96.6%,101.4%,93.8%,93.1%,95.8%,95.3%,95.2%
A100,Llama3.2-1B,16384,5.89e+03,92.5%,93.9%,92.5%,91.8%,95.6%,94.0%,93.9%
A100,BitNet-2B,64,9.53e+01,108.6%,114.4%,118.5%,121.0%,121.9%,121.9%,127.4%
A100,BitNet-2B,128,1.11e+02,106.1%,110.2%,113.2%,114.5%,116.6%,116.7%,118.4%
A100,BitNet-2B,256,1.41e+02,103.5%,107.1%,110.3%,107.7%,109.7%,109.8%,111.8%
A100,BitNet-2B,512,2.36e+02,103.5%,104.9%,107.4%,104.9%,105.5%,108.9%,109.1%
A100,BitNet-2B,1024,4.24e+02,102.0%,101.0%,103.5%,99.1%,99.7%,100.7%,99.3%
A100,BitNet-2B,2048,8.34e+02,100.6%,101.6%,100.1%,96.8%,100.6%,100.5%,100.6%
A100,BitNet-2B,4096,1.56e+03,94.6%,94.8%,96.0%,95.7%,95.1%,94.8%,95.5%
A100,BitNet-2B,8192,3.26e+03,95.7%,97.7%,97.7%,95.1%,96.6%,97.5%,98.0%
A100,BitNet-2B,16384,6.62e+03,98.9%,98.0%,98.0%,97.5%,99.1%,100.0%,99.3%
A100,Llama3.2-3B,64,1.28e+02,114.1%,112.2%,117.4%,113.9%,114.7%,114.6%,115.1%
A100,Llama3.2-3B,128,1.40e+02,107.9%,107.0%,111.1%,109.3%,110.3%,110.4%,112.1%
A100,Llama3.2-3B,256,2.14e+02,98.7%,101.3%,102.9%,100.6%,101.3%,104.5%,105.2%
A100,Llama3.2-3B,512,3.31e+02,103.4%,103.1%,103.4%,102.0%,100.3%,104.8%,104.8%
A100,Llama3.2-3B,1024,5.87e+02,99.6%,99.1%,93.8%,97.7%,96.3%,98.3%,95.1%
A100,Llama3.2-3B,2048,1.21e+03,102.2%,96.4%,96.6%,99.6%,95.7%,97.7%,96.1%
A100,Llama3.2-3B,4096,2.53e+03,99.8%,99.0%,98.0%,99.8%,96.8%,98.8%,99.3%
A100,Llama3.2-3B,8192,5.21e+03,102.8%,101.0%,101.1%,101.9%,100.0%,102.1%,101.4%
A100,Llama3.2-3B,16384,1.04e+04,101.2%,102.1%,102.1%,101.7%,99.7%,101.8%,102.1%
A100,Qwen2.5-7B,64,2.36e+02,104.5%,105.4%,104.9%,104.7%,107.7%,108.8%,109.5%
A100,Qwen2.5-7B,128,2.78e+02,104.7%,105.7%,107.4%,107.4%,109.3%,111.6%,111.4%
A100,Qwen2.5-7B,256,4.37e+02,101.0%,103.9%,101.7%,104.8%,102.9%,106.3%,107.1%
A100,Qwen2.5-7B,512,8.41e+02,101.7%,103.6%,103.6%,103.1%,103.6%,105.8%,100.7%
A100,Qwen2.5-7B,1024,1.70e+03,102.6%,102.7%,100.9%,100.0%,102.9%,102.3%,98.5%
A100,Qwen2.5-7B,2048,3.22e+03,101.7%,100.0%,98.4%,97.5%,97.8%,98.5%,97.8%
A100,Qwen2.5-7B,4096,6.24e+03,99.5%,100.0%,100.9%,97.8%,99.4%,98.9%,95.7%
A100,Qwen2.5-7B,8192,1.24e+04,98.3%,98.5%,100.4%,97.3%,100.1%,100.9%,92.0%
A100,Qwen2.5-7B,16384,2.47e+04,99.0%,100.4%,100.0%,99.3%,99.6%,100.4%,89.7%
A100,Qwen2.5-14B,64,2.64e+02,103.8%,105.4%,108.4%,107.6%,107.4%,108.5%,108.9%
A100,Qwen2.5-14B,128,3.06e+02,106.7%,109.4%,110.5%,110.8%,109.5%,110.6%,113.5%
A100,Qwen2.5-14B,256,5.06e+02,103.9%,103.7%,105.9%,104.2%,103.4%,106.8%,107.4%
A100,Qwen2.5-14B,512,9.06e+02,98.8%,99.7%,100.7%,100.2%,98.3%,100.3%,100.7%
A100,Qwen2.5-14B,1024,1.81e+03,99.8%,99.0%,99.0%,98.6%,94.5%,98.8%,98.0%
A100,Qwen2.5-14B,2048,3.49e+03,99.3%,98.9%,97.6%,99.3%,97.3%,99.3%,99.3%
A100,Qwen2.5-14B,4096,7.09e+03,100.0%,100.7%,99.4%,100.0%,99.2%,101.3%,100.0%
A100,Qwen2.5-14B,8192,1.42e+04,97.8%,98.2%,99.0%,99.5%,98.7%,100.7%,99.3%
A100,Qwen2.5-14B,16384,2.86e+04,99.3%,99.6%,98.1%,99.8%,97.6%,100.9%,100.7%
RTX4090,Llama3.2-1B,64,7.53e+01,105.1%,111.9%,119.3%,132.8%,122.0%,139.4%,130.5%
RTX4090,Llama3.2-1B,128,9.75e+01,108.9%,112.2%,119.7%,120.9%,124.3%,125.6%,117.6%
RTX4090,Llama3.2-1B,256,1.34e+02,105.6%,108.0%,107.6%,106.2%,103.1%,93.8%,109.5%
RTX4090,Llama3.2-1B,512,2.34e+02,104.0%,104.9%,104.5%,102.1%,103.1%,95.1%,101.7%
RTX4090,Llama3.2-1B,1024,4.51e+02,106.0%,107.9%,107.6%,107.2%,104.3%,107.5%,105.3%
RTX4090,Llama3.2-1B,2048,8.29e+02,102.7%,104.1%,103.2%,102.9%,99.3%,103.3%,101.6%
RTX4090,Llama3.2-1B,4096,1.63e+03,103.1%,103.8%,102.9%,100.0%,97.3%,102.2%,100.5%
RTX4090,Llama3.2-1B,8192,3.26e+03,101.8%,103.2%,102.4%,103.0%,102.3%,101.6%,101.1%
RTX4090,Llama3.2-1B,16384,6.51e+03,101.8%,103.2%,101.5%,102.2%,103.2%,103.5%,102.2%
RTX4090,Llama3.2-3B,64,9.70e+01,114.1%,88.9%,92.4%,88.5%,85.7%,89.3%,78.4%
RTX4090,Llama3.2-3B,128,1.35e+02,101.9%,92.2%,94.7%,83.3%,77.8%,79.5%,86.2%
RTX4090,Llama3.2-3B,256,2.12e+02,104.0%,104.7%,107.3%,91.6%,91.4%,102.9%,74.7%
RTX4090,Llama3.2-3B,512,3.87e+02,101.5%,102.3%,104.5%,94.7%,99.4%,103.4%,104.5%
RTX4090,Llama3.2-3B,1024,7.17e+02,100.9%,100.3%,101.7%,100.4%,101.3%,101.5%,102.8%
RTX4090,Llama3.2-3B,2048,1.36e+03,99.5%,97.6%,99.9%,97.9%,98.9%,100.0%,99.5%
RTX4090,Llama3.2-3B,4096,2.60e+03,98.3%,97.0%,98.6%,97.6%,98.7%,99.9%,99.0%
RTX4090,Llama3.2-3B,8192,5.24e+03,98.6%,96.4%,99.6%,93.5%,98.8%,97.3%,99.0%
RTX4090,Llama3.2-3B,16384,1.04e+04,98.1%,96.7%,97.5%,96.4%,97.5%,98.6%,98.5%
RTX4090,Qwen2.5-7B,64,2.91e+02,94.1%,98.3%,96.9%,96.3%,86.7%,97.2%,94.4%
RTX4090,Qwen2.5-7B,128,3.65e+02,98.9%,95.8%,95.0%,91.4%,85.2%,83.5%,86.5%
RTX4090,Qwen2.5-7B,256,6.72e+02,108.7%,110.8%,110.8%,107.7%,97.6%,109.0%,101.5%
RTX4090,Qwen2.5-7B,512,1.13e+03,103.1%,104.3%,102.1%,102.8%,102.1%,101.8%,86.5%
RTX4090,Qwen2.5-7B,1024,2.21e+03,100.7%,102.5%,101.3%,100.7%,101.1%,100.7%,100.7%
RTX4090,Qwen2.5-7B,2048,4.30e+03,100.7%,102.5%,101.3%,100.7%,101.1%,99.5%,100.7%
RTX4090,Qwen2.5-7B,4096,8.49e+03,101.0%,102.9%,100.6%,101.2%,99.2%,101.3%,101.4%
RTX4090,Qwen2.5-7B,8192,1.65e+04,100.5%,102.7%,100.8%,101.6%,101.0%,100.7%,100.0%
RTX4090,Qwen2.5-7B,16384,3.30e+04,101.4%,102.7%,100.8%,101.6%,101.0%,100.7%,100.0%
RTX4090,Qwen2.5-14B,64,3.08e+02,95.4%,94.7%,94.3%,86.8%,92.9%,93.9%,85.3%
RTX4090,Qwen2.5-14B,128,3.74e+02,100.8%,99.7%,100.0%,99.4%,99.4%,97.4%,96.6%
RTX4090,Qwen2.5-14B,256,6.66e+02,106.8%,104.3%,102.8%,104.9%,107.9%,100.8%,102.0%
RTX4090,Qwen2.5-14B,512,1.24e+03,105.1%,103.3%,101.7%,104.9%,104.4%,100.8%,103.3%
RTX4090,Qwen2.5-14B,1024,2.36e+03,103.5%,100.7%,100.0%,104.2%,102.6%,81.7%,101.3%
RTX4090,Qwen2.5-14B,2048,4.62e+03,103.2%,101.6%,100.1%,104.3%,104.0%,99.4%,101.9%
RTX4090,Qwen2.5-14B,4096,8.75e+03,102.1%,100.9%,99.8%,101.9%,100.5%,99.4%,100.0%
RTX4090,Qwen2.5-14B,8192,1.76e+04,102.9%,100.9%,100.7%,100.8%,103.7%,99.4%,101.2%
RTX4090,Qwen2.5-14B,16384,3.52e+04,102.9%,100.9%,101.7%,102.9%,102.6%,99.4%,101.2%
H100,Llama3.2-1B,64,,,,,,,,
H100,Llama3.2-1B,128,,,,,,,,
H100,Llama3.2-1B,256,,,,,,,,
H100,Llama3.2-1B,512,,,,,,,,
H100,Llama3.2-1B,1024,,,,,,,,
H100,Llama3.2-1B,2048,,,,,,,,
H100,Llama3.2-1B,4096,,,,,,,,
H100,Llama3.2-1B,8192,,,,,,,,
H100,Llama3.2-1B,16384,,,,,,,,
H100,Llama3.2-3B,64,,,,,,,,
H100,Llama3.2-3B,128,,,,,,,,
H100,Llama3.2-3B,256,,,,,,,,
H100,Llama3.2-3B,512,,,,,,,,
H100,Llama3.2-3B,1024,,,,,,,,
H100,Llama3.2-3B,2048,,,,,,,,
H100,Llama3.2-3B,4096,,,,,,,,
H100,Llama3.2-3B,8192,,,,,,,,
H100,Llama3.2-3B,16384,,,,,,,,
H100,Qwen2.5-7B,64,,,,,,,,
H100,Qwen2.5-7B,128,,,,,,,,
H100,Qwen2.5-7B,256,,,,,,,,
H100,Qwen2.5-7B,512,,,,,,,,
H100,Qwen2.5-7B,1024,,,,,,,,
H100,Qwen2.5-7B,2048,,,,,,,,
H100,Qwen2.5-7B,4096,,,,,,,,
H100,Qwen2.5-7B,8192,,,,,,,,
H100,Qwen2.5-7B,16384,,,,,,,,
H100,Qwen2.5-14B,64,,,,,,,,
H100,Qwen2.5-14B,128,,,,,,,,
H100,Qwen2.5-14B,256,,,,,,,,
H100,Qwen2.5-14B,512,,,,,,,,
H100,Qwen2.5-14B,1024,,,,,,,,
H100,Qwen2.5-14B,2048,,,,,,,,
H100,Qwen2.5-14B,4096,,,,,,,,
H100,Qwen2.5-14B,8192,,,,,,,,
H100,Qwen2.5-14B,16384,,,,,,,,
B200,Llama3.2-1B,64,3.92e+01,121.0%,136.1%,134.8%,,,,
B200,Llama3.2-1B,128,4.13e+01,125.3%,136.4%,130.9%,,,,
B200,Llama3.2-1B,256,4.40e+01,119.8%,122.0%,120.7%,,,,
B200,Llama3.2-1B,512,5.20e+01,112.3%,119.3%,115.9%,,,,
B200,Llama3.2-1B,1024,7.37e+01,106.1%,110.6%,107.4%,,,,
B200,Llama3.2-1B,2048,1.18e+02,104.6%,107.3%,105.6%,,,,
B200,Llama3.2-1B,4096,2.13e+02,103.6%,106.4%,101.6%,,,,
B200,Llama3.2-1B,8192,4.09e+02,101.3%,104.4%,101.3%,,,,
B200,Llama3.2-1B,16384,7.80e+02,100.6%,102.1%,100.1%,,,,
B200,Llama3.2-3B,64,4.13e+01,113.8%,124.6%,129.2%,,,,
B200,Llama3.2-3B,128,4.41e+01,114.0%,119.1%,120.9%,,,,
B200,Llama3.2-3B,256,5.16e+01,115.2%,120.5%,115.2%,,,,
B200,Llama3.2-3B,512,6.79e+01,107.1%,110.6%,109.8%,,,,
B200,Llama3.2-3B,1024,1.10e+02,107.7%,108.9%,107.9%,,,,
B200,Llama3.2-3B,2048,1.86e+02,103.1%,106.4%,104.4%,,,,
B200,Llama3.2-3B,4096,3.25e+02,101.8%,101.8%,99.9%,,,,
B200,Llama3.2-3B,8192,6.44e+02,102.5%,103.1%,102.0%,,,,
B200,Llama3.2-3B,16384,1.25e+03,103.4%,101.2%,101.3%,,,,
B200,Qwen2.5-7B,64,6.93e+01,109.2%,111.7%,109.5%,,,,
B200,Qwen2.5-7B,128,7.81e+01,111.8%,112.5%,116.5%,,,,
B200,Qwen2.5-7B,256,8.68e+01,101.7%,107.9%,110.5%,,,,
B200,Qwen2.5-7B,512,1.29e+02,105.7%,108.9%,110.2%,,,,
B200,Qwen2.5-7B,1024,2.08e+02,103.9%,107.1%,108.1%,,,,
B200,Qwen2.5-7B,2048,3.79e+02,99.8%,102.1%,103.1%,,,,
B200,Qwen2.5-7B,4096,7.26e+02,96.6%,101.7%,103.0%,,,,
B200,Qwen2.5-7B,8192,1.40e+03,97.4%,102.2%,99.3%,,,,
B200,Qwen2.5-7B,16384,2.89e+03,97.0%,99.2%,96.9%,,,,
B200,Qwen2.5-14B,64,7.30e+01,100.9%,106.6%,107.4%,,,,
B200,Qwen2.5-14B,128,8.15e+01,104.4%,110.1%,110.8%,,,,
B200,Qwen2.5-14B,256,1.04e+02,106.9%,111.1%,111.1%,,,,
B200,Qwen2.5-14B,512,1.49e+02,106.1%,109.5%,110.9%,,,,
B200,Qwen2.5-14B,1024,2.49e+02,102.6%,104.6%,105.3%,,,,
B200,Qwen2.5-14B,2048,4.49e+02,100.6%,100.3%,101.1%,,,,
B200,Qwen2.5-14B,4096,8.63e+02,99.4%,98.5%,98.5%,,,,
B200,Qwen2.5-14B,8192,1.69e+03,100.2%,99.2%,98.5%,,,,
B200,Qwen2.5-14B,16384,3.39e+03,94.4%,94.4%,95.3%,,,,
RTX5080,Llama3.2-1B,64,8.60e+01,104.7%,112.8%,117.7%,118.5%,121.8%,121.5%,102.5%
RTX5080,Llama3.2-1B,128,1.21e+02,105.6%,108.3%,108.9%,111.1%,113.1%,111.8%,109.7%
RTX5080,Llama3.2-1B,256,2.01e+02,104.9%,106.0%,106.7%,107.8%,108.6%,108.5%,108.0%
RTX5080,Llama3.2-1B,512,3.51e+02,102.5%,105.0%,104.0%,105.2%,106.1%,106.1%,107.5%
RTX5080,Llama3.2-1B,1024,6.44e+02,101.8%,103.8%,103.2%,104.5%,105.5%,105.6%,106.5%
RTX5080,Llama3.2-1B,2048,1.23e+03,101.7%,103.2%,102.7%,104.0%,104.0%,104.2%,105.2%
RTX5080,Llama3.2-1B,4096,2.36e+03,101.3%,102.2%,101.0%,102.4%,102.5%,102.7%,103.9%
RTX5080,Llama3.2-1B,8192,4.60e+03,101.8%,103.0%,101.1%,102.6%,102.7%,102.9%,102.2%
RTX5080,Llama3.2-1B,16384,9.02e+03,100.5%,101.9%,100.1%,100.7%,101.8%,102.0%,100.5%
RTX5080,BitNet-2B,64,8.36e+01,111.0%,116.8%,117.8%,114.8%,110.9%,106.9%,97.0%
RTX5080,BitNet-2B,128,1.20e+02,104.2%,106.3%,107.0%,107.1%,103.3%,102.0%,100.7%
RTX5080,BitNet-2B,256,2.03e+02,104.2%,105.0%,106.0%,105.2%,105.0%,105.0%,106.2%
RTX5080,BitNet-2B,512,3.68e+02,102.6%,103.0%,104.1%,103.6%,103.5%,104.6%,103.0%
RTX5080,BitNet-2B,1024,6.80e+02,101.7%,102.8%,102.5%,102.2%,101.3%,101.5%,102.8%
RTX5080,BitNet-2B,2048,1.32e+03,101.8%,103.0%,102.9%,102.6%,102.7%,102.9%,103.3%
RTX5080,BitNet-2B,4096,2.63e+03,100.7%,101.9%,102.6%,102.4%,100.6%,101.8%,101.1%
RTX5080,BitNet-2B,8192,5.18e+03,101.1%,102.4%,102.4%,101.3%,100.5%,101.6%,101.1%
RTX5080,BitNet-2B,16384,1.02e+04,100.9%,101.6%,101.6%,100.5%,99.8%,100.0%,99.5%
RTX5080,Llama3.2-3B,64,1.17e+02,89.9%,95.1%,92.3%,95.2%,95.0%,97.0%,97.1%
RTX5080,Llama3.2-3B,128,1.70e+02,99.1%,101.9%,102.6%,102.6%,103.3%,104.3%,105.1%
RTX5080,Llama3.2-3B,256,2.99e+02,100.6%,101.9%,101.6%,101.7%,100.3%,99.1%,98.1%
RTX5080,Llama3.2-3B,512,5.48e+02,102.4%,103.4%,102.4%,101.6%,100.3%,99.2%,95.1%
RTX5080,Llama3.2-3B,1024,9.98e+02,101.7%,101.7%,101.2%,99.8%,97.8%,96.9%,92.7%
RTX5080,Llama3.2-3B,2048,1.91e+03,101.3%,100.8%,100.5%,99.3%,96.5%,96.6%,91.8%
RTX5080,Llama3.2-3B,4096,3.76e+03,99.5%,98.9%,98.6%,98.2%,94.5%,94.6%,91.9%
RTX5080,Llama3.2-3B,8192,7.40e+03,99.3%,98.9%,97.9%,97.5%,94.8%,94.0%,91.5%
RTX5080,Llama3.2-3B,16384,1.47e+04,100.0%,98.9%,96.2%,96.6%,93.0%,94.0%,92.6%
RTX5080,Qwen2.5-7B,64,3.08e+02,97.1%,97.1%,99.0%,95.4%,98.1%,97.1%,98.3%
RTX5080,Qwen2.5-7B,128,3.53e+02,96.9%,97.7%,97.7%,95.9%,97.7%,97.7%,97.7%
RTX5080,Qwen2.5-7B,256,6.80e+02,102.3%,100.0%,98.6%,95.4%,99.2%,99.1%,98.1%
RTX5080,Qwen2.5-7B,512,1.28e+03,101.4%,99.4%,98.2%,96.1%,98.9%,97.7%,96.9%
RTX5080,Qwen2.5-7B,1024,2.47e+03,100.2%,100.0%,99.9%,97.0%,99.7%,98.6%,97.0%
RTX5080,Qwen2.5-7B,2048,4.83e+03,100.6%,100.6%,99.6%,96.8%,99.6%,98.5%,95.8%
RTX5080,Qwen2.5-7B,4096,9.47e+03,100.2%,101.2%,100.4%,98.6%,99.4%,98.4%,95.9%
RTX5080,Qwen2.5-7B,8192,1.89e+04,101.0%,101.2%,100.4%,99.6%,100.4%,99.4%,95.9%
RTX5080,Qwen2.5-7B,16384,3.76e+04,101.0%,101.2%,101.3%,98.6%,100.4%,99.4%,95.9%
RTX5080,Qwen2.5-14B,64,3.46e+02,99.1%,98.4%,99.7%,101.1%,97.4%,97.5%,92.9%
RTX5080,Qwen2.5-14B,128,4.19e+02,98.6%,99.4%,99.4%,101.6%,98.4%,100.4%,98.2%
RTX5080,Qwen2.5-14B,256,7.68e+02,97.9%,98.1%,97.8%,98.8%,98.4%,98.3%,98.8%
RTX5080,Qwen2.5-14B,512,1.44e+03,96.3%,97.6%,96.6%,97.6%,97.4%,97.3%,97.0%
RTX5080,Qwen2.5-14B,1024,2.81e+03,95.9%,97.4%,95.4%,97.5%,97.2%,97.2%,97.1%
RTX5080,Qwen2.5-14B,2048,5.55e+03,94.8%,96.2%,94.3%,96.3%,96.1%,96.1%,96.0%
RTX5080,Qwen2.5-14B,4096,1.10e+04,95.9%,96.5%,93.6%,96.5%,95.2%,96.2%,95.9%
RTX5080,Qwen2.5-14B,8192,2.19e+04,94.6%,95.9%,94.0%,95.9%,94.7%,95.6%,96.5%
RTX5080,Qwen2.5-14B,16384,4.37e+04,94.6%,95.9%,94.0%,95.9%,95.7%,95.6%,96.5%
GB10,Llama3.2-1B,64,2.19e+02,80.5%,81.1%,69.2%,63.8%,70.3%,80.4%,73.9%
GB10,Llama3.2-1B,128,2.62e+02,86.5%,81.2%,67.9%,65.9%,72.8%,78.5%,76.1%
GB10,Llama3.2-1B,256,5.09e+02,88.9%,91.2%,73.3%,75.0%,84.3%,89.0%,86.7%
GB10,Llama3.2-1B,512,1.01e+03,93.3%,95.0%,78.2%,74.1%,89.5%,95.3%,88.9%
GB10,Llama3.2-1B,1024,1.96e+03,97.0%,95.5%,74.8%,73.6%,86.8%,97.7%,88.3%
GB10,Llama3.2-1B,2048,3.85e+03,93.5%,93.5%,74.8%,71.4%,86.8%,90.9%,90.9%
GB10,Llama3.2-1B,4096,7.78e+03,94.7%,92.8%,77.9%,72.4%,90.2%,96.7%,89.5%
GB10,Llama3.2-1B,8192,1.51e+04,90.1%,89.2%,73.5%,72.1%,85.7%,92.2%,86.5%
GB10,Llama3.2-1B,16384,3.12e+04,99.0%,100.7%,77.7%,73.8%,90.6%,97.5%,91.4%
GB10,Llama3.2-3B,64,4.14e+02,88.7%,82.8%,85.3%,75.5%,65.5%,80.1%,79.2%
GB10,Llama3.2-3B,128,5.03e+02,92.3%,91.5%,86.2%,82.4%,68.8%,87.5%,86.8%
GB10,Llama3.2-3B,256,8.96e+02,88.1%,91.5%,92.2%,86.2%,71.2%,91.9%,89.8%
GB10,Llama3.2-3B,512,1.73e+03,93.5%,94.8%,92.0%,84.3%,69.0%,84.5%,87.4%
GB10,Llama3.2-3B,1024,3.56e+03,95.8%,90.8%,87.9%,86.9%,70.0%,91.2%,90.1%
GB10,Llama3.2-3B,2048,6.73e+03,93.7%,91.2%,90.8%,85.6%,69.5%,89.9%,86.5%
GB10,Llama3.2-3B,4096,1.34e+04,92.5%,91.8%,88.5%,82.4%,66.6%,88.5%,87.1%
GB10,Llama3.2-3B,8192,2.63e+04,91.6%,92.2%,88.7%,86.3%,68.2%,90.7%,86.7%
GB10,Llama3.2-3B,16384,5.41e+04,95.0%,95.6%,90.0%,83.3%,68.6%,91.9%,87.5%
GB10,Qwen2.5-7B,64,1.25e+03,98.8%,97.1%,96.0%,,,,
GB10,Qwen2.5-7B,128,1.36e+03,99.6%,96.3%,95.8%,,,,
GB10,Qwen2.5-7B,256,2.49e+03,99.0%,99.5%,96.6%,,,,
GB10,Qwen2.5-7B,512,4.73e+03,96.5%,96.7%,94.7%,,,,
GB10,Qwen2.5-7B,1024,9.20e+03,94.1%,94.9%,94.1%,,,,
GB10,Qwen2.5-7B,2048,1.79e+04,96.1%,97.1%,94.1%,,,,
GB10,Qwen2.5-7B,4096,3.65e+04,98.1%,97.9%,95.6%,,,,
GB10,Qwen2.5-7B,8192,7.22e+04,97.7%,97.2%,96.9%,,,,
GB10,Qwen2.5-7B,16384,1.44e+05,97.1%,96.4%,96.0%,,,,
GB10,Qwen2.5-14B,64,1.53e+03,96.7%,97.4%,95.4%,,,,
GB10,Qwen2.5-14B,128,1.70e+03,101.5%,100.0%,99.6%,,,,
GB10,Qwen2.5-14B,256,3.20e+03,98.9%,98.4%,98.1%,,,,
GB10,Qwen2.5-14B,512,6.54e+03,102.6%,103.8%,100.9%,,,,
GB10,Qwen2.5-14B,1024,1.26e+04,98.4%,100.8%,97.0%,,,,
GB10,Qwen2.5-14B,2048,2.47e+04,97.9%,100.8%,97.5%,,,,
GB10,Qwen2.5-14B,4096,4.85e+04,97.4%,97.6%,96.5%,,,,
GB10,Qwen2.5-14B,8192,9.75e+04,98.4%,98.4%,97.0%,,,,
GB10,Qwen2.5-14B,16384,1.92e+05,96.2%,95.9%,94.4%,,,,
